step,N,sp,cache
1,1333,168,0
2,1333,168,0
3,1333,168,0
4,1333,168,0
5,1333,169,0
6,1333,169,0
7,1333,169,0
8,1333,169,0
9,1333,169,0
10,1333,169,0
11,1333,169,0
12,1333,169,0
13,1333,169,0
14,1333,169,0
15,1333,169,0
16,1333,169,0
17,1333,169,0
18,1333,169,0
19,1333,169,0
20,1333,169,0
21,1333,169,0
22,1333,169,0
23,1333,169,0
24,1333,169,0
25,1334,170,0
26,1334,170,0
27,1334,171,0
28,1334,171,0
29,1334,172,0
30,1334,172,0
31,1334,173,0
32,1334,174,0
33,1334,175,0
34,1334,175,0
35,1334,176,0
36,1334,177,0
37,1334,177,0
38,1334,178,0
39,1334,178,0
40,1334,179,0
41,1334,180,0
42,1334,180,0
43,1334,181,0
44,1334,182,0
45,1334,182,0
46,1334,183,0
47,1334,184,0
48,1334,185,0
49,1334,185,0
50,1334,186,0
51,1334,187,0
52,1334,187,0
53,1334,188,0
54,1334,192,0
55,1334,193,0
56,1334,193,0
57,1334,194,0
58,1334,195,0
59,1334,195,0
60,1334,196,0
61,1334,197,0
62,1334,197,0
63,1334,198,0
64,1334,199,0
65,1334,200,0
66,1334,200,0
67,1334,201,0
68,1334,202,0
69,1334,202,0
70,1334,203,0
71,1334,204,0
72,1334,204,0
73,1334,205,0
74,1334,206,0
75,1334,206,0
76,1334,207,0
77,1334,208,0
78,1334,208,0
79,1334,209,0
80,1334,210,0
81,1334,210,0
82,1334,211,0
83,1334,211,0
84,1334,212,0
85,1334,212,0
86,1334,213,0
87,1334,214,0
88,1334,214,0
89,1334,215,0
90,1334,216,0
91,1334,217,0
92,1334,218,0
93,1334,218,0
94,1334,219,0
95,1334,222,0
96,1334,224,0
97,1334,229,0
98,1334,227,0
99,1334,227,0
100,1334,234,0
101,1334,242,0
102,1334,245,0
103,1334,257,0
104,1334,274,0
105,1334,271,0
106,1334,258,0
107,1334,263,0
108,1334,285,0
109,1334,291,0
110,1334,291,0
111,1334,289,0
112,1334,304,0
113,1334,347,0
114,1334,304,0
115,1334,333,0
116,1334,331,0
117,1334,331,0
118,1334,371,0
119,1334,360,0
120,1334,360,0
121,1334,360,0
122,1334,343,0
123,1334,358,0
124,1334,358,0
125,1334,405,0
126,1334,450,0
127,1334,404,0
128,1334,354,0
129,1334,354,0
130,1334,423,0
131,1334,421,0
132,1334,421,0
133,1334,449,0
134,1334,449,0
135,1334,449,0
136,1334,527,0
137,1334,597,0
138,1334,533,0
139,1334,533,0
140,1334,637,0
141,1334,740,0
142,1334,636,0
143,1334,740,0
144,1334,740,0
145,1334,740,0
146,1334,875,0
147,1334,874,0
148,1334,872,0
149,1334,872,0
150,1334,1062,0
151,1334,1062,0
152,1334,1106,0
153,1334,1299,0
154,1334,1211,0
155,1334,1212,0
156,1334,1167,0
157,1334,1381,0
158,1334,1468,0
159,1334,1256,0
160,1334,1256,0
161,1334,1466,0
162,1334,1584,0
163,1334,1467,0
164,1334,1466,0
165,1334,1478,0
166,1334,1983,0
167,1334,1682,0
168,1334,1682,0
169,1334,1681,0
170,1334,2176,0
171,1334,2587,0
172,1334,2175,0
173,1334,2271,0
174,1334,2367,0
175,1334,2368,0
176,1334,2368,0
177,1334,2931,0
178,1334,3494,0
179,1334,3557,0
180,1334,4223,0
181,1334,5784,0
182,1334,5784,0
183,1334,5784,0
184,1334,7360,0
185,1334,7359,0
186,1334,7359,0
187,1334,7359,0
188,1334,10568,0
189,1334,9045,0
190,1334,9045,0
191,1334,11380,0
192,1334,11380,0
193,1334,11380,0
194,1334,16128,0
195,1334,14275,0
196,1334,14275,0
197,1334,17511,0
198,1334,17511,0
199,1334,20470,0
200,1334,27810,0
201,1334,23715,0
202,1334,24763,0
