base,rc,aig_written,seconds
netlists/MAIN/A_mul_u_w8__norm_pre,0,1,0.32
netlists/MAIN/A_mul_u_w8__booth_pre,0,1,0.38
netlists/MAIN/A_mul_u_w8__norm_rep,0,1,0.44
netlists/MAIN/A_mul_u_w8__booth,0,1,0.46
netlists/MAIN/A_mul_u_w8__norm,0,1,0.45
netlists/MAIN/A_mul_s_w8__norm,0,1,0.46
netlists/MAIN/A_mul_s_w8__norm_pre,0,1,0.33
netlists/MAIN/A_mul_s_w8__booth_pre,0,1,0.40
netlists/MAIN/A_mul_s_w8__booth,0,1,0.49
netlists/MAIN/A_mul_s_w8__booth_lp,0,1,0.48
netlists/MAIN/A_mul_s_w8__norm_rep,0,1,0.48
netlists/MAIN/A_mul_u_w12__norm,0,1,0.60
netlists/MAIN/A_mul_u_w12__booth,0,1,0.68
netlists/MAIN/A_mul_s_w12__booth,0,1,0.62
netlists/MAIN/A_mul_s_w12__norm,0,1,0.67
netlists/MAIN/A_mul_u_w16__norm_pre,0,1,0.50
netlists/MAIN/A_mul_u_w16__norm,0,1,0.77
netlists/MAIN/A_mul_u_w16__booth,0,1,0.79
netlists/MAIN/A_mul_u_w16__booth_pre,0,1,0.46
netlists/MAIN/A_mul_s_w16__norm_pre,0,1,0.50
netlists/MAIN/A_mul_s_w16__booth,0,1,0.63
netlists/MAIN/A_mul_s_w16__booth_pre,0,1,0.52
netlists/MAIN/A_mul_s_w16__norm,0,1,0.83
netlists/MAIN/A_mul_s_w16__booth_lp,0,1,1.16
netlists/MAIN/A_mul_u_w20__booth,0,1,0.98
netlists/MAIN/A_mul_s_w20__booth,0,1,1.13
netlists/MAIN/A_mul_s_w20__norm,0,1,1.64
netlists/MAIN/A_mul_u_w20__norm,0,1,2.15
netlists/MAIN/A_mul_u_w24__booth,0,1,1.53
netlists/MAIN/A_mul_u_w24__norm,0,1,2.15
netlists/MAIN/A_mul_s_w24__norm,0,1,1.72
netlists/MAIN/A_mul_s_w24__booth,0,1,1.70
netlists/MAIN/A_mul_u_w32__norm_pre,0,1,0.82
netlists/MAIN/A_mul_u_w32__booth_pre,0,1,0.99
netlists/MAIN/A_mul_u_w32__booth,0,1,1.89
netlists/MAIN/A_mul_s_w32__norm_pre,0,1,0.98
netlists/MAIN/A_mul_s_w32__booth_pre,0,1,1.03
netlists/MAIN/A_mul_u_w32__norm,0,1,2.87
netlists/MAIN/A_mul_s_w32__booth,0,1,1.86
netlists/MAIN/A_mul_s_w32__norm,0,1,5.77
netlists/MAIN/B_mac_u_w8__norm,0,1,0.41
netlists/MAIN/B_mac_u_w8__tree,0,1,0.48
netlists/MAIN/B_mac_u_w8__tree_nofma,0,1,0.41
netlists/MAIN/B_mac_u_w8__tree_fa,0,1,0.43
netlists/MAIN/B_mac_u_w8__tree_ripple,0,1,0.41
netlists/MAIN/B_mac_u_w8__tree_pre,0,1,0.29
netlists/MAIN/B_mac_u_w8__norm_pre,0,1,0.42
netlists/MAIN/B_mac_u_w8__booth,0,1,0.71
netlists/MAIN/B_mac_u_w8__tree_rep,0,1,0.81
netlists/MAIN/B_dot2_u_w8__norm,0,1,0.64
netlists/MAIN/B_dot2_u_w8__tree,0,1,0.57
netlists/MAIN/B_dot2_u_w8__tree_nofma,0,1,0.52
netlists/MAIN/B_dot2_u_w8__tree_fa,0,1,0.60
netlists/MAIN/B_dot2_u_w8__tree_ripple,0,1,0.55
netlists/MAIN/B_dot2_u_w8__tree_pre,0,1,0.63
netlists/MAIN/B_dot2_u_w8__norm_pre,0,1,0.39
netlists/MAIN/B_dot2_u_w8__tree_rep,0,1,0.49
netlists/MAIN/B_dot2c_u_w8__norm,0,1,0.56
netlists/MAIN/B_dot2c_u_w8__tree,0,1,0.71
netlists/MAIN/B_dot2c_u_w8__tree_nofma,0,1,0.52
netlists/MAIN/A_mul_s_w64__booth,0,1,14.79
netlists/MAIN/B_dot2c_u_w8__tree_ripple,0,1,0.57
netlists/MAIN/B_dot2c_u_w8__tree_fa,0,1,0.63
netlists/MAIN/B_dot2c_u_w8__tree_pre,0,1,0.40
netlists/MAIN/B_dot2c_u_w8__norm_pre,0,1,0.41
netlists/MAIN/B_mac_s_w8__norm,0,1,0.50
netlists/MAIN/B_dot2c_u_w8__tree_rep,0,1,0.60
netlists/MAIN/B_mac_s_w8__tree,0,1,0.41
netlists/MAIN/B_mac_s_w8__tree_nofma,0,1,0.48
netlists/MAIN/A_mul_s_w32__booth_lp,0,1,18.24
netlists/MAIN/B_mac_s_w8__tree_fa,0,1,0.50
netlists/MAIN/B_mac_s_w8__tree_ripple,0,1,0.47
netlists/MAIN/B_mac_s_w8__tree_pre,0,1,0.39
netlists/MAIN/B_mac_s_w8__norm_pre,0,1,0.30
netlists/MAIN/B_mac_s_w8__booth,0,1,0.44
netlists/MAIN/A_mul_u_w64__booth,0,1,18.47
netlists/MAIN/B_mac_s_w8__tree_rep,0,1,0.42
netlists/MAIN/B_dot2_s_w8__tree,0,1,0.57
netlists/MAIN/B_dot2_s_w8__norm,0,1,0.92
netlists/MAIN/B_dot2_s_w8__tree_fa,0,1,0.68
netlists/MAIN/B_dot2_s_w8__tree_nofma,0,1,1.03
netlists/MAIN/B_dot2_s_w8__tree_pre,0,1,0.43
netlists/MAIN/B_dot2_s_w8__tree_ripple,0,1,0.68
netlists/MAIN/B_dot2_s_w8__norm_pre,0,1,0.42
netlists/MAIN/B_dot2_s_w8__tree_rep,0,1,0.62
netlists/MAIN/B_dot2c_s_w8__tree,0,1,0.71
netlists/MAIN/B_dot2c_s_w8__tree_fa,0,1,0.68
netlists/MAIN/B_dot2c_s_w8__norm,0,1,1.45
netlists/MAIN/B_dot2c_s_w8__tree_ripple,0,1,0.62
netlists/MAIN/B_dot2c_s_w8__tree_nofma,0,1,1.47
netlists/MAIN/B_dot2c_s_w8__tree_pre,0,1,0.38
netlists/MAIN/B_dot2c_s_w8__norm_pre,0,1,0.34
netlists/MAIN/B_dot2c_s_w8__tree_rep,0,1,0.57
netlists/MAIN/B_mac_u_w12__norm,0,1,0.54
netlists/MAIN/B_mac_u_w12__tree,0,1,0.51
netlists/MAIN/B_dot2_u_w12__norm,0,1,0.70
netlists/MAIN/B_dot2_u_w12__tree,0,1,0.70
netlists/MAIN/B_dot2c_u_w12__norm,0,1,0.78
netlists/MAIN/B_dot2c_u_w12__tree,0,1,0.82
netlists/MAIN/B_mac_s_w12__norm,0,1,0.67
netlists/MAIN/B_mac_s_w12__tree,0,1,0.72
netlists/MAIN/B_dot2_s_w12__tree,0,1,1.15
netlists/MAIN/B_dot2c_s_w12__tree,0,1,1.17
netlists/MAIN/B_mac_u_w16__norm,0,1,0.97
netlists/MAIN/B_mac_u_w16__tree,0,1,1.14
netlists/MAIN/B_mac_u_w16__tree_nofma,0,1,0.99
netlists/MAIN/B_mac_u_w16__tree_fa,0,1,1.07
netlists/MAIN/B_mac_u_w16__tree_ripple,0,1,1.03
netlists/MAIN/B_mac_u_w16__tree_pre,0,1,0.71
netlists/MAIN/B_mac_u_w16__norm_pre,0,1,0.60
netlists/MAIN/B_dot2_s_w12__norm,0,1,5.03
netlists/MAIN/B_mac_u_w16__booth,0,1,0.97
netlists/MAIN/B_dot2_u_w16__tree,0,1,1.31
netlists/MAIN/B_dot2_u_w16__norm,0,1,2.10
netlists/MAIN/B_dot2_u_w16__tree_fa,0,1,1.51
netlists/MAIN/B_dot2_u_w16__tree_nofma,0,1,2.23
netlists/MAIN/B_dot2c_s_w12__norm,0,1,8.02
netlists/MAIN/B_dot2_u_w16__tree_pre,0,1,0.78
netlists/MAIN/B_dot2_u_w16__norm_pre,0,1,0.69
netlists/MAIN/B_dot2_u_w16__tree_ripple,0,1,1.67
netlists/MAIN/B_dot2c_u_w16__norm,0,1,1.60
netlists/MAIN/B_dot2c_u_w16__tree_nofma,0,1,1.63
netlists/MAIN/B_dot2c_u_w16__tree,0,1,1.87
netlists/MAIN/B_dot2c_u_w16__tree_fa,0,1,1.77
netlists/MAIN/B_dot2c_u_w16__tree_pre,0,1,0.94
netlists/MAIN/B_dot2c_u_w16__norm_pre,0,1,0.87
netlists/MAIN/B_dot2c_u_w16__tree_ripple,0,1,1.65
netlists/MAIN/B_mac_s_w16__norm,0,1,1.05
netlists/MAIN/B_mac_s_w16__tree,0,1,1.04
netlists/MAIN/B_mac_s_w16__tree_fa,0,1,0.98
netlists/MAIN/B_mac_s_w16__tree_nofma,0,1,1.10
netlists/MAIN/B_mac_s_w16__tree_ripple,0,1,1.19
netlists/MAIN/B_mac_s_w16__tree_pre,0,1,0.59
netlists/MAIN/B_mac_s_w16__norm_pre,0,1,0.57
netlists/MAIN/B_mac_s_w16__booth,0,1,1.10
netlists/MAIN/B_dot2_s_w16__tree,0,1,1.61
netlists/MAIN/B_dot2_s_w16__tree_fa,0,1,1.84
netlists/MAIN/B_dot2_s_w16__tree_ripple,0,1,1.48
netlists/MAIN/B_dot2_s_w16__tree_pre,0,1,0.96
netlists/MAIN/B_dot2_s_w16__norm_pre,0,1,1.09
netlists/MAIN/B_dot2c_s_w16__tree,0,1,1.62
netlists/MAIN/B_dot2_s_w16__norm,0,1,24.99
netlists/MAIN/B_dot2_s_w16__tree_nofma,0,1,25.20
netlists/MAIN/B_dot2c_s_w16__tree_fa,0,1,1.86
netlists/MAIN/B_dot2c_s_w16__tree_ripple,0,1,1.61
netlists/MAIN/B_dot2c_s_w16__tree_pre,0,1,0.93
netlists/MAIN/B_dot2c_s_w16__norm_pre,0,1,0.88
netlists/MAIN/B_mac_u_w24__norm,0,1,1.75
netlists/MAIN/B_mac_u_w24__tree,0,1,1.60
netlists/MAIN/B_dot2_u_w24__tree,0,1,3.04
netlists/MAIN/B_dot2_u_w24__norm,0,1,3.89
netlists/MAIN/B_dot2c_u_w24__norm,0,1,2.83
netlists/MAIN/B_dot2c_u_w24__tree,0,1,2.77
netlists/MAIN/B_mac_s_w24__norm,0,1,1.80
netlists/MAIN/B_mac_s_w24__tree,0,1,1.89
netlists/MAIN/B_dot2_s_w24__tree,0,1,3.82
netlists/MAIN/B_dot2c_s_w16__norm,0,1,72.88
netlists/MAIN/B_dot2c_s_w16__tree_nofma,0,1,72.55
netlists/MAIN/B_dot2c_s_w24__tree,0,1,2.96
netlists/MAIN/B_mac_u_w32__norm,0,1,2.58
netlists/MAIN/B_mac_u_w32__tree,0,1,2.44
netlists/MAIN/B_mac_u_w32__tree_nofma,0,1,2.29
netlists/MAIN/B_mac_u_w32__tree_fa,0,1,1.98
netlists/MAIN/B_mac_u_w32__tree_pre,0,1,1.29
netlists/MAIN/B_mac_u_w32__tree_ripple,0,1,2.13
netlists/MAIN/B_mac_u_w32__norm_pre,0,1,1.04
netlists/MAIN/B_mac_u_w32__booth,0,1,2.52
netlists/MAIN/A_mul_s_w64__norm,0,1,131.50
netlists/MAIN/B_dot2_s_w24__norm,0,1,67.63
netlists/MAIN/B_dot2_u_w32__tree_fa,0,1,26.46
netlists/MAIN/B_dot2_u_w32__norm,0,1,123.57
netlists/MAIN/B_dot2_u_w32__tree_pre,0,1,1.89
netlists/MAIN/B_dot2_u_w32__norm_pre,0,1,1.89
netlists/MAIN/B_dot2_u_w32__tree_nofma,0,1,123.34
netlists/MAIN/B_dot2c_u_w32__norm,0,1,5.92
netlists/MAIN/B_dot2c_u_w32__tree_nofma,0,1,5.87
netlists/MAIN/B_dot2c_u_w32__tree,0,1,6.64
netlists/MAIN/A_mul_u_w64__norm,0,1,266.72
netlists/MAIN/B_dot2c_u_w32__tree_ripple,0,1,5.50
netlists/MAIN/B_dot2c_u_w32__tree_pre,0,1,1.94
netlists/MAIN/B_dot2c_u_w32__norm_pre,0,1,1.79
netlists/MAIN/B_mac_s_w32__norm,0,1,2.97
netlists/MAIN/B_mac_s_w32__tree,0,1,2.88
netlists/MAIN/B_dot2c_u_w32__tree_fa,0,1,11.60
netlists/MAIN/B_mac_s_w32__tree_nofma,0,1,3.59
netlists/MAIN/B_mac_s_w32__tree_fa,0,1,3.40
netlists/MAIN/B_mac_s_w32__tree_ripple,0,1,2.96
netlists/MAIN/B_mac_s_w32__tree_pre,0,1,1.86
netlists/MAIN/B_mac_s_w32__norm_pre,0,1,2.12
netlists/MAIN/B_mac_s_w32__booth,0,1,3.42
netlists/MAIN/B_dot2_s_w32__tree,0,1,8.93
netlists/MAIN/B_dot2c_s_w24__norm,0,1,219.98
netlists/MAIN/B_dot2_s_w32__tree_ripple,0,1,8.39
netlists/MAIN/B_dot2_s_w32__tree_pre,0,1,2.39
netlists/MAIN/B_dot2_s_w32__norm_pre,0,1,1.97
netlists/MAIN/B_dot2_s_w32__tree_fa,0,1,129.99
netlists/MAIN/B_dot2c_s_w32__tree,0,1,5.20
netlists/MAIN/B_dot2c_s_w32__norm,0,1,303.43
netlists/MAIN/B_dot2_s_w32__tree_nofma,0,1,341.06
netlists/MAIN/B_dot2_s_w32__norm,0,1,343.52
netlists/MAIN/B_dot2c_s_w32__tree_pre,0,1,7.41
netlists/MAIN/B_dot2c_s_w32__tree_fa,0,1,16.38
netlists/MAIN/B_dot2c_s_w32__tree_ripple,0,1,12.50
netlists/MAIN/B_dot2c_s_w32__norm_pre,0,1,6.29
netlists/MAIN/B_mac_u_w64__norm,0,1,22.06
netlists/MAIN/B_mac_u_w64__tree,0,1,20.56
netlists/MAIN/B_dot2c_u_w64__norm,0,1,67.79
netlists/MAIN/B_dot2c_u_w64__tree,0,1,44.13
netlists/MAIN/B_dot2_u_w32__tree,0,1,654.58
netlists/MAIN/B_mac_s_w64__norm,0,1,20.97
netlists/MAIN/B_mac_s_w64__tree,0,1,17.48
netlists/MAIN/B_dot2c_s_w32__tree_nofma,0,1,378.43
netlists/MAIN/B_dot2_u_w32__tree_ripple,0,1,708.03
netlists/MAIN/B_dot2c_s_w64__tree,0,1,44.24
netlists/MAIN/C_macw_u_w4_y16__norm,0,1,0.79
netlists/MAIN/C_macw_u_w4_y16__tree,0,1,0.79
netlists/MAIN/C_macw_u_w4_y16__tree_nofma,0,1,0.78
netlists/MAIN/C_macw_u_w4_y16__tree_pre,0,1,0.48
netlists/MAIN/C_msubw_u_w4_y16__norm,0,1,0.61
netlists/MAIN/C_msubw_u_w4_y16__tree,0,1,1.02
netlists/MAIN/C_msubw_u_w4_y16__tree_nofma,0,1,0.80
netlists/MAIN/C_msubw_u_w4_y16__tree_pre,0,1,0.47
netlists/MAIN/C_macw_s_w4_y16__norm,0,1,0.73
netlists/MAIN/C_macw_s_w4_y16__tree,0,1,0.71
netlists/MAIN/C_macw_s_w4_y16__tree_nofma,0,1,0.99
netlists/MAIN/C_macw_s_w4_y16__tree_pre,0,1,0.70
netlists/MAIN/C_msubw_s_w4_y16__norm,0,1,1.06
netlists/MAIN/C_msubw_s_w4_y16__tree,0,1,0.76
netlists/MAIN/C_msubw_s_w4_y16__tree_nofma,0,1,1.05
netlists/MAIN/C_msubw_s_w4_y16__tree_pre,0,1,1.17
netlists/MAIN/C_macw_u_w4_y24__norm,0,1,0.94
netlists/MAIN/C_macw_u_w4_y24__tree,0,1,0.80
netlists/MAIN/C_macw_u_w4_y24__tree_nofma,0,1,0.80
netlists/MAIN/C_macw_u_w4_y24__tree_pre,0,1,0.64
netlists/MAIN/C_msubw_u_w4_y24__norm,0,1,1.06
netlists/MAIN/C_msubw_u_w4_y24__tree,0,1,0.87
netlists/MAIN/C_msubw_u_w4_y24__tree_nofma,0,1,0.95
netlists/MAIN/C_msubw_u_w4_y24__tree_pre,0,1,0.66
netlists/MAIN/C_macw_s_w4_y24__norm,0,1,1.04
netlists/MAIN/C_macw_s_w4_y24__tree,0,1,0.98
netlists/MAIN/C_macw_s_w4_y24__tree_nofma,0,1,1.04
netlists/MAIN/C_macw_s_w4_y24__tree_pre,0,1,0.70
netlists/MAIN/C_msubw_s_w4_y24__norm,0,1,1.49
netlists/MAIN/C_msubw_s_w4_y24__tree,0,1,2.23
netlists/MAIN/C_msubw_s_w4_y24__tree_nofma,0,1,3.58
netlists/MAIN/C_msubw_s_w4_y24__tree_pre,0,1,1.48
netlists/MAIN/C_msub_u_w4__norm,0,1,0.94
netlists/MAIN/C_msub_u_w4__tree,0,1,1.12
netlists/MAIN/C_msub_u_w4__tree_nofma,0,1,1.70
netlists/MAIN/C_msub_u_w4__tree_pre,0,1,0.99
netlists/MAIN/C_msub_s_w4__norm,0,1,1.02
netlists/MAIN/C_msub_s_w4__tree,0,1,1.04
netlists/MAIN/C_msub_s_w4__tree_nofma,0,1,1.04
netlists/MAIN/C_msub_s_w4__tree_pre,0,1,0.58
netlists/MAIN/C_macw_u_w8_y24__norm,0,1,1.39
netlists/MAIN/C_macw_u_w8_y24__tree,0,1,1.71
netlists/MAIN/C_macw_u_w8_y24__tree_nofma,0,1,1.64
netlists/MAIN/C_macw_u_w8_y24__tree_pre,0,1,0.91
netlists/MAIN/C_msubw_u_w8_y24__norm,0,1,3.74
netlists/MAIN/C_msubw_u_w8_y24__tree,0,1,1.51
netlists/MAIN/C_msubw_u_w8_y24__tree_nofma,0,1,2.15
netlists/MAIN/C_msubw_u_w8_y24__tree_pre,0,1,1.32
netlists/MAIN/C_macw_s_w8_y24__norm,0,1,2.14
netlists/MAIN/C_macw_s_w8_y24__tree,0,1,2.12
netlists/MAIN/C_macw_s_w8_y24__tree_nofma,0,1,2.09
netlists/MAIN/C_macw_s_w8_y24__tree_pre,0,1,1.49
netlists/MAIN/C_msubw_s_w8_y24__norm,0,1,1.99
netlists/MAIN/C_msubw_s_w8_y24__tree,0,1,2.29
netlists/MAIN/C_msubw_s_w8_y24__tree_nofma,0,1,2.70
netlists/MAIN/C_msubw_s_w8_y24__tree_pre,0,1,1.64
netlists/MAIN/C_macw_u_w8_y32__norm,0,1,1.21
netlists/MAIN/C_macw_u_w8_y32__tree,0,1,1.35
netlists/MAIN/C_macw_u_w8_y32__tree_nofma,0,1,1.67
netlists/MAIN/C_macw_u_w8_y32__tree_pre,0,1,3.11
netlists/MAIN/C_msubw_u_w8_y32__norm,0,1,1.91
netlists/MAIN/C_msubw_u_w8_y32__tree,0,1,2.50
netlists/MAIN/C_msubw_u_w8_y32__tree_nofma,0,1,1.88
netlists/MAIN/C_msubw_u_w8_y32__tree_pre,0,1,2.56
netlists/MAIN/C_macw_s_w8_y32__norm,0,1,1.74
netlists/MAIN/C_macw_s_w8_y32__tree,0,1,1.50
netlists/MAIN/C_macw_s_w8_y32__tree_nofma,0,1,1.19
netlists/MAIN/C_macw_s_w8_y32__tree_pre,0,1,0.93
netlists/MAIN/C_msubw_s_w8_y32__norm,0,1,3.03
netlists/MAIN/C_msubw_s_w8_y32__tree,0,1,1.82
netlists/MAIN/C_msubw_s_w8_y32__tree_nofma,0,1,1.41
netlists/MAIN/C_msubw_s_w8_y32__tree_pre,0,1,0.87
netlists/MAIN/C_msub_u_w8__norm,0,1,1.26
netlists/MAIN/C_msub_u_w8__tree,0,1,1.00
netlists/MAIN/C_msub_u_w8__tree_nofma,0,1,4.89
netlists/MAIN/C_msub_u_w8__tree_pre,0,1,0.98
netlists/MAIN/C_msub_s_w8__norm,0,1,1.45
netlists/MAIN/C_msub_s_w8__tree,0,1,1.92
netlists/MAIN/C_msub_s_w8__tree_nofma,0,1,1.72
netlists/MAIN/C_msub_s_w8__tree_pre,0,1,1.32
netlists/MAIN/C_macw_u_w16_y40__norm,0,1,3.03
netlists/MAIN/C_macw_u_w16_y40__tree,0,1,2.87
netlists/MAIN/C_macw_u_w16_y40__tree_nofma,0,1,2.85
netlists/MAIN/C_macw_u_w16_y40__tree_pre,0,1,2.53
netlists/MAIN/C_msubw_u_w16_y40__norm,0,1,2.79
netlists/MAIN/C_msubw_u_w16_y40__tree,0,1,2.65
netlists/MAIN/C_msubw_u_w16_y40__tree_nofma,0,1,1.89
netlists/MAIN/C_msubw_u_w16_y40__tree_pre,0,1,1.69
netlists/MAIN/C_macw_s_w16_y40__norm,0,1,2.80
netlists/MAIN/C_macw_s_w16_y40__tree,0,1,1.95
netlists/MAIN/C_macw_s_w16_y40__tree_nofma,0,1,1.94
netlists/MAIN/C_macw_s_w16_y40__tree_pre,0,1,1.29
netlists/MAIN/C_msubw_s_w16_y40__norm,0,1,2.37
netlists/MAIN/C_msubw_s_w16_y40__tree,0,1,1.92
netlists/MAIN/C_msubw_s_w16_y40__tree_nofma,0,1,2.45
netlists/MAIN/C_msubw_s_w16_y40__tree_pre,0,1,1.63
netlists/MAIN/C_macw_u_w16_y48__norm,0,1,1.88
netlists/MAIN/C_macw_u_w16_y48__tree,0,1,1.88
netlists/MAIN/C_macw_u_w16_y48__tree_nofma,0,1,1.98
netlists/MAIN/C_macw_u_w16_y48__tree_pre,0,1,2.31
netlists/MAIN/C_msubw_u_w16_y48__norm,0,1,2.55
netlists/MAIN/C_msubw_u_w16_y48__tree,0,1,2.38
netlists/MAIN/C_msubw_u_w16_y48__tree_nofma,0,1,2.43
netlists/MAIN/C_msubw_u_w16_y48__tree_pre,0,1,1.89
netlists/MAIN/C_macw_s_w16_y48__norm,0,1,2.73
netlists/MAIN/C_macw_s_w16_y48__tree,0,1,2.03
netlists/MAIN/C_macw_s_w16_y48__tree_nofma,0,1,2.28
netlists/MAIN/C_macw_s_w16_y48__tree_pre,0,1,1.01
netlists/MAIN/C_msubw_s_w16_y48__norm,0,1,2.23
netlists/MAIN/C_msubw_s_w16_y48__tree,0,1,1.69
netlists/MAIN/C_msubw_s_w16_y48__tree_nofma,0,1,2.60
netlists/MAIN/C_msubw_s_w16_y48__tree_pre,0,1,1.62
netlists/MAIN/C_msub_u_w16__norm,0,1,1.16
netlists/MAIN/C_msub_u_w16__tree,0,1,2.05
netlists/MAIN/C_msub_u_w16__tree_nofma,0,1,1.75
netlists/MAIN/C_msub_u_w16__tree_pre,0,1,1.13
netlists/MAIN/C_msub_s_w16__norm,0,1,2.17
netlists/MAIN/C_msub_s_w16__tree,0,1,1.93
netlists/MAIN/C_msub_s_w16__tree_nofma,0,1,2.11
netlists/MAIN/C_msub_s_w16__tree_pre,0,1,1.22
netlists/MAIN/C_macw_u_w32_y72__norm,0,1,4.84
netlists/MAIN/C_macw_u_w32_y72__tree,0,1,4.94
netlists/MAIN/C_msubw_u_w32_y72__norm,0,1,4.19
netlists/MAIN/C_msubw_u_w32_y72__tree,0,1,24.57
netlists/MAIN/C_macw_s_w32_y72__norm,0,1,5.48
netlists/MAIN/C_macw_s_w32_y72__tree,0,1,4.78
netlists/MAIN/C_msubw_s_w32_y72__norm,0,1,5.31
netlists/MAIN/C_msubw_s_w32_y72__tree,0,1,7.98
netlists/MAIN/C_macw_u_w32_y80__norm,0,1,5.50
netlists/MAIN/C_macw_u_w32_y80__tree,0,1,3.76
netlists/MAIN/C_msubw_u_w32_y80__norm,0,1,4.60
netlists/MAIN/C_msubw_u_w32_y80__tree,0,1,14.32
netlists/MAIN/C_macw_s_w32_y80__norm,0,1,7.42
netlists/MAIN/C_macw_s_w32_y80__tree,0,1,5.42
netlists/MAIN/C_msubw_s_w32_y80__norm,0,1,6.42
netlists/MAIN/C_msubw_s_w32_y80__tree,0,1,10.02
netlists/MAIN/C_msub_u_w32__norm,0,1,5.34
netlists/MAIN/C_msub_u_w32__tree,0,1,6.59
netlists/MAIN/C_msub_s_w32__norm,0,1,5.72
netlists/MAIN/C_msub_s_w32__tree,0,1,5.89
netlists/MAIN/MUT_signext_mac_s_w8__norm,0,1,1.04
netlists/MAIN/MUT_signext_mac_s_w8__tree,0,1,0.80
netlists/MAIN/MUT_trunc_mul_u_w8__norm,0,1,0.84
netlists/MAIN/MUT_trunc_mul_u_w8__booth,0,1,0.63
netlists/MAIN/MUT_accum_mac_u_w8__norm,0,1,0.91
netlists/MAIN/MUT_accum_mac_u_w8__tree,0,1,1.13
netlists/MAIN/MUT_plus1_dot2_u_w8__norm,0,1,1.19
netlists/MAIN/MUT_plus1_dot2_u_w8__tree,0,1,1.20
netlists/MAIN/B_dot2c_s_w64__norm,0,1,488.76
netlists/MAIN/MUT_signext_mac_s_w16__norm,0,1,2.04
netlists/MAIN/MUT_signext_mac_s_w16__tree,0,1,2.66
netlists/MAIN/MUT_trunc_mul_u_w16__norm,0,1,1.86
netlists/MAIN/MUT_trunc_mul_u_w16__booth,0,1,1.54
netlists/MAIN/MUT_accum_mac_u_w16__norm,0,1,1.53
netlists/MAIN/MUT_accum_mac_u_w16__tree,0,1,1.43
netlists/MAIN/MUT_plus1_dot2_u_w16__norm,0,1,3.44
netlists/MAIN/MUT_plus1_dot2_u_w16__tree,0,1,2.52
netlists/MAIN/MUT_signext_mac_s_w32__tree,0,1,10.76
netlists/MAIN/MUT_signext_mac_s_w32__norm,0,1,13.28
netlists/MAIN/MUT_trunc_mul_u_w32__booth,0,1,4.02
netlists/MAIN/MUT_trunc_mul_u_w32__norm,0,1,8.13
netlists/MAIN/MUT_accum_mac_u_w32__norm,0,1,5.76
netlists/MAIN/MUT_accum_mac_u_w32__tree,0,1,4.61
netlists/MAIN/MUT_plus1_dot2_u_w32__tree,0,1,66.66
netlists/MAIN/MUT_plus1_dot2_u_w32__norm,0,1,238.49
netlists/MAIN/B_dot2_s_w64__tree,0,1,782.44
netlists/MAIN/B_dot2_u_w64__tree,0,1,2378.84
netlists/MAIN/B_dot2_s_w64__norm,0,1,2739.40
netlists/MAIN/B_dot2_u_w64__norm,124,0,3599.73
