id,engine,verdict,seconds,acec_mode,rc
mul_u_w16_norm~booth,acecb,FAIL,0.3,adder_tree_matched,0
mul_u_w16_norm~booth,gcec,TIMEOUT,360.0,-,124
mul_s_w16_norm~booth,gcec,TIMEOUT,360.0,-,124
mul_s_w16_norm~booth,acecb,TIMEOUT,360.1,-,124
mac_u_w16_norm~tree,acec,FAIL,0.2,adder_tree_matched,0
mac_u_w16_norm~tree,gcec,TIMEOUT,360.1,-,124
dot2_u_w16_norm~tree,acec,FAIL,0.3,adder_tree_matched,0
dot2_u_w16_norm~tree,gcec,TIMEOUT,360.1,-,124
mul_u_w24_norm~booth,gcec,TIMEOUT,360.1,-,124
mul_s_w24_norm~booth,acecb,FAIL,0.3,adder_tree_matched,0
mul_s_w24_norm~booth,gcec,TIMEOUT,360.1,-,124
mul_u_w24_norm~booth,acecb,TIMEOUT,360.1,-,124
mac_u_w24_norm~tree,acec,FAIL,0.2,adder_tree_matched,0
dot2_u_w24_norm~tree,acec,FAIL,0.2,adder_tree_matched,0
mac_u_w24_norm~tree,gcec,TIMEOUT,360.1,-,124
dot2_u_w24_norm~tree,gcec,TIMEOUT,360.1,-,124
mul_u_w32_norm~booth,gcec,TIMEOUT,360.0,-,124
mul_u_w32_norm~booth,acecb,TIMEOUT,360.1,-,124
mac_u_w32_norm~tree,acec,FAIL,0.6,adder_tree_matched,0
mul_s_w32_norm~booth,gcec,TIMEOUT,360.1,-,124
mul_s_w32_norm~booth,acecb,TIMEOUT,360.1,-,124
mac_u_w32_norm~tree,gcec,TIMEOUT,360.1,-,124
dot2_u_w32_norm~tree,acec,FAIL,0.3,adder_tree_matched,0
dot2_u_w8_norm~tree,acec,FAIL,0.2,adder_tree_matched,0
MUT_macbug_u_w8_tree_vs_mac_norm,acec,FAIL,0.2,adder_tree_matched,0
MUT_macbug_u_w8_tree_vs_mac_norm,gcec,FAIL,0.2,-,0
MUT_dot2bug_u_w8_tree_vs_dot2_norm,acec,FAIL,0.2,adder_tree_matched,0
MUT_dot2bug_u_w8_tree_vs_dot2_norm,gcec,FAIL,0.2,-,0
dot2_u_w16_norm~tree,acec,FAIL,0.3,adder_tree_matched,0
MUT_macbug_u_w16_tree_vs_mac_norm,acec,FAIL,0.3,adder_tree_matched,0
dot2_u_w32_norm~tree,gcec,TIMEOUT,360.0,-,124
MUT_macbug_u_w16_tree_vs_mac_norm,gcec,FAIL,0.2,-,0
MUT_dot2bug_u_w16_tree_vs_dot2_norm,gcec,FAIL,0.2,-,0
mac_u_w8_norm~tree,acec,FAIL,0.2,adder_tree_matched,0
MUT_dot2bug_u_w16_tree_vs_dot2_norm,acec,FAIL,0.3,adder_tree_matched,0
DONE Wed Sep 23 23:08:47 PDT 2026
