build,design,arch,verdict,seconds
MAIN,A_mul_s_w16,booth,PASS,0.5
MAIN,A_mul_s_w16,norm,PASS,0.5
MAIN,A_mul_u_w16,booth,PASS,1.2
MAIN,A_mul_u_w16,norm,PASS,0.6
MAIN,B_dot2_u_w16,norm,PASS,0.7
MAIN,B_dot2_u_w16,tree,PASS,0.3
MAIN,B_mac_u_w16,norm,PASS,0.3
MAIN,B_mac_u_w16,tree,PASS,0.2
MAIN,A_mul_s_w32,booth,PASS,1.6
MAIN,A_mul_s_w32,norm,PASS,1.2
MAIN,A_mul_u_w32,booth,PASS,0.8
MAIN,A_mul_u_w32,norm,PASS,1.5
MAIN,B_dot2_u_w32,norm,PASS,44.2
MAIN,B_dot2_u_w32,tree,PASS,4.4
MAIN,B_mac_u_w32,norm,PASS,0.5
MAIN,B_mac_u_w32,tree,PASS,0.4
MAIN,A_mul_s_w64,booth,PASS,28.5
MAIN,A_mul_s_w64,norm,PASS,126.5
MAIN,A_mul_u_w64,booth,PASS,48.0
MAIN,A_mul_u_w64,norm,PASS,46.3
MAIN,B_dot2_u_w64,norm,MISSING,
MAIN,B_dot2_u_w64,tree,PASS,662.4
MAIN,B_mac_u_w64,norm,PASS,4.5
MAIN,B_mac_u_w64,tree,PASS,5.4
PATCH,B_mac_s_w16,tree,PASS,0.3
PATCH,B_mac_s_w32,tree,PASS,0.5
PATCH,B_mac_s_w64,tree,PASS,3.7
MAIN,A_mul_s_w8,booth_lp,PASS,1.0
MAIN,A_mul_s_w16,booth_lp,PASS,1.3
MAIN,A_mul_s_w32,booth_lp,PASS,49.3
