build,design,arch,spec,ands,port_order_ok,oracle,exhaustive,vectors,mismatches,constfanin_ands,complementary_ands
SWEEP_MAIN,A_mul_s_w10,booth,"mul:ss:10,10:20",812,True,CORRECT,True,1048576,0,0,0
SWEEP_MAIN,A_mul_s_w10,booth_lp,"mul:ss:10,10:20",777,True,CORRECT,True,1048576,0,0,0
SWEEP_MAIN,A_mul_s_w10,norm,"mul:ss:10,10:20",1195,True,CORRECT,True,1048576,0,0,0
SWEEP_MAIN,A_mul_s_w11,booth,"mul:ss:11,11:22",1088,True,CORRECT,False,17640,0,0,0
SWEEP_MAIN,A_mul_s_w11,booth_lp,"mul:ss:11,11:22",981,True,CORRECT,False,17640,0,0,0
SWEEP_MAIN,A_mul_s_w11,norm,"mul:ss:11,11:22",1398,True,CORRECT,False,17640,0,0,0
SWEEP_MAIN,A_mul_s_w12,booth,"mul:ss:12,12:24",1194,True,CORRECT,False,17659,0,0,0
SWEEP_MAIN,A_mul_s_w12,booth_lp,"mul:ss:12,12:24",1119,True,CORRECT,False,17659,0,0,0
SWEEP_MAIN,A_mul_s_w12,norm,"mul:ss:12,12:24",1670,True,CORRECT,False,17659,0,0,0
SWEEP_MAIN,A_mul_s_w13,booth,"mul:ss:13,13:26",1489,True,CORRECT,False,17663,0,0,0
SWEEP_MAIN,A_mul_s_w13,booth_lp,"mul:ss:13,13:26",1358,True,CORRECT,False,17663,0,0,0
SWEEP_MAIN,A_mul_s_w13,norm,"mul:ss:13,13:26",1990,True,CORRECT,False,17663,0,0,0
SWEEP_MAIN,A_mul_s_w14,booth,"mul:ss:14,14:28",1603,True,CORRECT,False,17666,0,0,0
SWEEP_MAIN,A_mul_s_w14,booth_lp,"mul:ss:14,14:28",1513,True,CORRECT,False,17666,0,0,0
SWEEP_MAIN,A_mul_s_w14,norm,"mul:ss:14,14:28",2325,True,CORRECT,False,17666,0,0,0
SWEEP_MAIN,A_mul_s_w15,booth,"mul:ss:15,15:30",1956,True,CORRECT,False,17668,0,0,0
SWEEP_MAIN,A_mul_s_w15,booth_lp,"mul:ss:15,15:30",1804,True,CORRECT,False,17668,0,0,0
SWEEP_MAIN,A_mul_s_w15,norm,"mul:ss:15,15:30",2674,True,CORRECT,False,17668,0,0,0
SWEEP_MAIN,A_mul_s_w16,booth,"mul:ss:16,16:32",2087,True,CORRECT,False,17668,0,0,0
SWEEP_MAIN,A_mul_s_w16,booth_lp,"mul:ss:16,16:32",1983,True,CORRECT,False,17668,0,0,0
SWEEP_MAIN,A_mul_s_w16,norm,"mul:ss:16,16:32",3025,True,CORRECT,False,17668,0,0,0
SWEEP_MAIN,A_mul_s_w4,booth,"mul:ss:4,4:8",109,True,CORRECT,True,256,0,0,0
SWEEP_MAIN,A_mul_s_w4,booth_lp,"mul:ss:4,4:8",117,True,CORRECT,True,256,0,0,0
SWEEP_MAIN,A_mul_s_w4,norm,"mul:ss:4,4:8",146,True,CORRECT,True,256,0,0,0
SWEEP_MAIN,A_mul_s_w5,booth,"mul:ss:5,5:10",215,True,CORRECT,True,1024,0,0,0
SWEEP_MAIN,A_mul_s_w5,booth_lp,"mul:ss:5,5:10",198,True,CORRECT,True,1024,0,0,0
SWEEP_MAIN,A_mul_s_w5,norm,"mul:ss:5,5:10",254,True,CORRECT,True,1024,0,0,0
SWEEP_MAIN,A_mul_s_w6,booth,"mul:ss:6,6:12",293,True,CORRECT,True,4096,0,0,0
SWEEP_MAIN,A_mul_s_w6,booth_lp,"mul:ss:6,6:12",276,True,CORRECT,True,4096,0,0,0
SWEEP_MAIN,A_mul_s_w6,norm,"mul:ss:6,6:12",378,True,CORRECT,True,4096,0,0,0
SWEEP_MAIN,A_mul_s_w7,booth,"mul:ss:7,7:14",449,True,CORRECT,True,16384,0,0,0
SWEEP_MAIN,A_mul_s_w7,booth_lp,"mul:ss:7,7:14",399,True,CORRECT,True,16384,0,0,0
SWEEP_MAIN,A_mul_s_w7,norm,"mul:ss:7,7:14",561,True,CORRECT,True,16384,0,0,0
SWEEP_MAIN,A_mul_s_w8,booth,"mul:ss:8,8:16",530,True,CORRECT,True,65536,0,0,0
SWEEP_MAIN,A_mul_s_w8,booth_lp,"mul:ss:8,8:16",498,True,CORRECT,True,65536,0,0,0
SWEEP_MAIN,A_mul_s_w8,norm,"mul:ss:8,8:16",695,True,CORRECT,True,65536,0,0,0
SWEEP_MAIN,A_mul_s_w9,booth,"mul:ss:9,9:18",711,True,CORRECT,True,262144,0,0,0
SWEEP_MAIN,A_mul_s_w9,booth_lp,"mul:ss:9,9:18",660,True,CORRECT,True,262144,0,0,0
SWEEP_MAIN,A_mul_s_w9,norm,"mul:ss:9,9:18",909,True,CORRECT,True,262144,0,0,0
SWEEP_MAIN,A_mul_u_w10,booth,"mul:uu:10,10:20",921,True,CORRECT,True,1048576,0,0,0
SWEEP_MAIN,A_mul_u_w10,norm,"mul:uu:10,10:20",930,True,CORRECT,True,1048576,0,0,0
SWEEP_MAIN,A_mul_u_w11,booth,"mul:uu:11,11:22",1073,True,CORRECT,False,17640,0,0,0
SWEEP_MAIN,A_mul_u_w11,norm,"mul:uu:11,11:22",1147,True,CORRECT,False,17640,0,0,0
SWEEP_MAIN,A_mul_u_w12,booth,"mul:uu:12,12:24",1309,True,CORRECT,False,17659,0,0,0
SWEEP_MAIN,A_mul_u_w12,norm,"mul:uu:12,12:24",1351,True,CORRECT,False,17659,0,0,0
SWEEP_MAIN,A_mul_u_w13,booth,"mul:uu:13,13:26",1478,True,CORRECT,False,17663,0,0,0
SWEEP_MAIN,A_mul_u_w13,norm,"mul:uu:13,13:26",1603,True,CORRECT,False,17663,0,0,0
SWEEP_MAIN,A_mul_u_w14,booth,"mul:uu:14,14:28",1732,True,CORRECT,False,17666,0,0,0
SWEEP_MAIN,A_mul_u_w14,norm,"mul:uu:14,14:28",1914,True,CORRECT,False,17666,0,0,0
SWEEP_MAIN,A_mul_u_w15,booth,"mul:uu:15,15:30",2038,True,CORRECT,False,17668,0,0,0
SWEEP_MAIN,A_mul_u_w15,norm,"mul:uu:15,15:30",2198,True,CORRECT,False,17668,0,0,0
SWEEP_MAIN,A_mul_u_w16,booth,"mul:uu:16,16:32",2289,True,CORRECT,False,17668,0,0,0
SWEEP_MAIN,A_mul_u_w16,norm,"mul:uu:16,16:32",2528,True,CORRECT,False,17668,0,0,0
SWEEP_MAIN,A_mul_u_w4,booth,"mul:uu:4,4:8",161,True,CORRECT,True,256,0,0,0
SWEEP_MAIN,A_mul_u_w4,norm,"mul:uu:4,4:8",108,True,CORRECT,True,256,0,0,0
SWEEP_MAIN,A_mul_u_w5,booth,"mul:uu:5,5:10",239,True,CORRECT,True,1024,0,0,0
SWEEP_MAIN,A_mul_u_w5,norm,"mul:uu:5,5:10",197,True,CORRECT,True,1024,0,0,0
SWEEP_MAIN,A_mul_u_w6,booth,"mul:uu:6,6:12",362,True,CORRECT,True,4096,0,0,0
SWEEP_MAIN,A_mul_u_w6,norm,"mul:uu:6,6:12",292,True,CORRECT,True,4096,0,0,0
SWEEP_MAIN,A_mul_u_w7,booth,"mul:uu:7,7:14",443,True,CORRECT,True,16384,0,0,0
SWEEP_MAIN,A_mul_u_w7,norm,"mul:uu:7,7:14",428,True,CORRECT,True,16384,0,0,0
SWEEP_MAIN,A_mul_u_w8,booth,"mul:uu:8,8:16",585,True,CORRECT,True,65536,0,0,0
SWEEP_MAIN,A_mul_u_w8,norm,"mul:uu:8,8:16",570,True,CORRECT,True,65536,0,0,0
SWEEP_MAIN,A_mul_u_w9,booth,"mul:uu:9,9:18",746,True,CORRECT,True,262144,0,0,0
SWEEP_MAIN,A_mul_u_w9,norm,"mul:uu:9,9:18",716,True,CORRECT,True,262144,0,0,0
