build,design,arch,family,spec,rtl_expectation,ands,port_order_ok,oracle,exhaustive,vectors,mismatches,first_mismatch,oracle_seconds
MAIN,A_mul_s_w12,booth,A,"mul:ss:12,12:24",CORRECT,1194,True,CORRECT,False,17659,0,,0.25
MAIN,A_mul_s_w12,norm,A,"mul:ss:12,12:24",CORRECT,1670,True,CORRECT,False,17659,0,,0.24
MAIN,A_mul_s_w16,booth,A,"mul:ss:16,16:32",CORRECT,2087,True,CORRECT,False,17668,0,,0.32
MAIN,A_mul_s_w16,booth_lp,A,"mul:ss:16,16:32",CORRECT,1983,True,CORRECT,False,17668,0,,0.32
MAIN,A_mul_s_w16,booth_pre,A,"mul:ss:16,16:32",CORRECT,2270,True,CORRECT,False,17668,0,,0.33
MAIN,A_mul_s_w16,norm,A,"mul:ss:16,16:32",CORRECT,3025,True,CORRECT,False,17668,0,,0.33
MAIN,A_mul_s_w16,norm_pre,A,"mul:ss:16,16:32",CORRECT,3172,True,CORRECT,False,17668,0,,0.33
MAIN,A_mul_s_w20,booth,A,"mul:ss:20,20:40",CORRECT,3284,True,CORRECT,False,17668,0,,0.41
MAIN,A_mul_s_w20,norm,A,"mul:ss:20,20:40",CORRECT,4759,True,CORRECT,False,17668,0,,0.41
MAIN,A_mul_s_w24,booth,A,"mul:ss:24,24:48",CORRECT,4669,True,CORRECT,False,17668,0,,0.49
MAIN,A_mul_s_w24,norm,A,"mul:ss:24,24:48",CORRECT,6718,True,CORRECT,False,17668,0,,0.51
MAIN,A_mul_s_w32,booth,A,"mul:ss:32,32:64",CORRECT,8273,True,CORRECT,False,17668,0,,0.68
MAIN,A_mul_s_w32,booth_lp,A,"mul:ss:32,32:64",CORRECT,7824,True,CORRECT,False,17668,0,,0.67
MAIN,A_mul_s_w32,booth_pre,A,"mul:ss:32,32:64",CORRECT,8610,True,CORRECT,False,17668,0,,0.68
MAIN,A_mul_s_w32,norm,A,"mul:ss:32,32:64",CORRECT,11779,True,CORRECT,False,17668,0,,0.69
MAIN,A_mul_s_w32,norm_pre,A,"mul:ss:32,32:64",CORRECT,11985,True,CORRECT,False,17668,0,,0.7
MAIN,A_mul_s_w64,booth,A,"mul:ss:64,64:128",CORRECT,32346,True,CORRECT,False,17685,0,,1.44
MAIN,A_mul_s_w64,norm,A,"mul:ss:64,64:128",CORRECT,45750,True,CORRECT,False,17685,0,,1.55
MAIN,A_mul_s_w8,booth,A,"mul:ss:8,8:16",CORRECT,530,True,CORRECT,True,65536,0,,0.61
MAIN,A_mul_s_w8,booth_lp,A,"mul:ss:8,8:16",CORRECT,498,True,CORRECT,True,65536,0,,0.6
MAIN,A_mul_s_w8,booth_pre,A,"mul:ss:8,8:16",CORRECT,612,True,CORRECT,True,65536,0,,0.61
MAIN,A_mul_s_w8,norm,A,"mul:ss:8,8:16",CORRECT,695,True,CORRECT,True,65536,0,,0.61
MAIN,A_mul_s_w8,norm_pre,A,"mul:ss:8,8:16",CORRECT,760,True,CORRECT,True,65536,0,,0.61
MAIN,A_mul_s_w8,norm_rep,A,"mul:ss:8,8:16",CORRECT,695,True,CORRECT,True,65536,0,,0.62
MAIN,A_mul_u_w12,booth,A,"mul:uu:12,12:24",CORRECT,1309,True,CORRECT,False,17659,0,,0.24
MAIN,A_mul_u_w12,norm,A,"mul:uu:12,12:24",CORRECT,1351,True,CORRECT,False,17659,0,,0.24
MAIN,A_mul_u_w16,booth,A,"mul:uu:16,16:32",CORRECT,2289,True,CORRECT,False,17668,0,,0.31
MAIN,A_mul_u_w16,booth_pre,A,"mul:uu:16,16:32",CORRECT,2441,True,CORRECT,False,17668,0,,0.32
MAIN,A_mul_u_w16,norm,A,"mul:uu:16,16:32",CORRECT,2528,True,CORRECT,False,17668,0,,0.32
MAIN,A_mul_u_w16,norm_pre,A,"mul:uu:16,16:32",CORRECT,2621,True,CORRECT,False,17668,0,,0.32
MAIN,A_mul_u_w20,booth,A,"mul:uu:20,20:40",CORRECT,3443,True,CORRECT,False,17668,0,,0.4
MAIN,A_mul_u_w20,norm,A,"mul:uu:20,20:40",CORRECT,4019,True,CORRECT,False,17668,0,,0.4
MAIN,A_mul_u_w24,booth,A,"mul:uu:24,24:48",CORRECT,4972,True,CORRECT,False,17668,0,,0.48
MAIN,A_mul_u_w24,norm,A,"mul:uu:24,24:48",CORRECT,5791,True,CORRECT,False,17668,0,,0.5
MAIN,A_mul_u_w32,booth,A,"mul:uu:32,32:64",CORRECT,8512,True,CORRECT,False,17668,0,,0.66
MAIN,A_mul_u_w32,booth_pre,A,"mul:uu:32,32:64",CORRECT,8895,True,CORRECT,False,17668,0,,0.67
MAIN,A_mul_u_w32,norm,A,"mul:uu:32,32:64",CORRECT,10386,True,CORRECT,False,17668,0,,0.68
MAIN,A_mul_u_w32,norm_pre,A,"mul:uu:32,32:64",CORRECT,10599,True,CORRECT,False,17668,0,,0.67
MAIN,A_mul_u_w64,booth,A,"mul:uu:64,64:128",CORRECT,33077,True,CORRECT,False,17685,0,,1.45
MAIN,A_mul_u_w64,norm,A,"mul:uu:64,64:128",CORRECT,41842,True,CORRECT,False,17685,0,,1.49
MAIN,A_mul_u_w8,booth,A,"mul:uu:8,8:16",CORRECT,585,True,CORRECT,True,65536,0,,0.59
MAIN,A_mul_u_w8,booth_pre,A,"mul:uu:8,8:16",CORRECT,679,True,CORRECT,True,65536,0,,0.58
MAIN,A_mul_u_w8,norm,A,"mul:uu:8,8:16",CORRECT,570,True,CORRECT,True,65536,0,,0.58
MAIN,A_mul_u_w8,norm_pre,A,"mul:uu:8,8:16",CORRECT,607,True,CORRECT,True,65536,0,,0.58
MAIN,A_mul_u_w8,norm_rep,A,"mul:uu:8,8:16",CORRECT,570,True,CORRECT,True,65536,0,,0.59
MAIN,B_dot2_s_w12,norm,B,"dot2:ssss:12,12,12,12:25",CORRECT,3592,True,CORRECT,False,19083,0,,0.43
MAIN,B_dot2_s_w12,tree,B,"dot2:ssss:12,12,12,12:25",CORRECT,3119,True,CORRECT,False,19083,0,,0.42
MAIN,B_dot2_s_w16,norm,B,"dot2:ssss:16,16,16,16:33",CORRECT,6507,True,CORRECT,False,19085,0,,0.57
MAIN,B_dot2_s_w16,norm_pre,B,"dot2:ssss:16,16,16,16:33",CORRECT,6634,True,CORRECT,False,19085,0,,0.57
MAIN,B_dot2_s_w16,tree,B,"dot2:ssss:16,16,16,16:33",CORRECT,5486,True,CORRECT,False,19085,0,,0.57
MAIN,B_dot2_s_w16,tree_fa,B,"dot2:ssss:16,16,16,16:33",CORRECT,5502,True,CORRECT,False,19085,0,,0.57
MAIN,B_dot2_s_w16,tree_nofma,B,"dot2:ssss:16,16,16,16:33",CORRECT,6507,True,CORRECT,False,19085,0,,0.56
MAIN,B_dot2_s_w16,tree_pre,B,"dot2:ssss:16,16,16,16:33",CORRECT,5617,True,CORRECT,False,19085,0,,0.57
MAIN,B_dot2_s_w16,tree_ripple,B,"dot2:ssss:16,16,16,16:33",CORRECT,5486,True,CORRECT,False,19085,0,,0.56
MAIN,B_dot2_s_w24,norm,B,"dot2:ssss:24,24,24,24:49",CORRECT,14093,True,CORRECT,False,19085,0,,0.87
MAIN,B_dot2_s_w24,tree,B,"dot2:ssss:24,24,24,24:49",CORRECT,12229,True,CORRECT,False,19085,0,,0.86
MAIN,B_dot2_s_w32,norm,B,"dot2:ssss:32,32,32,32:65",CORRECT,24750,True,CORRECT,False,19085,0,,1.19
MAIN,B_dot2_s_w32,norm_pre,B,"dot2:ssss:32,32,32,32:65",CORRECT,24976,True,CORRECT,False,19085,0,,1.18
MAIN,B_dot2_s_w32,tree,B,"dot2:ssss:32,32,32,32:65",CORRECT,21534,True,CORRECT,False,19085,0,,1.18
MAIN,B_dot2_s_w32,tree_fa,B,"dot2:ssss:32,32,32,32:65",CORRECT,21706,True,CORRECT,False,19085,0,,1.18
MAIN,B_dot2_s_w32,tree_nofma,B,"dot2:ssss:32,32,32,32:65",CORRECT,24750,True,CORRECT,False,19085,0,,1.17
MAIN,B_dot2_s_w32,tree_pre,B,"dot2:ssss:32,32,32,32:65",CORRECT,21817,True,CORRECT,False,19085,0,,1.19
MAIN,B_dot2_s_w32,tree_ripple,B,"dot2:ssss:32,32,32,32:65",CORRECT,21534,True,CORRECT,False,19085,0,,1.18
MAIN,B_dot2_s_w64,norm,B,"dot2:ssss:64,64,64,64:129",CORRECT,92817,True,CORRECT,False,19126,0,,2.59
MAIN,B_dot2_s_w64,tree,B,"dot2:ssss:64,64,64,64:129",CORRECT,84782,True,CORRECT,False,19126,0,,2.54
MAIN,B_dot2_s_w8,norm,B,"dot2:ssss:8,8,8,8:17",CORRECT,1643,True,CORRECT,False,19055,0,,0.28
MAIN,B_dot2_s_w8,norm_pre,B,"dot2:ssss:8,8,8,8:17",CORRECT,1732,True,CORRECT,False,19055,0,,0.29
MAIN,B_dot2_s_w8,tree,B,"dot2:ssss:8,8,8,8:17",CORRECT,1385,True,CORRECT,False,19055,0,,0.29
MAIN,B_dot2_s_w8,tree_fa,B,"dot2:ssss:8,8,8,8:17",CORRECT,1397,True,CORRECT,False,19055,0,,0.29
MAIN,B_dot2_s_w8,tree_nofma,B,"dot2:ssss:8,8,8,8:17",CORRECT,1643,True,CORRECT,False,19055,0,,0.28
MAIN,B_dot2_s_w8,tree_pre,B,"dot2:ssss:8,8,8,8:17",CORRECT,1447,True,CORRECT,False,19055,0,,0.28
MAIN,B_dot2_s_w8,tree_rep,B,"dot2:ssss:8,8,8,8:17",CORRECT,1385,True,CORRECT,False,19055,0,,0.29
MAIN,B_dot2_s_w8,tree_ripple,B,"dot2:ssss:8,8,8,8:17",CORRECT,1385,True,CORRECT,False,19055,0,,0.29
MAIN,B_dot2_u_w12,norm,B,"dot2:uuuu:12,12,12,12:25",CORRECT,2973,True,CORRECT,False,19083,0,,0.41
MAIN,B_dot2_u_w12,tree,B,"dot2:uuuu:12,12,12,12:25",CORRECT,2918,True,CORRECT,False,19083,0,,0.41
MAIN,B_dot2_u_w16,norm,B,"dot2:uuuu:16,16,16,16:33",CORRECT,5409,True,CORRECT,False,19085,0,,0.56
MAIN,B_dot2_u_w16,norm_pre,B,"dot2:uuuu:16,16,16,16:33",CORRECT,5554,True,CORRECT,False,19085,0,,0.56
MAIN,B_dot2_u_w16,tree,B,"dot2:uuuu:16,16,16,16:33",CORRECT,5170,True,CORRECT,False,19085,0,,0.54
MAIN,B_dot2_u_w16,tree_fa,B,"dot2:uuuu:16,16,16,16:33",CORRECT,5357,True,CORRECT,False,19085,0,,0.54
MAIN,B_dot2_u_w16,tree_nofma,B,"dot2:uuuu:16,16,16,16:33",CORRECT,5409,True,CORRECT,False,19085,0,,0.55
MAIN,B_dot2_u_w16,tree_pre,B,"dot2:uuuu:16,16,16,16:33",CORRECT,5277,True,CORRECT,False,19085,0,,0.53
MAIN,B_dot2_u_w16,tree_ripple,B,"dot2:uuuu:16,16,16,16:33",CORRECT,5170,True,CORRECT,False,19085,0,,0.55
MAIN,B_dot2_u_w24,norm,B,"dot2:uuuu:24,24,24,24:49",CORRECT,12120,True,CORRECT,False,19085,0,,0.83
MAIN,B_dot2_u_w24,tree,B,"dot2:uuuu:24,24,24,24:49",CORRECT,11761,True,CORRECT,False,19085,0,,0.83
MAIN,B_dot2_u_w32,norm,B,"dot2:uuuu:32,32,32,32:65",CORRECT,21567,True,CORRECT,False,19085,0,,1.14
MAIN,B_dot2_u_w32,norm_pre,B,"dot2:uuuu:32,32,32,32:65",CORRECT,21814,True,CORRECT,False,19085,0,,1.15
MAIN,B_dot2_u_w32,tree,B,"dot2:uuuu:32,32,32,32:65",CORRECT,20834,True,CORRECT,False,19085,0,,1.14
MAIN,B_dot2_u_w32,tree_fa,B,"dot2:uuuu:32,32,32,32:65",CORRECT,21395,True,CORRECT,False,19085,0,,1.13
MAIN,B_dot2_u_w32,tree_nofma,B,"dot2:uuuu:32,32,32,32:65",CORRECT,21567,True,CORRECT,False,19085,0,,1.15
MAIN,B_dot2_u_w32,tree_pre,B,"dot2:uuuu:32,32,32,32:65",CORRECT,21099,True,CORRECT,False,19085,0,,1.12
MAIN,B_dot2_u_w32,tree_ripple,B,"dot2:uuuu:32,32,32,32:65",CORRECT,20834,True,CORRECT,False,19085,0,,1.11
MAIN,B_dot2_u_w64,tree,B,"dot2:uuuu:64,64,64,64:129",CORRECT,83309,True,CORRECT,False,19126,0,,2.48
MAIN,B_dot2_u_w8,norm,B,"dot2:uuuu:8,8,8,8:17",CORRECT,1305,True,CORRECT,False,19055,0,,0.27
MAIN,B_dot2_u_w8,norm_pre,B,"dot2:uuuu:8,8,8,8:17",CORRECT,1355,True,CORRECT,False,19055,0,,0.27
MAIN,B_dot2_u_w8,tree,B,"dot2:uuuu:8,8,8,8:17",CORRECT,1243,True,CORRECT,False,19055,0,,0.27
MAIN,B_dot2_u_w8,tree_fa,B,"dot2:uuuu:8,8,8,8:17",CORRECT,1256,True,CORRECT,False,19055,0,,0.27
MAIN,B_dot2_u_w8,tree_nofma,B,"dot2:uuuu:8,8,8,8:17",CORRECT,1305,True,CORRECT,False,19055,0,,0.28
MAIN,B_dot2_u_w8,tree_pre,B,"dot2:uuuu:8,8,8,8:17",CORRECT,1289,True,CORRECT,False,19055,0,,0.27
MAIN,B_dot2_u_w8,tree_rep,B,"dot2:uuuu:8,8,8,8:17",CORRECT,1243,True,CORRECT,False,19055,0,,0.27
MAIN,B_dot2_u_w8,tree_ripple,B,"dot2:uuuu:8,8,8,8:17",CORRECT,1243,True,CORRECT,False,19055,0,,0.27
MAIN,B_dot2c_s_w12,norm,B,"dot2c:sssss:12,12,12,12,24:26",CORRECT,3920,True,CORRECT,False,20120,0,,0.59
MAIN,B_dot2c_s_w12,tree,B,"dot2c:sssss:12,12,12,12,24:26",CORRECT,3334,True,INCORRECT,False,20120,20120,"{""input_vector_hex"": ""0x0"", ""operands"": [""0x0"", ""0x0"", ""0x0"", ""0x0"", ""0x0""], ""got"": ""0x2000000"", ""expected"": ""0x0"", ""diff_bits"": [25]}",0.59
MAIN,B_dot2c_s_w16,norm,B,"dot2c:sssss:16,16,16,16,32:34",CORRECT,6827,True,CORRECT,False,20121,0,,0.78
MAIN,B_dot2c_s_w16,norm_pre,B,"dot2c:sssss:16,16,16,16,32:34",CORRECT,7044,True,CORRECT,False,20121,0,,0.79
MAIN,B_dot2c_s_w16,tree,B,"dot2c:sssss:16,16,16,16,32:34",CORRECT,5726,True,INCORRECT,False,20121,20121,"{""input_vector_hex"": ""0x0"", ""operands"": [""0x0"", ""0x0"", ""0x0"", ""0x0"", ""0x0""], ""got"": ""0x200000000"", ""expected"": ""0x0"", ""diff_bits"": [33]}",0.78
MAIN,B_dot2c_s_w16,tree_fa,B,"dot2c:sssss:16,16,16,16,32:34",CORRECT,5833,True,INCORRECT,False,20121,20121,"{""input_vector_hex"": ""0x0"", ""operands"": [""0x0"", ""0x0"", ""0x0"", ""0x0"", ""0x0""], ""got"": ""0x200000000"", ""expected"": ""0x0"", ""diff_bits"": [33]}",0.78
MAIN,B_dot2c_s_w16,tree_nofma,B,"dot2c:sssss:16,16,16,16,32:34",CORRECT,6827,True,CORRECT,False,20121,0,,0.79
MAIN,B_dot2c_s_w16,tree_pre,B,"dot2c:sssss:16,16,16,16,32:34",CORRECT,5852,True,INCORRECT,False,20121,20121,"{""input_vector_hex"": ""0x0"", ""operands"": [""0x0"", ""0x0"", ""0x0"", ""0x0"", ""0x0""], ""got"": ""0x200000000"", ""expected"": ""0x0"", ""diff_bits"": [33]}",0.79
MAIN,B_dot2c_s_w16,tree_ripple,B,"dot2c:sssss:16,16,16,16,32:34",CORRECT,5726,True,INCORRECT,False,20121,20121,"{""input_vector_hex"": ""0x0"", ""operands"": [""0x0"", ""0x0"", ""0x0"", ""0x0"", ""0x0""], ""got"": ""0x200000000"", ""expected"": ""0x0"", ""diff_bits"": [33]}",0.78
MAIN,B_dot2c_s_w24,norm,B,"dot2c:sssss:24,24,24,24,48:50",CORRECT,14613,True,CORRECT,False,20113,0,,1.19
MAIN,B_dot2c_s_w24,tree,B,"dot2c:sssss:24,24,24,24,48:50",CORRECT,12618,True,INCORRECT,False,20113,20113,"{""input_vector_hex"": ""0x0"", ""operands"": [""0x0"", ""0x0"", ""0x0"", ""0x0"", ""0x0""], ""got"": ""0x2000000000000"", ""expected"": ""0x0"", ""diff_bits"": [49]}",1.15
MAIN,B_dot2c_s_w32,norm,B,"dot2c:sssss:32,32,32,32,64:66",CORRECT,25728,True,CORRECT,False,20113,0,,1.63
MAIN,B_dot2c_s_w32,norm_pre,B,"dot2c:sssss:32,32,32,32,64:66",CORRECT,26046,True,CORRECT,False,20113,0,,1.62
MAIN,B_dot2c_s_w32,tree,B,"dot2c:sssss:32,32,32,32,64:66",CORRECT,21981,True,INCORRECT,False,20113,20113,"{""input_vector_hex"": ""0x0"", ""operands"": [""0x0"", ""0x0"", ""0x0"", ""0x0"", ""0x0""], ""got"": ""0x20000000000000000"", ""expected"": ""0x0"", ""diff_bits"": [65]}",1.58
MAIN,B_dot2c_s_w32,tree_fa,B,"dot2c:sssss:32,32,32,32,64:66",CORRECT,22146,True,INCORRECT,False,20113,20113,"{""input_vector_hex"": ""0x0"", ""operands"": [""0x0"", ""0x0"", ""0x0"", ""0x0"", ""0x0""], ""got"": ""0x20000000000000000"", ""expected"": ""0x0"", ""diff_bits"": [65]}",1.58
MAIN,B_dot2c_s_w32,tree_nofma,B,"dot2c:sssss:32,32,32,32,64:66",CORRECT,25728,True,CORRECT,False,20113,0,,1.58
MAIN,B_dot2c_s_w32,tree_pre,B,"dot2c:sssss:32,32,32,32,64:66",CORRECT,22225,True,INCORRECT,False,20113,20113,"{""input_vector_hex"": ""0x0"", ""operands"": [""0x0"", ""0x0"", ""0x0"", ""0x0"", ""0x0""], ""got"": ""0x20000000000000000"", ""expected"": ""0x0"", ""diff_bits"": [65]}",1.57
MAIN,B_dot2c_s_w32,tree_ripple,B,"dot2c:sssss:32,32,32,32,64:66",CORRECT,21981,True,INCORRECT,False,20113,20113,"{""input_vector_hex"": ""0x0"", ""operands"": [""0x0"", ""0x0"", ""0x0"", ""0x0"", ""0x0""], ""got"": ""0x20000000000000000"", ""expected"": ""0x0"", ""diff_bits"": [65]}",1.58
MAIN,B_dot2c_s_w64,norm,B,"dot2c:sssss:64,64,64,64,128:130",CORRECT,95776,True,CORRECT,False,20112,0,,3.45
MAIN,B_dot2c_s_w64,tree,B,"dot2c:sssss:64,64,64,64,128:130",CORRECT,85568,True,INCORRECT,False,20112,20112,"{""input_vector_hex"": ""0x0"", ""operands"": [""0x0"", ""0x0"", ""0x0"", ""0x0"", ""0x0""], ""got"": ""0x200000000000000000000000000000000"", ""expected"": ""0x0"", ""diff_bits"": [129]}",3.37
MAIN,B_dot2c_s_w8,norm,B,"dot2c:sssss:8,8,8,8,16:18",CORRECT,1923,True,CORRECT,False,20109,0,,0.41
MAIN,B_dot2c_s_w8,norm_pre,B,"dot2c:sssss:8,8,8,8,16:18",CORRECT,2009,True,CORRECT,False,20109,0,,0.41
MAIN,B_dot2c_s_w8,tree,B,"dot2c:sssss:8,8,8,8,16:18",CORRECT,1537,True,INCORRECT,False,20109,20109,"{""input_vector_hex"": ""0x0"", ""operands"": [""0x0"", ""0x0"", ""0x0"", ""0x0"", ""0x0""], ""got"": ""0x20000"", ""expected"": ""0x0"", ""diff_bits"": [17]}",0.41
MAIN,B_dot2c_s_w8,tree_fa,B,"dot2c:sssss:8,8,8,8,16:18",CORRECT,1552,True,INCORRECT,False,20109,20109,"{""input_vector_hex"": ""0x0"", ""operands"": [""0x0"", ""0x0"", ""0x0"", ""0x0"", ""0x0""], ""got"": ""0x20000"", ""expected"": ""0x0"", ""diff_bits"": [17]}",0.41
MAIN,B_dot2c_s_w8,tree_nofma,B,"dot2c:sssss:8,8,8,8,16:18",CORRECT,1923,True,CORRECT,False,20109,0,,0.42
MAIN,B_dot2c_s_w8,tree_pre,B,"dot2c:sssss:8,8,8,8,16:18",CORRECT,1599,True,INCORRECT,False,20109,20109,"{""input_vector_hex"": ""0x0"", ""operands"": [""0x0"", ""0x0"", ""0x0"", ""0x0"", ""0x0""], ""got"": ""0x20000"", ""expected"": ""0x0"", ""diff_bits"": [17]}",0.41
MAIN,B_dot2c_s_w8,tree_rep,B,"dot2c:sssss:8,8,8,8,16:18",CORRECT,1537,True,INCORRECT,False,20109,20109,"{""input_vector_hex"": ""0x0"", ""operands"": [""0x0"", ""0x0"", ""0x0"", ""0x0"", ""0x0""], ""got"": ""0x20000"", ""expected"": ""0x0"", ""diff_bits"": [17]}",0.41
MAIN,B_dot2c_s_w8,tree_ripple,B,"dot2c:sssss:8,8,8,8,16:18",CORRECT,1537,True,INCORRECT,False,20109,20109,"{""input_vector_hex"": ""0x0"", ""operands"": [""0x0"", ""0x0"", ""0x0"", ""0x0"", ""0x0""], ""got"": ""0x20000"", ""expected"": ""0x0"", ""diff_bits"": [17]}",0.41
MAIN,B_dot2c_u_w12,norm,B,"dot2c:uuuuu:12,12,12,12,24:26",CORRECT,3194,True,CORRECT,False,20120,0,,0.57
MAIN,B_dot2c_u_w12,tree,B,"dot2c:uuuuu:12,12,12,12,24:26",CORRECT,3134,True,CORRECT,False,20120,0,,0.57
MAIN,B_dot2c_u_w16,norm,B,"dot2c:uuuuu:16,16,16,16,32:34",CORRECT,5661,True,CORRECT,False,20121,0,,0.76
MAIN,B_dot2c_u_w16,norm_pre,B,"dot2c:uuuuu:16,16,16,16,32:34",CORRECT,5823,True,CORRECT,False,20121,0,,0.76
MAIN,B_dot2c_u_w16,tree,B,"dot2c:uuuuu:16,16,16,16,32:34",CORRECT,5465,True,CORRECT,False,20121,0,,0.76
MAIN,B_dot2c_u_w16,tree_fa,B,"dot2c:uuuuu:16,16,16,16,32:34",CORRECT,5652,True,CORRECT,False,20121,0,,0.76
MAIN,B_dot2c_u_w16,tree_nofma,B,"dot2c:uuuuu:16,16,16,16,32:34",CORRECT,5661,True,CORRECT,False,20121,0,,0.75
MAIN,B_dot2c_u_w16,tree_pre,B,"dot2c:uuuuu:16,16,16,16,32:34",CORRECT,5586,True,CORRECT,False,20121,0,,0.73
MAIN,B_dot2c_u_w16,tree_ripple,B,"dot2c:uuuuu:16,16,16,16,32:34",CORRECT,5465,True,CORRECT,False,20121,0,,0.75
MAIN,B_dot2c_u_w24,norm,B,"dot2c:uuuuu:24,24,24,24,48:50",CORRECT,12512,True,CORRECT,False,20113,0,,1.14
MAIN,B_dot2c_u_w24,tree,B,"dot2c:uuuuu:24,24,24,24,48:50",CORRECT,12187,True,CORRECT,False,20113,0,,1.14
MAIN,B_dot2c_u_w32,norm,B,"dot2c:uuuuu:32,32,32,32,64:66",CORRECT,22129,True,CORRECT,False,20113,0,,1.56
MAIN,B_dot2c_u_w32,norm_pre,B,"dot2c:uuuuu:32,32,32,32,64:66",CORRECT,22384,True,CORRECT,False,20113,0,,1.57
MAIN,B_dot2c_u_w32,tree,B,"dot2c:uuuuu:32,32,32,32,64:66",CORRECT,21481,True,CORRECT,False,20113,0,,1.54
MAIN,B_dot2c_u_w32,tree_fa,B,"dot2c:uuuuu:32,32,32,32,64:66",CORRECT,21994,True,CORRECT,False,20113,0,,1.56
MAIN,B_dot2c_u_w32,tree_nofma,B,"dot2c:uuuuu:32,32,32,32,64:66",CORRECT,22129,True,CORRECT,False,20113,0,,1.54
MAIN,B_dot2c_u_w32,tree_pre,B,"dot2c:uuuuu:32,32,32,32,64:66",CORRECT,21705,True,CORRECT,False,20113,0,,1.54
MAIN,B_dot2c_u_w32,tree_ripple,B,"dot2c:uuuuu:32,32,32,32,64:66",CORRECT,21481,True,CORRECT,False,20113,0,,1.54
MAIN,B_dot2c_u_w64,norm,B,"dot2c:uuuuu:64,64,64,64,128:130",CORRECT,86255,True,CORRECT,False,20112,0,,3.35
MAIN,B_dot2c_u_w64,tree,B,"dot2c:uuuuu:64,64,64,64,128:130",CORRECT,84574,True,CORRECT,False,20112,0,,3.27
MAIN,B_dot2c_u_w8,norm,B,"dot2c:uuuuu:8,8,8,8,16:18",CORRECT,1465,True,CORRECT,False,20109,0,,0.39
MAIN,B_dot2c_u_w8,norm_pre,B,"dot2c:uuuuu:8,8,8,8,16:18",CORRECT,1510,True,CORRECT,False,20109,0,,0.39
MAIN,B_dot2c_u_w8,tree,B,"dot2c:uuuuu:8,8,8,8,16:18",CORRECT,1400,True,CORRECT,False,20109,0,,0.38
MAIN,B_dot2c_u_w8,tree_fa,B,"dot2c:uuuuu:8,8,8,8,16:18",CORRECT,1413,True,CORRECT,False,20109,0,,0.38
MAIN,B_dot2c_u_w8,tree_nofma,B,"dot2c:uuuuu:8,8,8,8,16:18",CORRECT,1465,True,CORRECT,False,20109,0,,0.38
MAIN,B_dot2c_u_w8,tree_pre,B,"dot2c:uuuuu:8,8,8,8,16:18",CORRECT,1447,True,CORRECT,False,20109,0,,0.4
MAIN,B_dot2c_u_w8,tree_rep,B,"dot2c:uuuuu:8,8,8,8,16:18",CORRECT,1400,True,CORRECT,False,20109,0,,0.38
MAIN,B_dot2c_u_w8,tree_ripple,B,"dot2c:uuuuu:8,8,8,8,16:18",CORRECT,1400,True,CORRECT,False,20109,0,,0.39
MAIN,B_mac_s_w12,norm,B,"mac:sss:12,12,24:25",CORRECT,1949,True,CORRECT,False,18237,0,,0.37
MAIN,B_mac_s_w12,tree,B,"mac:sss:12,12,24:25",CORRECT,1632,True,INCORRECT,False,18237,18237,"{""input_vector_hex"": ""0x0"", ""operands"": [""0x0"", ""0x0"", ""0x0""], ""got"": ""0x1000000"", ""expected"": ""0x0"", ""diff_bits"": [24]}",0.38
MAIN,B_mac_s_w16,booth,B,"mac:sss:16,16,32:33",CORRECT,2377,True,CORRECT,False,18240,0,,0.51
MAIN,B_mac_s_w16,norm,B,"mac:sss:16,16,32:33",CORRECT,3480,True,CORRECT,False,18240,0,,0.52
MAIN,B_mac_s_w16,norm_pre,B,"mac:sss:16,16,32:33",CORRECT,3597,True,CORRECT,False,18240,0,,0.51
MAIN,B_mac_s_w16,tree,B,"mac:sss:16,16,32:33",CORRECT,2859,True,INCORRECT,False,18240,18240,"{""input_vector_hex"": ""0x0"", ""operands"": [""0x0"", ""0x0"", ""0x0""], ""got"": ""0x100000000"", ""expected"": ""0x0"", ""diff_bits"": [32]}",0.51
MAIN,B_mac_s_w16,tree_fa,B,"mac:sss:16,16,32:33",CORRECT,2888,True,INCORRECT,False,18240,18240,"{""input_vector_hex"": ""0x0"", ""operands"": [""0x0"", ""0x0"", ""0x0""], ""got"": ""0x100000000"", ""expected"": ""0x0"", ""diff_bits"": [32]}",0.51
MAIN,B_mac_s_w16,tree_nofma,B,"mac:sss:16,16,32:33",CORRECT,3480,True,CORRECT,False,18240,0,,0.52
MAIN,B_mac_s_w16,tree_pre,B,"mac:sss:16,16,32:33",CORRECT,2938,True,INCORRECT,False,18240,18240,"{""input_vector_hex"": ""0x0"", ""operands"": [""0x0"", ""0x0"", ""0x0""], ""got"": ""0x100000000"", ""expected"": ""0x0"", ""diff_bits"": [32]}",0.52
MAIN,B_mac_s_w16,tree_ripple,B,"mac:sss:16,16,32:33",CORRECT,2859,True,INCORRECT,False,18240,18240,"{""input_vector_hex"": ""0x0"", ""operands"": [""0x0"", ""0x0"", ""0x0""], ""got"": ""0x100000000"", ""expected"": ""0x0"", ""diff_bits"": [32]}",0.5
MAIN,B_mac_s_w24,norm,B,"mac:sss:24,24,48:49",CORRECT,7346,True,CORRECT,False,18158,0,,0.77
MAIN,B_mac_s_w24,tree,B,"mac:sss:24,24,48:49",CORRECT,6221,True,INCORRECT,False,18158,18158,"{""input_vector_hex"": ""0x0"", ""operands"": [""0x0"", ""0x0"", ""0x0""], ""got"": ""0x1000000000000"", ""expected"": ""0x0"", ""diff_bits"": [48]}",0.76
MAIN,B_mac_s_w32,booth,B,"mac:sss:32,32,64:65",CORRECT,8852,True,CORRECT,False,18158,0,,1.03
MAIN,B_mac_s_w32,norm,B,"mac:sss:32,32,64:65",CORRECT,12937,True,CORRECT,False,18158,0,,1.04
MAIN,B_mac_s_w32,norm_pre,B,"mac:sss:32,32,64:65",CORRECT,13107,True,CORRECT,False,18158,0,,1.07
MAIN,B_mac_s_w32,tree,B,"mac:sss:32,32,64:65",CORRECT,10992,True,INCORRECT,False,18158,18158,"{""input_vector_hex"": ""0x0"", ""operands"": [""0x0"", ""0x0"", ""0x0""], ""got"": ""0x10000000000000000"", ""expected"": ""0x0"", ""diff_bits"": [64]}",1.04
MAIN,B_mac_s_w32,tree_fa,B,"mac:sss:32,32,64:65",CORRECT,11160,True,INCORRECT,False,18158,18158,"{""input_vector_hex"": ""0x0"", ""operands"": [""0x0"", ""0x0"", ""0x0""], ""got"": ""0x10000000000000000"", ""expected"": ""0x0"", ""diff_bits"": [64]}",1.07
MAIN,B_mac_s_w32,tree_nofma,B,"mac:sss:32,32,64:65",CORRECT,12937,True,CORRECT,False,18158,0,,1.04
MAIN,B_mac_s_w32,tree_pre,B,"mac:sss:32,32,64:65",CORRECT,11172,True,INCORRECT,False,18158,18158,"{""input_vector_hex"": ""0x0"", ""operands"": [""0x0"", ""0x0"", ""0x0""], ""got"": ""0x10000000000000000"", ""expected"": ""0x0"", ""diff_bits"": [64]}",1.02
MAIN,B_mac_s_w32,tree_ripple,B,"mac:sss:32,32,64:65",CORRECT,10992,True,INCORRECT,False,18158,18158,"{""input_vector_hex"": ""0x0"", ""operands"": [""0x0"", ""0x0"", ""0x0""], ""got"": ""0x10000000000000000"", ""expected"": ""0x0"", ""diff_bits"": [64]}",1.05
MAIN,B_mac_s_w64,norm,B,"mac:sss:64,64,128:129",CORRECT,47482,True,CORRECT,False,18204,0,,2.16
MAIN,B_mac_s_w64,tree,B,"mac:sss:64,64,128:129",CORRECT,42838,True,INCORRECT,False,18204,18204,"{""input_vector_hex"": ""0x0"", ""operands"": [""0x0"", ""0x0"", ""0x0""], ""got"": ""0x100000000000000000000000000000000"", ""expected"": ""0x0"", ""diff_bits"": [128]}",2.14
MAIN,B_mac_s_w8,booth,B,"mac:sss:8,8,16:17",CORRECT,663,True,CORRECT,False,18185,0,,0.27
MAIN,B_mac_s_w8,norm,B,"mac:sss:8,8,16:17",CORRECT,912,True,CORRECT,False,18185,0,,0.27
MAIN,B_mac_s_w8,norm_pre,B,"mac:sss:8,8,16:17",CORRECT,971,True,CORRECT,False,18185,0,,0.26
MAIN,B_mac_s_w8,tree,B,"mac:sss:8,8,16:17",CORRECT,760,True,INCORRECT,False,18185,18185,"{""input_vector_hex"": ""0x0"", ""operands"": [""0x0"", ""0x0"", ""0x0""], ""got"": ""0x10000"", ""expected"": ""0x0"", ""diff_bits"": [16]}",0.27
MAIN,B_mac_s_w8,tree_fa,B,"mac:sss:8,8,16:17",CORRECT,783,True,INCORRECT,False,18185,18185,"{""input_vector_hex"": ""0x0"", ""operands"": [""0x0"", ""0x0"", ""0x0""], ""got"": ""0x10000"", ""expected"": ""0x0"", ""diff_bits"": [16]}",0.26
MAIN,B_mac_s_w8,tree_nofma,B,"mac:sss:8,8,16:17",CORRECT,912,True,CORRECT,False,18185,0,,0.26
MAIN,B_mac_s_w8,tree_pre,B,"mac:sss:8,8,16:17",CORRECT,788,True,INCORRECT,False,18185,18185,"{""input_vector_hex"": ""0x0"", ""operands"": [""0x0"", ""0x0"", ""0x0""], ""got"": ""0x10000"", ""expected"": ""0x0"", ""diff_bits"": [16]}",0.26
MAIN,B_mac_s_w8,tree_rep,B,"mac:sss:8,8,16:17",CORRECT,760,True,INCORRECT,False,18185,18185,"{""input_vector_hex"": ""0x0"", ""operands"": [""0x0"", ""0x0"", ""0x0""], ""got"": ""0x10000"", ""expected"": ""0x0"", ""diff_bits"": [16]}",0.27
MAIN,B_mac_s_w8,tree_ripple,B,"mac:sss:8,8,16:17",CORRECT,760,True,INCORRECT,False,18185,18185,"{""input_vector_hex"": ""0x0"", ""operands"": [""0x0"", ""0x0"", ""0x0""], ""got"": ""0x10000"", ""expected"": ""0x0"", ""diff_bits"": [16]}",0.26
MAIN,B_mac_u_w12,norm,B,"mac:uuu:12,12,24:25",CORRECT,1565,True,CORRECT,False,18237,0,,0.36
MAIN,B_mac_u_w12,tree,B,"mac:uuu:12,12,24:25",CORRECT,1561,True,CORRECT,False,18237,0,,0.37
MAIN,B_mac_u_w16,booth,B,"mac:uuu:16,16,32:33",CORRECT,2568,True,CORRECT,False,18240,0,,0.49
MAIN,B_mac_u_w16,norm,B,"mac:uuu:16,16,32:33",CORRECT,2804,True,CORRECT,False,18240,0,,0.51
MAIN,B_mac_u_w16,norm_pre,B,"mac:uuu:16,16,32:33",CORRECT,2912,True,CORRECT,False,18240,0,,0.52
MAIN,B_mac_u_w16,tree,B,"mac:uuu:16,16,32:33",CORRECT,2722,True,CORRECT,False,18240,0,,0.5
MAIN,B_mac_u_w16,tree_fa,B,"mac:uuu:16,16,32:33",CORRECT,2783,True,CORRECT,False,18240,0,,0.49
MAIN,B_mac_u_w16,tree_nofma,B,"mac:uuu:16,16,32:33",CORRECT,2804,True,CORRECT,False,18240,0,,0.49
MAIN,B_mac_u_w16,tree_pre,B,"mac:uuu:16,16,32:33",CORRECT,2815,True,CORRECT,False,18240,0,,0.49
MAIN,B_mac_u_w16,tree_ripple,B,"mac:uuu:16,16,32:33",CORRECT,2722,True,CORRECT,False,18240,0,,0.48
MAIN,B_mac_u_w24,norm,B,"mac:uuu:24,24,48:49",CORRECT,6209,True,CORRECT,False,18158,0,,0.76
MAIN,B_mac_u_w24,tree,B,"mac:uuu:24,24,48:49",CORRECT,6081,True,CORRECT,False,18158,0,,0.75
MAIN,B_mac_u_w32,booth,B,"mac:uuu:32,32,64:65",CORRECT,9070,True,CORRECT,False,18158,0,,1.01
MAIN,B_mac_u_w32,norm,B,"mac:uuu:32,32,64:65",CORRECT,10933,True,CORRECT,False,18158,0,,1.03
MAIN,B_mac_u_w32,norm_pre,B,"mac:uuu:32,32,64:65",CORRECT,11129,True,CORRECT,False,18158,0,,1.03
MAIN,B_mac_u_w32,tree,B,"mac:uuu:32,32,64:65",CORRECT,10690,True,CORRECT,False,18158,0,,1.05
MAIN,B_mac_u_w32,tree_fa,B,"mac:uuu:32,32,64:65",CORRECT,10866,True,CORRECT,False,18158,0,,1.03
MAIN,B_mac_u_w32,tree_nofma,B,"mac:uuu:32,32,64:65",CORRECT,10933,True,CORRECT,False,18158,0,,1.02
MAIN,B_mac_u_w32,tree_pre,B,"mac:uuu:32,32,64:65",CORRECT,10915,True,CORRECT,False,18158,0,,1.03
MAIN,B_mac_u_w32,tree_ripple,B,"mac:uuu:32,32,64:65",CORRECT,10690,True,CORRECT,False,18158,0,,1.02
MAIN,B_mac_u_w64,norm,B,"mac:uuu:64,64,128:129",CORRECT,42973,True,CORRECT,False,18204,0,,2.12
MAIN,B_mac_u_w64,tree,B,"mac:uuu:64,64,128:129",CORRECT,42197,True,CORRECT,False,18204,0,,2.11
MAIN,B_mac_u_w8,booth,B,"mac:uuu:8,8,16:17",CORRECT,725,True,CORRECT,False,18185,0,,0.26
MAIN,B_mac_u_w8,norm,B,"mac:uuu:8,8,16:17",CORRECT,709,True,CORRECT,False,18185,0,,0.25
MAIN,B_mac_u_w8,norm_pre,B,"mac:uuu:8,8,16:17",CORRECT,753,True,CORRECT,False,18185,0,,0.26
MAIN,B_mac_u_w8,tree,B,"mac:uuu:8,8,16:17",CORRECT,694,True,CORRECT,False,18185,0,,0.25
MAIN,B_mac_u_w8,tree_fa,B,"mac:uuu:8,8,16:17",CORRECT,707,True,CORRECT,False,18185,0,,0.25
MAIN,B_mac_u_w8,tree_nofma,B,"mac:uuu:8,8,16:17",CORRECT,709,True,CORRECT,False,18185,0,,0.25
MAIN,B_mac_u_w8,tree_pre,B,"mac:uuu:8,8,16:17",CORRECT,729,True,CORRECT,False,18185,0,,0.25
MAIN,B_mac_u_w8,tree_rep,B,"mac:uuu:8,8,16:17",CORRECT,694,True,CORRECT,False,18185,0,,0.24
MAIN,B_mac_u_w8,tree_ripple,B,"mac:uuu:8,8,16:17",CORRECT,694,True,CORRECT,False,18185,0,,0.25
MAIN,C_macw_s_w16_y40,norm,C,"mac:sss:16,16,40:40",CORRECT,3777,True,CORRECT,False,18157,0,,0.6
MAIN,C_macw_s_w16_y40,tree,C,"mac:sss:16,16,40:40",CORRECT,2909,True,INCORRECT,False,18157,18157,"{""input_vector_hex"": ""0x0"", ""operands"": [""0x0"", ""0x0"", ""0x0""], ""got"": ""0x100000000"", ""expected"": ""0x0"", ""diff_bits"": [32]}",0.58
MAIN,C_macw_s_w16_y40,tree_nofma,C,"mac:sss:16,16,40:40",CORRECT,3777,True,CORRECT,False,18157,0,,0.58
MAIN,C_macw_s_w16_y40,tree_pre,C,"mac:sss:16,16,40:40",CORRECT,3002,True,INCORRECT,False,18157,18157,"{""input_vector_hex"": ""0x0"", ""operands"": [""0x0"", ""0x0"", ""0x0""], ""got"": ""0x100000000"", ""expected"": ""0x0"", ""diff_bits"": [32]}",0.59
MAIN,C_macw_s_w16_y48,norm,C,"mac:sss:16,16,48:48",CORRECT,4099,True,CORRECT,False,18157,0,,0.68
MAIN,C_macw_s_w16_y48,tree,C,"mac:sss:16,16,48:48",CORRECT,2941,True,INCORRECT,False,18157,18157,"{""input_vector_hex"": ""0x0"", ""operands"": [""0x0"", ""0x0"", ""0x0""], ""got"": ""0x100000000"", ""expected"": ""0x0"", ""diff_bits"": [32]}",0.65
MAIN,C_macw_s_w16_y48,tree_nofma,C,"mac:sss:16,16,48:48",CORRECT,4099,True,CORRECT,False,18157,0,,0.67
MAIN,C_macw_s_w16_y48,tree_pre,C,"mac:sss:16,16,48:48",CORRECT,3043,True,INCORRECT,False,18157,18157,"{""input_vector_hex"": ""0x0"", ""operands"": [""0x0"", ""0x0"", ""0x0""], ""got"": ""0x100000000"", ""expected"": ""0x0"", ""diff_bits"": [32]}",0.66
MAIN,C_macw_s_w32_y72,norm,C,"mac:sss:32,32,72:72",CORRECT,13388,True,CORRECT,False,18226,0,,1.12
MAIN,C_macw_s_w32_y72,tree,C,"mac:sss:32,32,72:72",CORRECT,11064,True,INCORRECT,False,18226,18226,"{""input_vector_hex"": ""0x0"", ""operands"": [""0x0"", ""0x0"", ""0x0""], ""got"": ""0x10000000000000000"", ""expected"": ""0x0"", ""diff_bits"": [64]}",1.11
MAIN,C_macw_s_w32_y80,norm,C,"mac:sss:32,32,80:80",CORRECT,13908,True,CORRECT,False,18226,0,,1.21
MAIN,C_macw_s_w32_y80,tree,C,"mac:sss:32,32,80:80",CORRECT,11089,True,INCORRECT,False,18226,18226,"{""input_vector_hex"": ""0x0"", ""operands"": [""0x0"", ""0x0"", ""0x0""], ""got"": ""0x10000000000000000"", ""expected"": ""0x0"", ""diff_bits"": [64]}",1.18
MAIN,C_macw_s_w4_y16,norm,C,"mac:sss:4,4,16:16",CORRECT,406,True,CORRECT,False,17614,0,,0.21
MAIN,C_macw_s_w4_y16,tree,C,"mac:sss:4,4,16:16",CORRECT,246,True,INCORRECT,False,17614,17614,"{""input_vector_hex"": ""0x0"", ""operands"": [""0x0"", ""0x0"", ""0x0""], ""got"": ""0x100"", ""expected"": ""0x0"", ""diff_bits"": [8]}",0.22
MAIN,C_macw_s_w4_y16,tree_nofma,C,"mac:sss:4,4,16:16",CORRECT,406,True,CORRECT,False,17614,0,,0.21
MAIN,C_macw_s_w4_y16,tree_pre,C,"mac:sss:4,4,16:16",CORRECT,268,True,INCORRECT,False,17614,17614,"{""input_vector_hex"": ""0x0"", ""operands"": [""0x0"", ""0x0"", ""0x0""], ""got"": ""0x100"", ""expected"": ""0x0"", ""diff_bits"": [8]}",0.22
MAIN,C_macw_s_w4_y24,norm,C,"mac:sss:4,4,24:24",CORRECT,589,True,CORRECT,False,17614,0,,0.28
MAIN,C_macw_s_w4_y24,tree,C,"mac:sss:4,4,24:24",CORRECT,278,True,INCORRECT,False,17614,17614,"{""input_vector_hex"": ""0x0"", ""operands"": [""0x0"", ""0x0"", ""0x0""], ""got"": ""0x100"", ""expected"": ""0x0"", ""diff_bits"": [8]}",0.28
MAIN,C_macw_s_w4_y24,tree_nofma,C,"mac:sss:4,4,24:24",CORRECT,589,True,CORRECT,False,17614,0,,0.28
MAIN,C_macw_s_w4_y24,tree_pre,C,"mac:sss:4,4,24:24",CORRECT,309,True,INCORRECT,False,17614,17614,"{""input_vector_hex"": ""0x0"", ""operands"": [""0x0"", ""0x0"", ""0x0""], ""got"": ""0x100"", ""expected"": ""0x0"", ""diff_bits"": [8]}",0.29
MAIN,C_macw_s_w8_y24,norm,C,"mac:sss:8,8,24:24",CORRECT,1180,True,CORRECT,False,18185,0,,0.33
MAIN,C_macw_s_w8_y24,tree,C,"mac:sss:8,8,24:24",CORRECT,804,True,INCORRECT,False,18185,18185,"{""input_vector_hex"": ""0x0"", ""operands"": [""0x0"", ""0x0"", ""0x0""], ""got"": ""0x10000"", ""expected"": ""0x0"", ""diff_bits"": [16]}",0.33
MAIN,C_macw_s_w8_y24,tree_nofma,C,"mac:sss:8,8,24:24",CORRECT,1180,True,CORRECT,False,18185,0,,0.32
MAIN,C_macw_s_w8_y24,tree_pre,C,"mac:sss:8,8,24:24",CORRECT,849,True,INCORRECT,False,18185,18185,"{""input_vector_hex"": ""0x0"", ""operands"": [""0x0"", ""0x0"", ""0x0""], ""got"": ""0x10000"", ""expected"": ""0x0"", ""diff_bits"": [16]}",0.33
MAIN,C_macw_s_w8_y32,norm,C,"mac:sss:8,8,32:32",CORRECT,1474,True,CORRECT,False,18185,0,,0.42
MAIN,C_macw_s_w8_y32,tree,C,"mac:sss:8,8,32:32",CORRECT,836,True,INCORRECT,False,18185,18185,"{""input_vector_hex"": ""0x0"", ""operands"": [""0x0"", ""0x0"", ""0x0""], ""got"": ""0x10000"", ""expected"": ""0x0"", ""diff_bits"": [16]}",0.41
MAIN,C_macw_s_w8_y32,tree_nofma,C,"mac:sss:8,8,32:32",CORRECT,1474,True,CORRECT,False,18185,0,,0.41
MAIN,C_macw_s_w8_y32,tree_pre,C,"mac:sss:8,8,32:32",CORRECT,890,True,INCORRECT,False,18185,18185,"{""input_vector_hex"": ""0x0"", ""operands"": [""0x0"", ""0x0"", ""0x0""], ""got"": ""0x10000"", ""expected"": ""0x0"", ""diff_bits"": [16]}",0.41
MAIN,C_macw_u_w16_y40,norm,C,"mac:uuu:16,16,40:40",CORRECT,2841,True,CORRECT,False,18157,0,,0.57
MAIN,C_macw_u_w16_y40,tree,C,"mac:uuu:16,16,40:40",CORRECT,2752,True,CORRECT,False,18157,0,,0.56
MAIN,C_macw_u_w16_y40,tree_nofma,C,"mac:uuu:16,16,40:40",CORRECT,2841,True,CORRECT,False,18157,0,,0.58
MAIN,C_macw_u_w16_y40,tree_pre,C,"mac:uuu:16,16,40:40",CORRECT,2864,True,CORRECT,False,18157,0,,0.57
MAIN,C_macw_u_w16_y48,norm,C,"mac:uuu:16,16,48:48",CORRECT,2880,True,CORRECT,False,18157,0,,0.66
MAIN,C_macw_u_w16_y48,tree,C,"mac:uuu:16,16,48:48",CORRECT,2789,True,CORRECT,False,18157,0,,0.66
MAIN,C_macw_u_w16_y48,tree_nofma,C,"mac:uuu:16,16,48:48",CORRECT,2880,True,CORRECT,False,18157,0,,0.67
MAIN,C_macw_u_w16_y48,tree_pre,C,"mac:uuu:16,16,48:48",CORRECT,2903,True,CORRECT,False,18157,0,,0.67
MAIN,C_macw_u_w32_y72,norm,C,"mac:uuu:32,32,72:72",CORRECT,10971,True,CORRECT,False,18226,0,,1.1
MAIN,C_macw_u_w32_y72,tree,C,"mac:uuu:32,32,72:72",CORRECT,10735,True,CORRECT,False,18226,0,,1.13
MAIN,C_macw_u_w32_y80,norm,C,"mac:uuu:32,32,80:80",CORRECT,11007,True,CORRECT,False,18226,0,,1.19
MAIN,C_macw_u_w32_y80,tree,C,"mac:uuu:32,32,80:80",CORRECT,10808,True,CORRECT,False,18226,0,,1.16
MAIN,C_macw_u_w4_y16,norm,C,"mac:uuu:4,4,16:16",CORRECT,215,True,CORRECT,False,17614,0,,0.2
MAIN,C_macw_u_w4_y16,tree,C,"mac:uuu:4,4,16:16",CORRECT,206,True,CORRECT,False,17614,0,,0.2
MAIN,C_macw_u_w4_y16,tree_nofma,C,"mac:uuu:4,4,16:16",CORRECT,215,True,CORRECT,False,17614,0,,0.2
MAIN,C_macw_u_w4_y16,tree_pre,C,"mac:uuu:4,4,16:16",CORRECT,226,True,CORRECT,False,17614,0,,0.2
MAIN,C_macw_u_w4_y24,norm,C,"mac:uuu:4,4,24:24",CORRECT,250,True,CORRECT,False,17614,0,,0.27
MAIN,C_macw_u_w4_y24,tree,C,"mac:uuu:4,4,24:24",CORRECT,239,True,CORRECT,False,17614,0,,0.27
MAIN,C_macw_u_w4_y24,tree_nofma,C,"mac:uuu:4,4,24:24",CORRECT,250,True,CORRECT,False,17614,0,,0.27
MAIN,C_macw_u_w4_y24,tree_pre,C,"mac:uuu:4,4,24:24",CORRECT,265,True,CORRECT,False,17614,0,,0.27
MAIN,C_macw_u_w8_y24,norm,C,"mac:uuu:8,8,24:24",CORRECT,743,True,CORRECT,False,18185,0,,0.32
MAIN,C_macw_u_w8_y24,tree,C,"mac:uuu:8,8,24:24",CORRECT,731,True,CORRECT,False,18185,0,,0.33
MAIN,C_macw_u_w8_y24,tree_nofma,C,"mac:uuu:8,8,24:24",CORRECT,743,True,CORRECT,False,18185,0,,0.32
MAIN,C_macw_u_w8_y24,tree_pre,C,"mac:uuu:8,8,24:24",CORRECT,775,True,CORRECT,False,18185,0,,0.32
MAIN,C_macw_u_w8_y32,norm,C,"mac:uuu:8,8,32:32",CORRECT,774,True,CORRECT,False,18185,0,,0.4
MAIN,C_macw_u_w8_y32,tree,C,"mac:uuu:8,8,32:32",CORRECT,762,True,CORRECT,False,18185,0,,0.41
MAIN,C_macw_u_w8_y32,tree_nofma,C,"mac:uuu:8,8,32:32",CORRECT,774,True,CORRECT,False,18185,0,,0.42
MAIN,C_macw_u_w8_y32,tree_pre,C,"mac:uuu:8,8,32:32",CORRECT,814,True,CORRECT,False,18185,0,,0.39
MAIN,C_msub_s_w16,norm,C,"msub:sss:16,16,32:33",CORRECT,3437,True,CORRECT,False,18240,0,,0.52
MAIN,C_msub_s_w16,tree,C,"msub:sss:16,16,32:33",CORRECT,2998,True,INCORRECT,False,18240,18240,"{""input_vector_hex"": ""0x0"", ""operands"": [""0x0"", ""0x0"", ""0x0""], ""got"": ""0x100000000"", ""expected"": ""0x0"", ""diff_bits"": [32]}",0.52
MAIN,C_msub_s_w16,tree_nofma,C,"msub:sss:16,16,32:33",CORRECT,3437,True,CORRECT,False,18240,0,,0.51
MAIN,C_msub_s_w16,tree_pre,C,"msub:sss:16,16,32:33",CORRECT,3148,True,INCORRECT,False,18240,18240,"{""input_vector_hex"": ""0x0"", ""operands"": [""0x0"", ""0x0"", ""0x0""], ""got"": ""0x100000000"", ""expected"": ""0x0"", ""diff_bits"": [32]}",0.51
MAIN,C_msub_s_w32,norm,C,"msub:sss:32,32,64:65",CORRECT,12861,True,CORRECT,False,18158,0,,1.05
MAIN,C_msub_s_w32,tree,C,"msub:sss:32,32,64:65",CORRECT,11339,True,INCORRECT,False,18158,18158,"{""input_vector_hex"": ""0x0"", ""operands"": [""0x0"", ""0x0"", ""0x0""], ""got"": ""0x10000000000000000"", ""expected"": ""0x0"", ""diff_bits"": [64]}",1.03
MAIN,C_msub_s_w4,norm,C,"msub:sss:4,4,8:9",CORRECT,232,True,CORRECT,True,65536,0,,0.51
MAIN,C_msub_s_w4,tree,C,"msub:sss:4,4,8:9",CORRECT,199,True,INCORRECT,True,65536,65536,"{""input_vector_hex"": ""0x0"", ""operands"": [""0x0"", ""0x0"", ""0x0""], ""got"": ""0x100"", ""expected"": ""0x0"", ""diff_bits"": [8]}",0.51
MAIN,C_msub_s_w4,tree_nofma,C,"msub:sss:4,4,8:9",CORRECT,232,True,CORRECT,True,65536,0,,0.51
MAIN,C_msub_s_w4,tree_pre,C,"msub:sss:4,4,8:9",CORRECT,233,True,INCORRECT,True,65536,65536,"{""input_vector_hex"": ""0x0"", ""operands"": [""0x0"", ""0x0"", ""0x0""], ""got"": ""0x100"", ""expected"": ""0x0"", ""diff_bits"": [8]}",0.52
MAIN,C_msub_s_w8,norm,C,"msub:sss:8,8,16:17",CORRECT,857,True,CORRECT,False,18185,0,,0.26
MAIN,C_msub_s_w8,tree,C,"msub:sss:8,8,16:17",CORRECT,791,True,INCORRECT,False,18185,18185,"{""input_vector_hex"": ""0x0"", ""operands"": [""0x0"", ""0x0"", ""0x0""], ""got"": ""0x10000"", ""expected"": ""0x0"", ""diff_bits"": [16]}",0.26
MAIN,C_msub_s_w8,tree_nofma,C,"msub:sss:8,8,16:17",CORRECT,857,True,CORRECT,False,18185,0,,0.26
MAIN,C_msub_s_w8,tree_pre,C,"msub:sss:8,8,16:17",CORRECT,861,True,INCORRECT,False,18185,18185,"{""input_vector_hex"": ""0x0"", ""operands"": [""0x0"", ""0x0"", ""0x0""], ""got"": ""0x10000"", ""expected"": ""0x0"", ""diff_bits"": [16]}",0.26
MAIN,C_msub_u_w16,norm,C,"msub:uuu:16,16,32:33",CORRECT,2856,True,CORRECT,False,18240,0,,0.52
MAIN,C_msub_u_w16,tree,C,"msub:uuu:16,16,32:33",CORRECT,2818,True,CORRECT,False,18240,0,,0.52
MAIN,C_msub_u_w16,tree_nofma,C,"msub:uuu:16,16,32:33",CORRECT,2856,True,CORRECT,False,18240,0,,0.5
MAIN,C_msub_u_w16,tree_pre,C,"msub:uuu:16,16,32:33",CORRECT,2968,True,CORRECT,False,18240,0,,0.5
MAIN,C_msub_u_w32,norm,C,"msub:uuu:32,32,64:65",CORRECT,11175,True,CORRECT,False,18158,0,,1.06
MAIN,C_msub_u_w32,tree,C,"msub:uuu:32,32,64:65",CORRECT,10918,True,CORRECT,False,18158,0,,1.01
MAIN,C_msub_u_w4,norm,C,"msub:uuu:4,4,8:9",CORRECT,188,True,CORRECT,True,65536,0,,0.47
MAIN,C_msub_u_w4,tree,C,"msub:uuu:4,4,8:9",CORRECT,191,True,CORRECT,True,65536,0,,0.47
MAIN,C_msub_u_w4,tree_nofma,C,"msub:uuu:4,4,8:9",CORRECT,188,True,CORRECT,True,65536,0,,0.48
MAIN,C_msub_u_w4,tree_pre,C,"msub:uuu:4,4,8:9",CORRECT,207,True,CORRECT,True,65536,0,,0.48
MAIN,C_msub_u_w8,norm,C,"msub:uuu:8,8,16:17",CORRECT,709,True,CORRECT,False,18185,0,,0.25
MAIN,C_msub_u_w8,tree,C,"msub:uuu:8,8,16:17",CORRECT,724,True,CORRECT,False,18185,0,,0.25
MAIN,C_msub_u_w8,tree_nofma,C,"msub:uuu:8,8,16:17",CORRECT,709,True,CORRECT,False,18185,0,,0.25
MAIN,C_msub_u_w8,tree_pre,C,"msub:uuu:8,8,16:17",CORRECT,787,True,CORRECT,False,18185,0,,0.25
MAIN,C_msubw_s_w16_y40,norm,C,"msub:sss:16,16,40:40",CORRECT,3758,True,CORRECT,False,18157,0,,0.58
MAIN,C_msubw_s_w16_y40,tree,C,"msub:sss:16,16,40:40",CORRECT,3065,True,INCORRECT,False,18157,18157,"{""input_vector_hex"": ""0x0"", ""operands"": [""0x0"", ""0x0"", ""0x0""], ""got"": ""0xff00000000"", ""expected"": ""0x0"", ""diff_bits"": [32, 33, 34, 35, 36, 37, 38, 39]}",0.58
MAIN,C_msubw_s_w16_y40,tree_nofma,C,"msub:sss:16,16,40:40",CORRECT,3758,True,CORRECT,False,18157,0,,0.59
MAIN,C_msubw_s_w16_y40,tree_pre,C,"msub:sss:16,16,40:40",CORRECT,3255,True,INCORRECT,False,18157,18157,"{""input_vector_hex"": ""0x0"", ""operands"": [""0x0"", ""0x0"", ""0x0""], ""got"": ""0xff00000000"", ""expected"": ""0x0"", ""diff_bits"": [32, 33, 34, 35, 36, 37, 38, 39]}",0.59
MAIN,C_msubw_s_w16_y48,norm,C,"msub:sss:16,16,48:48",CORRECT,4104,True,CORRECT,False,18157,0,,0.68
MAIN,C_msubw_s_w16_y48,tree,C,"msub:sss:16,16,48:48",CORRECT,3153,True,INCORRECT,False,18157,18157,"{""input_vector_hex"": ""0x0"", ""operands"": [""0x0"", ""0x0"", ""0x0""], ""got"": ""0xffff00000000"", ""expected"": ""0x0"", ""diff_bits"": [32, 33, 34, 35, 36, 37, 38, 39, 40, 41, 42, 43, 44, 45, 46, 47]}",0.66
MAIN,C_msubw_s_w16_y48,tree_nofma,C,"msub:sss:16,16,48:48",CORRECT,4104,True,CORRECT,False,18157,0,,0.69
MAIN,C_msubw_s_w16_y48,tree_pre,C,"msub:sss:16,16,48:48",CORRECT,3348,True,INCORRECT,False,18157,18157,"{""input_vector_hex"": ""0x0"", ""operands"": [""0x0"", ""0x0"", ""0x0""], ""got"": ""0xffff00000000"", ""expected"": ""0x0"", ""diff_bits"": [32, 33, 34, 35, 36, 37, 38, 39, 40, 41, 42, 43, 44, 45, 46, 47]}",0.68
MAIN,C_msubw_s_w32_y72,norm,C,"msub:sss:32,32,72:72",CORRECT,13298,True,CORRECT,False,18226,0,,1.11
MAIN,C_msubw_s_w32_y72,tree,C,"msub:sss:32,32,72:72",CORRECT,11422,True,INCORRECT,False,18226,18226,"{""input_vector_hex"": ""0x0"", ""operands"": [""0x0"", ""0x0"", ""0x0""], ""got"": ""0xff0000000000000000"", ""expected"": ""0x0"", ""diff_bits"": [64, 65, 66, 67, 68, 69, 70, 71]}",1.12
MAIN,C_msubw_s_w32_y80,norm,C,"msub:sss:32,32,80:80",CORRECT,13795,True,CORRECT,False,18226,0,,1.18
MAIN,C_msubw_s_w32_y80,tree,C,"msub:sss:32,32,80:80",CORRECT,11505,True,INCORRECT,False,18226,18226,"{""input_vector_hex"": ""0x0"", ""operands"": [""0x0"", ""0x0"", ""0x0""], ""got"": ""0xffff0000000000000000"", ""expected"": ""0x0"", ""diff_bits"": [64, 65, 66, 67, 68, 69, 70, 71, 72, 73, 74, 75, 76, 77, 78, 79]}",1.17
MAIN,C_msubw_s_w4_y16,norm,C,"msub:sss:4,4,16:16",CORRECT,417,True,CORRECT,False,17614,0,,0.22
MAIN,C_msubw_s_w4_y16,tree,C,"msub:sss:4,4,16:16",CORRECT,279,True,INCORRECT,False,17614,17614,"{""input_vector_hex"": ""0x0"", ""operands"": [""0x0"", ""0x0"", ""0x0""], ""got"": ""0xff00"", ""expected"": ""0x0"", ""diff_bits"": [8, 9, 10, 11, 12, 13, 14, 15]}",0.21
MAIN,C_msubw_s_w4_y16,tree_nofma,C,"msub:sss:4,4,16:16",CORRECT,417,True,CORRECT,False,17614,0,,0.21
MAIN,C_msubw_s_w4_y16,tree_pre,C,"msub:sss:4,4,16:16",CORRECT,323,True,INCORRECT,False,17614,17614,"{""input_vector_hex"": ""0x0"", ""operands"": [""0x0"", ""0x0"", ""0x0""], ""got"": ""0xff00"", ""expected"": ""0x0"", ""diff_bits"": [8, 9, 10, 11, 12, 13, 14, 15]}",0.21
MAIN,C_msubw_s_w4_y24,norm,C,"msub:sss:4,4,24:24",CORRECT,624,True,CORRECT,False,17614,0,,0.28
MAIN,C_msubw_s_w4_y24,tree,C,"msub:sss:4,4,24:24",CORRECT,358,True,INCORRECT,False,17614,17614,"{""input_vector_hex"": ""0x0"", ""operands"": [""0x0"", ""0x0"", ""0x0""], ""got"": ""0xffff00"", ""expected"": ""0x0"", ""diff_bits"": [8, 9, 10, 11, 12, 13, 14, 15, 16, 17, 18, 19, 20, 21, 22, 23]}",0.29
MAIN,C_msubw_s_w4_y24,tree_nofma,C,"msub:sss:4,4,24:24",CORRECT,624,True,CORRECT,False,17614,0,,0.29
MAIN,C_msubw_s_w4_y24,tree_pre,C,"msub:sss:4,4,24:24",CORRECT,416,True,INCORRECT,False,17614,17614,"{""input_vector_hex"": ""0x0"", ""operands"": [""0x0"", ""0x0"", ""0x0""], ""got"": ""0xffff00"", ""expected"": ""0x0"", ""diff_bits"": [8, 9, 10, 11, 12, 13, 14, 15, 16, 17, 18, 19, 20, 21, 22, 23]}",0.29
MAIN,C_msubw_s_w8_y24,norm,C,"msub:sss:8,8,24:24",CORRECT,952,True,CORRECT,False,18185,0,,0.33
MAIN,C_msubw_s_w8_y24,tree,C,"msub:sss:8,8,24:24",CORRECT,860,True,INCORRECT,False,18185,18185,"{""input_vector_hex"": ""0x0"", ""operands"": [""0x0"", ""0x0"", ""0x0""], ""got"": ""0xff0000"", ""expected"": ""0x0"", ""diff_bits"": [16, 17, 18, 19, 20, 21, 22, 23]}",0.33
MAIN,C_msubw_s_w8_y24,tree_nofma,C,"msub:sss:8,8,24:24",CORRECT,952,True,CORRECT,False,18185,0,,0.33
MAIN,C_msubw_s_w8_y24,tree_pre,C,"msub:sss:8,8,24:24",CORRECT,962,True,INCORRECT,False,18185,18185,"{""input_vector_hex"": ""0x0"", ""operands"": [""0x0"", ""0x0"", ""0x0""], ""got"": ""0xff0000"", ""expected"": ""0x0"", ""diff_bits"": [16, 17, 18, 19, 20, 21, 22, 23]}",0.34
MAIN,C_msubw_s_w8_y32,norm,C,"msub:sss:8,8,32:32",CORRECT,1051,True,CORRECT,False,18185,0,,0.41
MAIN,C_msubw_s_w8_y32,tree,C,"msub:sss:8,8,32:32",CORRECT,946,True,INCORRECT,False,18185,18185,"{""input_vector_hex"": ""0x0"", ""operands"": [""0x0"", ""0x0"", ""0x0""], ""got"": ""0xffff0000"", ""expected"": ""0x0"", ""diff_bits"": [16, 17, 18, 19, 20, 21, 22, 23, 24, 25, 26, 27, 28, 29, 30, 31]}",0.41
MAIN,C_msubw_s_w8_y32,tree_nofma,C,"msub:sss:8,8,32:32",CORRECT,1051,True,CORRECT,False,18185,0,,0.42
MAIN,C_msubw_s_w8_y32,tree_pre,C,"msub:sss:8,8,32:32",CORRECT,1055,True,INCORRECT,False,18185,18185,"{""input_vector_hex"": ""0x0"", ""operands"": [""0x0"", ""0x0"", ""0x0""], ""got"": ""0xffff0000"", ""expected"": ""0x0"", ""diff_bits"": [16, 17, 18, 19, 20, 21, 22, 23, 24, 25, 26, 27, 28, 29, 30, 31]}",0.41
MAIN,C_msubw_u_w16_y40,norm,C,"msub:uuu:16,16,40:40",CORRECT,2893,True,CORRECT,False,18157,0,,0.57
MAIN,C_msubw_u_w16_y40,tree,C,"msub:uuu:16,16,40:40",CORRECT,2889,True,CORRECT,False,18157,0,,0.58
MAIN,C_msubw_u_w16_y40,tree_nofma,C,"msub:uuu:16,16,40:40",CORRECT,2893,True,CORRECT,False,18157,0,,0.57
MAIN,C_msubw_u_w16_y40,tree_pre,C,"msub:uuu:16,16,40:40",CORRECT,3059,True,CORRECT,False,18157,0,,0.58
MAIN,C_msubw_u_w16_y48,norm,C,"msub:uuu:16,16,48:48",CORRECT,2925,True,CORRECT,False,18157,0,,0.66
MAIN,C_msubw_u_w16_y48,tree,C,"msub:uuu:16,16,48:48",CORRECT,2952,True,CORRECT,False,18157,0,,0.65
MAIN,C_msubw_u_w16_y48,tree_nofma,C,"msub:uuu:16,16,48:48",CORRECT,2925,True,CORRECT,False,18157,0,,0.66
MAIN,C_msubw_u_w16_y48,tree_pre,C,"msub:uuu:16,16,48:48",CORRECT,3152,True,CORRECT,False,18157,0,,0.66
MAIN,C_msubw_u_w32_y72,norm,C,"msub:uuu:32,32,72:72",CORRECT,11281,True,CORRECT,False,18226,0,,1.09
MAIN,C_msubw_u_w32_y72,tree,C,"msub:uuu:32,32,72:72",CORRECT,10984,True,CORRECT,False,18226,0,,1.08
MAIN,C_msubw_u_w32_y80,norm,C,"msub:uuu:32,32,80:80",CORRECT,11363,True,CORRECT,False,18226,0,,1.16
MAIN,C_msubw_u_w32_y80,tree,C,"msub:uuu:32,32,80:80",CORRECT,11063,True,CORRECT,False,18226,0,,1.19
MAIN,C_msubw_u_w4_y16,norm,C,"msub:uuu:4,4,16:16",CORRECT,222,True,CORRECT,False,17614,0,,0.21
MAIN,C_msubw_u_w4_y16,tree,C,"msub:uuu:4,4,16:16",CORRECT,257,True,CORRECT,False,17614,0,,0.21
MAIN,C_msubw_u_w4_y16,tree_nofma,C,"msub:uuu:4,4,16:16",CORRECT,222,True,CORRECT,False,17614,0,,0.2
MAIN,C_msubw_u_w4_y16,tree_pre,C,"msub:uuu:4,4,16:16",CORRECT,291,True,CORRECT,False,17614,0,,0.21
MAIN,C_msubw_u_w4_y24,norm,C,"msub:uuu:4,4,24:24",CORRECT,254,True,CORRECT,False,17614,0,,0.27
MAIN,C_msubw_u_w4_y24,tree,C,"msub:uuu:4,4,24:24",CORRECT,334,True,CORRECT,False,17614,0,,0.27
MAIN,C_msubw_u_w4_y24,tree_nofma,C,"msub:uuu:4,4,24:24",CORRECT,254,True,CORRECT,False,17614,0,,0.26
MAIN,C_msubw_u_w4_y24,tree_pre,C,"msub:uuu:4,4,24:24",CORRECT,384,True,CORRECT,False,17614,0,,0.27
MAIN,C_msubw_u_w8_y24,norm,C,"msub:uuu:8,8,24:24",CORRECT,754,True,CORRECT,False,18185,0,,0.32
MAIN,C_msubw_u_w8_y24,tree,C,"msub:uuu:8,8,24:24",CORRECT,795,True,CORRECT,False,18185,0,,0.32
MAIN,C_msubw_u_w8_y24,tree_nofma,C,"msub:uuu:8,8,24:24",CORRECT,754,True,CORRECT,False,18185,0,,0.32
MAIN,C_msubw_u_w8_y24,tree_pre,C,"msub:uuu:8,8,24:24",CORRECT,875,True,CORRECT,False,18185,0,,0.32
MAIN,C_msubw_u_w8_y32,norm,C,"msub:uuu:8,8,32:32",CORRECT,786,True,CORRECT,False,18185,0,,0.39
MAIN,C_msubw_u_w8_y32,tree,C,"msub:uuu:8,8,32:32",CORRECT,883,True,CORRECT,False,18185,0,,0.39
MAIN,C_msubw_u_w8_y32,tree_nofma,C,"msub:uuu:8,8,32:32",CORRECT,786,True,CORRECT,False,18185,0,,0.4
MAIN,C_msubw_u_w8_y32,tree_pre,C,"msub:uuu:8,8,32:32",CORRECT,968,True,CORRECT,False,18185,0,,0.4
MAIN,MUT_accum_mac_u_w16,norm,MUT,"mac:uuu:16,16,32:33",INCORRECT,2792,True,INCORRECT,False,18240,4448,"{""input_vector_hex"": ""0xffffffffffffffff"", ""operands"": [""0xffff"", ""0xffff"", ""0xffffffff""], ""got"": ""0xfffe0000"", ""expected"": ""0x1fffe0000"", ""diff_bits"": [32]}",0.49
MAIN,MUT_accum_mac_u_w16,tree,MUT,"mac:uuu:16,16,32:33",INCORRECT,2721,True,INCORRECT,False,18240,4448,"{""input_vector_hex"": ""0xffffffffffffffff"", ""operands"": [""0xffff"", ""0xffff"", ""0xffffffff""], ""got"": ""0xfffe0000"", ""expected"": ""0x1fffe0000"", ""diff_bits"": [32]}",0.49
MAIN,MUT_accum_mac_u_w32,norm,MUT,"mac:uuu:32,32,64:65",INCORRECT,10881,True,INCORRECT,False,18158,4491,"{""input_vector_hex"": ""0x7fffffffffffffffffffffffffffffff"", ""operands"": [""0xffffffff"", ""0xffffffff"", ""0x7fffffffffffffff""], ""got"": ""0x7ffffffe00000000"", ""expected"": ""0x17ffffffe00000000"", ""diff_bits"": [64]}",1.03
MAIN,MUT_accum_mac_u_w32,tree,MUT,"mac:uuu:32,32,64:65",INCORRECT,10702,True,INCORRECT,False,18158,4491,"{""input_vector_hex"": ""0x7fffffffffffffffffffffffffffffff"", ""operands"": [""0xffffffff"", ""0xffffffff"", ""0x7fffffffffffffff""], ""got"": ""0x7ffffffe00000000"", ""expected"": ""0x17ffffffe00000000"", ""diff_bits"": [64]}",1.02
MAIN,MUT_accum_mac_u_w8,norm,MUT,"mac:uuu:8,8,16:17",INCORRECT,697,True,INCORRECT,False,18185,4376,"{""input_vector_hex"": ""0xffff8001"", ""operands"": [""0x1"", ""0x80"", ""0xffff""], ""got"": ""0x7f"", ""expected"": ""0x1007f"", ""diff_bits"": [16]}",0.25
MAIN,MUT_accum_mac_u_w8,tree,MUT,"mac:uuu:8,8,16:17",INCORRECT,684,True,INCORRECT,False,18185,4376,"{""input_vector_hex"": ""0xffff8001"", ""operands"": [""0x1"", ""0x80"", ""0xffff""], ""got"": ""0x7f"", ""expected"": ""0x1007f"", ""diff_bits"": [16]}",0.24
MAIN,MUT_plus1_dot2_u_w16,norm,MUT,"dot2:uuuu:16,16,16,16:33",INCORRECT,5412,True,INCORRECT,False,19085,19085,"{""input_vector_hex"": ""0x0"", ""operands"": [""0x0"", ""0x0"", ""0x0"", ""0x0""], ""got"": ""0x1"", ""expected"": ""0x0"", ""diff_bits"": [0]}",0.55
MAIN,MUT_plus1_dot2_u_w16,tree,MUT,"dot2:uuuu:16,16,16,16:33",INCORRECT,5292,True,INCORRECT,False,19085,19085,"{""input_vector_hex"": ""0x0"", ""operands"": [""0x0"", ""0x0"", ""0x0"", ""0x0""], ""got"": ""0x1"", ""expected"": ""0x0"", ""diff_bits"": [0]}",0.55
MAIN,MUT_plus1_dot2_u_w32,norm,MUT,"dot2:uuuu:32,32,32,32:65",INCORRECT,21554,True,INCORRECT,False,19085,19085,"{""input_vector_hex"": ""0x0"", ""operands"": [""0x0"", ""0x0"", ""0x0"", ""0x0""], ""got"": ""0x1"", ""expected"": ""0x0"", ""diff_bits"": [0]}",1.14
MAIN,MUT_plus1_dot2_u_w32,tree,MUT,"dot2:uuuu:32,32,32,32:65",INCORRECT,21103,True,INCORRECT,False,19085,19085,"{""input_vector_hex"": ""0x0"", ""operands"": [""0x0"", ""0x0"", ""0x0"", ""0x0""], ""got"": ""0x1"", ""expected"": ""0x0"", ""diff_bits"": [0]}",1.12
MAIN,MUT_plus1_dot2_u_w8,norm,MUT,"dot2:uuuu:8,8,8,8:17",INCORRECT,1308,True,INCORRECT,False,19055,19055,"{""input_vector_hex"": ""0x0"", ""operands"": [""0x0"", ""0x0"", ""0x0"", ""0x0""], ""got"": ""0x1"", ""expected"": ""0x0"", ""diff_bits"": [0]}",0.28
MAIN,MUT_plus1_dot2_u_w8,tree,MUT,"dot2:uuuu:8,8,8,8:17",INCORRECT,1301,True,INCORRECT,False,19055,19055,"{""input_vector_hex"": ""0x0"", ""operands"": [""0x0"", ""0x0"", ""0x0"", ""0x0""], ""got"": ""0x1"", ""expected"": ""0x0"", ""diff_bits"": [0]}",0.27
MAIN,MUT_signext_mac_s_w16,norm,MUT,"mac:sss:16,16,32:33",INCORRECT,3312,True,INCORRECT,False,18240,9105,"{""input_vector_hex"": ""0x178e58000"", ""operands"": [""0x8000"", ""0x78e5"", ""0x1""], ""got"": ""0xc38d8001"", ""expected"": ""0x1c38d8001"", ""diff_bits"": [32]}",0.51
MAIN,MUT_signext_mac_s_w16,tree,MUT,"mac:sss:16,16,32:33",INCORRECT,3312,True,INCORRECT,False,18240,9105,"{""input_vector_hex"": ""0x178e58000"", ""operands"": [""0x8000"", ""0x78e5"", ""0x1""], ""got"": ""0xc38d8001"", ""expected"": ""0x1c38d8001"", ""diff_bits"": [32]}",0.52
MAIN,MUT_signext_mac_s_w32,norm,MUT,"mac:sss:32,32,64:65",INCORRECT,12364,True,INCORRECT,False,18158,9050,"{""input_vector_hex"": ""0x180000000"", ""operands"": [""0x80000000"", ""0x1"", ""0x0""], ""got"": ""0xffffffff80000000"", ""expected"": ""0x1ffffffff80000000"", ""diff_bits"": [64]}",1.03
MAIN,MUT_signext_mac_s_w32,tree,MUT,"mac:sss:32,32,64:65",INCORRECT,12364,True,INCORRECT,False,18158,9050,"{""input_vector_hex"": ""0x180000000"", ""operands"": [""0x80000000"", ""0x1"", ""0x0""], ""got"": ""0xffffffff80000000"", ""expected"": ""0x1ffffffff80000000"", ""diff_bits"": [64]}",1.03
MAIN,MUT_signext_mac_s_w8,norm,MUT,"mac:sss:8,8,16:17",INCORRECT,839,True,INCORRECT,False,18185,9073,"{""input_vector_hex"": ""0xffff0001"", ""operands"": [""0x1"", ""0x0"", ""0xffff""], ""got"": ""0xffff"", ""expected"": ""0x1ffff"", ""diff_bits"": [16]}",0.27
MAIN,MUT_signext_mac_s_w8,tree,MUT,"mac:sss:8,8,16:17",INCORRECT,839,True,INCORRECT,False,18185,9073,"{""input_vector_hex"": ""0xffff0001"", ""operands"": [""0x1"", ""0x0"", ""0xffff""], ""got"": ""0xffff"", ""expected"": ""0x1ffff"", ""diff_bits"": [16]}",0.27
MAIN,MUT_trunc_mul_u_w16,booth,MUT,"mul:uu:16,16:32",INCORRECT,2264,True,INCORRECT,False,17668,2613,"{""input_vector_hex"": ""0xaeedc05d"", ""operands"": [""0xc05d"", ""0xaeed""], ""got"": ""0x3714c19"", ""expected"": ""0x83714c19"", ""diff_bits"": [31]}",0.32
MAIN,MUT_trunc_mul_u_w16,norm,MUT,"mul:uu:16,16:32",INCORRECT,2511,True,INCORRECT,False,17668,2613,"{""input_vector_hex"": ""0xaeedc05d"", ""operands"": [""0xc05d"", ""0xaeed""], ""got"": ""0x3714c19"", ""expected"": ""0x83714c19"", ""diff_bits"": [31]}",0.32
MAIN,MUT_trunc_mul_u_w32,booth,MUT,"mul:uu:32,32:64",INCORRECT,8499,True,INCORRECT,False,17668,2624,"{""input_vector_hex"": ""0xffffffffffffffff"", ""operands"": [""0xffffffff"", ""0xffffffff""], ""got"": ""0x7ffffffe00000001"", ""expected"": ""0xfffffffe00000001"", ""diff_bits"": [63]}",0.67
MAIN,MUT_trunc_mul_u_w32,norm,MUT,"mul:uu:32,32:64",INCORRECT,10375,True,INCORRECT,False,17668,2624,"{""input_vector_hex"": ""0xffffffffffffffff"", ""operands"": [""0xffffffff"", ""0xffffffff""], ""got"": ""0x7ffffffe00000001"", ""expected"": ""0xfffffffe00000001"", ""diff_bits"": [63]}",0.67
MAIN,MUT_trunc_mul_u_w8,booth,MUT,"mul:uu:8,8:16",INCORRECT,568,True,INCORRECT,True,65536,9918,"{""input_vector_hex"": ""0x81ff"", ""operands"": [""0xff"", ""0x81""], ""got"": ""0x7f"", ""expected"": ""0x807f"", ""diff_bits"": [15]}",0.58
MAIN,MUT_trunc_mul_u_w8,norm,MUT,"mul:uu:8,8:16",INCORRECT,555,True,INCORRECT,True,65536,9918,"{""input_vector_hex"": ""0x81ff"", ""operands"": [""0xff"", ""0x81""], ""got"": ""0x7f"", ""expected"": ""0x807f"", ""diff_bits"": [15]}",0.6
PATCH,B_dot2_s_w12,tree,B,"dot2:ssss:12,12,12,12:25",CORRECT,3114,True,CORRECT,False,19083,0,,0.42
PATCH,B_dot2_s_w16,tree,B,"dot2:ssss:16,16,16,16:33",CORRECT,5486,True,CORRECT,False,19085,0,,0.58
PATCH,B_dot2_s_w16,tree_fa,B,"dot2:ssss:16,16,16,16:33",CORRECT,5502,True,CORRECT,False,19085,0,,0.59
PATCH,B_dot2_s_w16,tree_pre,B,"dot2:ssss:16,16,16,16:33",CORRECT,5617,True,CORRECT,False,19085,0,,0.56
PATCH,B_dot2_s_w16,tree_ripple,B,"dot2:ssss:16,16,16,16:33",CORRECT,5486,True,CORRECT,False,19085,0,,0.56
PATCH,B_dot2_s_w24,tree,B,"dot2:ssss:24,24,24,24:49",CORRECT,12229,True,CORRECT,False,19085,0,,0.85
PATCH,B_dot2_s_w32,tree,B,"dot2:ssss:32,32,32,32:65",CORRECT,21534,True,CORRECT,False,19085,0,,1.13
PATCH,B_dot2_s_w32,tree_fa,B,"dot2:ssss:32,32,32,32:65",CORRECT,21706,True,CORRECT,False,19085,0,,1.14
PATCH,B_dot2_s_w32,tree_pre,B,"dot2:ssss:32,32,32,32:65",CORRECT,21817,True,CORRECT,False,19085,0,,1.16
PATCH,B_dot2_s_w32,tree_ripple,B,"dot2:ssss:32,32,32,32:65",CORRECT,21534,True,CORRECT,False,19085,0,,1.14
PATCH,B_dot2_s_w64,tree,B,"dot2:ssss:64,64,64,64:129",CORRECT,84754,True,CORRECT,False,19126,0,,2.49
PATCH,B_dot2_s_w8,tree,B,"dot2:ssss:8,8,8,8:17",CORRECT,1385,True,CORRECT,False,19055,0,,0.29
PATCH,B_dot2_s_w8,tree_fa,B,"dot2:ssss:8,8,8,8:17",CORRECT,1397,True,CORRECT,False,19055,0,,0.29
PATCH,B_dot2_s_w8,tree_pre,B,"dot2:ssss:8,8,8,8:17",CORRECT,1447,True,CORRECT,False,19055,0,,0.36
PATCH,B_dot2_s_w8,tree_ripple,B,"dot2:ssss:8,8,8,8:17",CORRECT,1385,True,CORRECT,False,19055,0,,0.31
PATCH,B_dot2c_s_w12,tree,B,"dot2c:sssss:12,12,12,12,24:26",CORRECT,3331,True,CORRECT,False,20120,0,,0.59
PATCH,B_dot2c_s_w16,tree,B,"dot2c:sssss:16,16,16,16,32:34",CORRECT,5722,True,CORRECT,False,20121,0,,0.79
PATCH,B_dot2c_s_w16,tree_fa,B,"dot2c:sssss:16,16,16,16,32:34",CORRECT,5834,True,CORRECT,False,20121,0,,0.79
PATCH,B_dot2c_s_w16,tree_pre,B,"dot2c:sssss:16,16,16,16,32:34",CORRECT,5868,True,CORRECT,False,20121,0,,0.78
PATCH,B_dot2c_s_w16,tree_ripple,B,"dot2c:sssss:16,16,16,16,32:34",CORRECT,5722,True,CORRECT,False,20121,0,,0.78
PATCH,B_dot2c_s_w24,tree,B,"dot2c:sssss:24,24,24,24,48:50",CORRECT,12619,True,CORRECT,False,20113,0,,1.16
PATCH,B_dot2c_s_w32,tree,B,"dot2c:sssss:32,32,32,32,64:66",CORRECT,21982,True,CORRECT,False,20113,0,,1.58
PATCH,B_dot2c_s_w32,tree_fa,B,"dot2c:sssss:32,32,32,32,64:66",CORRECT,22141,True,CORRECT,False,20113,0,,1.57
PATCH,B_dot2c_s_w32,tree_pre,B,"dot2c:sssss:32,32,32,32,64:66",CORRECT,22235,True,CORRECT,False,20113,0,,1.58
PATCH,B_dot2c_s_w32,tree_ripple,B,"dot2c:sssss:32,32,32,32,64:66",CORRECT,21982,True,CORRECT,False,20113,0,,1.58
PATCH,B_dot2c_s_w64,tree,B,"dot2c:sssss:64,64,64,64,128:130",CORRECT,85561,True,CORRECT,False,20112,0,,3.34
PATCH,B_dot2c_s_w8,tree,B,"dot2c:sssss:8,8,8,8,16:18",CORRECT,1536,True,CORRECT,False,20109,0,,0.4
PATCH,B_dot2c_s_w8,tree_fa,B,"dot2c:sssss:8,8,8,8,16:18",CORRECT,1547,True,CORRECT,False,20109,0,,0.41
PATCH,B_dot2c_s_w8,tree_pre,B,"dot2c:sssss:8,8,8,8,16:18",CORRECT,1615,True,CORRECT,False,20109,0,,0.41
PATCH,B_dot2c_s_w8,tree_ripple,B,"dot2c:sssss:8,8,8,8,16:18",CORRECT,1536,True,CORRECT,False,20109,0,,0.41
PATCH,B_mac_s_w12,tree,B,"mac:sss:12,12,24:25",CORRECT,1622,True,CORRECT,False,18237,0,,0.38
PATCH,B_mac_s_w16,tree,B,"mac:sss:16,16,32:33",CORRECT,2857,True,CORRECT,False,18240,0,,0.51
PATCH,B_mac_s_w16,tree_fa,B,"mac:sss:16,16,32:33",CORRECT,2888,True,CORRECT,False,18240,0,,0.5
PATCH,B_mac_s_w16,tree_pre,B,"mac:sss:16,16,32:33",CORRECT,2944,True,CORRECT,False,18240,0,,0.51
PATCH,B_mac_s_w16,tree_ripple,B,"mac:sss:16,16,32:33",CORRECT,2857,True,CORRECT,False,18240,0,,0.54
PATCH,B_mac_s_w24,tree,B,"mac:sss:24,24,48:49",CORRECT,6221,True,CORRECT,False,18158,0,,0.81
PATCH,B_mac_s_w32,tree,B,"mac:sss:32,32,64:65",CORRECT,10992,True,CORRECT,False,18158,0,,1.06
PATCH,B_mac_s_w32,tree_fa,B,"mac:sss:32,32,64:65",CORRECT,11162,True,CORRECT,False,18158,0,,1.05
PATCH,B_mac_s_w32,tree_pre,B,"mac:sss:32,32,64:65",CORRECT,11172,True,CORRECT,False,18158,0,,1.05
PATCH,B_mac_s_w32,tree_ripple,B,"mac:sss:32,32,64:65",CORRECT,10992,True,CORRECT,False,18158,0,,1.05
PATCH,B_mac_s_w64,tree,B,"mac:sss:64,64,128:129",CORRECT,42838,True,CORRECT,False,18204,0,,2.13
PATCH,B_mac_s_w8,tree,B,"mac:sss:8,8,16:17",CORRECT,758,True,CORRECT,False,18185,0,,0.26
PATCH,B_mac_s_w8,tree_fa,B,"mac:sss:8,8,16:17",CORRECT,788,True,CORRECT,False,18185,0,,0.26
PATCH,B_mac_s_w8,tree_pre,B,"mac:sss:8,8,16:17",CORRECT,794,True,CORRECT,False,18185,0,,0.27
PATCH,B_mac_s_w8,tree_ripple,B,"mac:sss:8,8,16:17",CORRECT,758,True,CORRECT,False,18185,0,,0.26
PATCH,C_macw_s_w16_y40,tree,C,"mac:sss:16,16,40:40",CORRECT,2940,True,CORRECT,False,18157,0,,0.58
PATCH,C_macw_s_w16_y40,tree_pre,C,"mac:sss:16,16,40:40",CORRECT,3061,True,CORRECT,False,18157,0,,0.59
PATCH,C_macw_s_w16_y48,tree,C,"mac:sss:16,16,48:48",CORRECT,3027,True,CORRECT,False,18157,0,,0.66
PATCH,C_macw_s_w16_y48,tree_pre,C,"mac:sss:16,16,48:48",CORRECT,3186,True,CORRECT,False,18157,0,,0.69
PATCH,C_macw_s_w32_y72,tree,C,"mac:sss:32,32,72:72",CORRECT,11098,True,CORRECT,False,18226,0,,1.12
PATCH,C_macw_s_w32_y80,tree,C,"mac:sss:32,32,80:80",CORRECT,11177,True,CORRECT,False,18226,0,,1.18
PATCH,C_macw_s_w4_y16,tree,C,"mac:sss:4,4,16:16",CORRECT,261,True,CORRECT,False,17614,0,,0.21
PATCH,C_macw_s_w4_y16,tree_pre,C,"mac:sss:4,4,16:16",CORRECT,327,True,CORRECT,False,17614,0,,0.22
PATCH,C_macw_s_w4_y24,tree,C,"mac:sss:4,4,24:24",CORRECT,368,True,CORRECT,False,17614,0,,0.29
PATCH,C_macw_s_w4_y24,tree_pre,C,"mac:sss:4,4,24:24",CORRECT,452,True,CORRECT,False,17614,0,,0.28
PATCH,C_macw_s_w8_y24,tree,C,"mac:sss:8,8,24:24",CORRECT,836,True,CORRECT,False,18185,0,,0.32
PATCH,C_macw_s_w8_y24,tree_pre,C,"mac:sss:8,8,24:24",CORRECT,908,True,CORRECT,False,18185,0,,0.33
PATCH,C_macw_s_w8_y32,tree,C,"mac:sss:8,8,32:32",CORRECT,925,True,CORRECT,False,18185,0,,0.42
PATCH,C_macw_s_w8_y32,tree_pre,C,"mac:sss:8,8,32:32",CORRECT,1033,True,CORRECT,False,18185,0,,0.41
PATCH,C_macw_u_w16_y40,tree,C,"mac:uuu:16,16,40:40",CORRECT,2752,True,CORRECT,False,18157,0,,0.57
PATCH,C_macw_u_w16_y40,tree_pre,C,"mac:uuu:16,16,40:40",CORRECT,2864,True,CORRECT,False,18157,0,,0.58
PATCH,C_macw_u_w16_y48,tree,C,"mac:uuu:16,16,48:48",CORRECT,2789,True,CORRECT,False,18157,0,,0.67
PATCH,C_macw_u_w16_y48,tree_pre,C,"mac:uuu:16,16,48:48",CORRECT,2903,True,CORRECT,False,18157,0,,0.65
PATCH,C_macw_u_w32_y72,tree,C,"mac:uuu:32,32,72:72",CORRECT,10735,True,CORRECT,False,18226,0,,1.07
PATCH,C_macw_u_w32_y80,tree,C,"mac:uuu:32,32,80:80",CORRECT,10808,True,CORRECT,False,18226,0,,1.16
PATCH,C_macw_u_w4_y16,tree,C,"mac:uuu:4,4,16:16",CORRECT,206,True,CORRECT,False,17614,0,,0.2
PATCH,C_macw_u_w4_y16,tree_pre,C,"mac:uuu:4,4,16:16",CORRECT,226,True,CORRECT,False,17614,0,,0.21
PATCH,C_macw_u_w4_y24,tree,C,"mac:uuu:4,4,24:24",CORRECT,239,True,CORRECT,False,17614,0,,0.27
PATCH,C_macw_u_w4_y24,tree_pre,C,"mac:uuu:4,4,24:24",CORRECT,265,True,CORRECT,False,17614,0,,0.27
PATCH,C_macw_u_w8_y24,tree,C,"mac:uuu:8,8,24:24",CORRECT,731,True,CORRECT,False,18185,0,,0.32
PATCH,C_macw_u_w8_y24,tree_pre,C,"mac:uuu:8,8,24:24",CORRECT,775,True,CORRECT,False,18185,0,,0.32
PATCH,C_macw_u_w8_y32,tree,C,"mac:uuu:8,8,32:32",CORRECT,762,True,CORRECT,False,18185,0,,0.39
PATCH,C_macw_u_w8_y32,tree_pre,C,"mac:uuu:8,8,32:32",CORRECT,814,True,CORRECT,False,18185,0,,0.4
PATCH,C_msub_s_w16,tree,C,"msub:sss:16,16,32:33",CORRECT,2996,True,CORRECT,False,18240,0,,0.52
PATCH,C_msub_s_w16,tree_pre,C,"msub:sss:16,16,32:33",CORRECT,3148,True,CORRECT,False,18240,0,,0.53
PATCH,C_msub_s_w32,tree,C,"msub:sss:32,32,64:65",CORRECT,11336,True,CORRECT,False,18158,0,,1.08
PATCH,C_msub_s_w4,tree,C,"msub:sss:4,4,8:9",CORRECT,202,True,CORRECT,True,65536,0,,0.51
PATCH,C_msub_s_w4,tree_pre,C,"msub:sss:4,4,8:9",CORRECT,233,True,CORRECT,True,65536,0,,0.52
PATCH,C_msub_s_w8,tree,C,"msub:sss:8,8,16:17",CORRECT,787,True,CORRECT,False,18185,0,,0.27
PATCH,C_msub_s_w8,tree_pre,C,"msub:sss:8,8,16:17",CORRECT,861,True,CORRECT,False,18185,0,,0.26
PATCH,C_msub_u_w16,tree,C,"msub:uuu:16,16,32:33",CORRECT,2818,True,CORRECT,False,18240,0,,0.5
PATCH,C_msub_u_w16,tree_pre,C,"msub:uuu:16,16,32:33",CORRECT,2968,True,CORRECT,False,18240,0,,0.5
PATCH,C_msub_u_w32,tree,C,"msub:uuu:32,32,64:65",CORRECT,10918,True,CORRECT,False,18158,0,,1.03
PATCH,C_msub_u_w4,tree,C,"msub:uuu:4,4,8:9",CORRECT,191,True,CORRECT,True,65536,0,,0.48
PATCH,C_msub_u_w4,tree_pre,C,"msub:uuu:4,4,8:9",CORRECT,207,True,CORRECT,True,65536,0,,0.48
PATCH,C_msub_u_w8,tree,C,"msub:uuu:8,8,16:17",CORRECT,724,True,CORRECT,False,18185,0,,0.25
PATCH,C_msub_u_w8,tree_pre,C,"msub:uuu:8,8,16:17",CORRECT,787,True,CORRECT,False,18185,0,,0.25
PATCH,C_msubw_s_w16_y40,tree,C,"msub:sss:16,16,40:40",CORRECT,3076,True,CORRECT,False,18157,0,,0.59
PATCH,C_msubw_s_w16_y40,tree_pre,C,"msub:sss:16,16,40:40",CORRECT,3283,True,CORRECT,False,18157,0,,0.59
PATCH,C_msubw_s_w16_y48,tree,C,"msub:sss:16,16,48:48",CORRECT,3161,True,CORRECT,False,18157,0,,0.67
PATCH,C_msubw_s_w16_y48,tree_pre,C,"msub:sss:16,16,48:48",CORRECT,3408,True,CORRECT,False,18157,0,,0.68
PATCH,C_msubw_s_w32_y72,tree,C,"msub:sss:32,32,72:72",CORRECT,11442,True,CORRECT,False,18226,0,,1.14
PATCH,C_msubw_s_w32_y80,tree,C,"msub:sss:32,32,80:80",CORRECT,11532,True,CORRECT,False,18226,0,,1.15
PATCH,C_msubw_s_w4_y16,tree,C,"msub:sss:4,4,16:16",CORRECT,283,True,CORRECT,False,17614,0,,0.22
PATCH,C_msubw_s_w4_y16,tree_pre,C,"msub:sss:4,4,16:16",CORRECT,347,True,CORRECT,False,17614,0,,0.21
PATCH,C_msubw_s_w4_y24,tree,C,"msub:sss:4,4,24:24",CORRECT,360,True,CORRECT,False,17614,0,,0.28
PATCH,C_msubw_s_w4_y24,tree_pre,C,"msub:sss:4,4,24:24",CORRECT,472,True,CORRECT,False,17614,0,,0.28
PATCH,C_msubw_s_w8_y24,tree,C,"msub:sss:8,8,24:24",CORRECT,871,True,CORRECT,False,18185,0,,0.33
PATCH,C_msubw_s_w8_y24,tree_pre,C,"msub:sss:8,8,24:24",CORRECT,990,True,CORRECT,False,18185,0,,0.33
PATCH,C_msubw_s_w8_y32,tree,C,"msub:sss:8,8,32:32",CORRECT,957,True,CORRECT,False,18185,0,,0.42
PATCH,C_msubw_s_w8_y32,tree_pre,C,"msub:sss:8,8,32:32",CORRECT,1115,True,CORRECT,False,18185,0,,0.42
PATCH,C_msubw_u_w16_y40,tree,C,"msub:uuu:16,16,40:40",CORRECT,2889,True,CORRECT,False,18157,0,,0.57
PATCH,C_msubw_u_w16_y40,tree_pre,C,"msub:uuu:16,16,40:40",CORRECT,3059,True,CORRECT,False,18157,0,,0.57
PATCH,C_msubw_u_w16_y48,tree,C,"msub:uuu:16,16,48:48",CORRECT,2952,True,CORRECT,False,18157,0,,0.67
PATCH,C_msubw_u_w16_y48,tree_pre,C,"msub:uuu:16,16,48:48",CORRECT,3152,True,CORRECT,False,18157,0,,0.65
PATCH,C_msubw_u_w32_y72,tree,C,"msub:uuu:32,32,72:72",CORRECT,10984,True,CORRECT,False,18226,0,,1.09
PATCH,C_msubw_u_w32_y80,tree,C,"msub:uuu:32,32,80:80",CORRECT,11063,True,CORRECT,False,18226,0,,1.17
PATCH,C_msubw_u_w4_y16,tree,C,"msub:uuu:4,4,16:16",CORRECT,257,True,CORRECT,False,17614,0,,0.2
PATCH,C_msubw_u_w4_y16,tree_pre,C,"msub:uuu:4,4,16:16",CORRECT,291,True,CORRECT,False,17614,0,,0.2
PATCH,C_msubw_u_w4_y24,tree,C,"msub:uuu:4,4,24:24",CORRECT,334,True,CORRECT,False,17614,0,,0.28
PATCH,C_msubw_u_w4_y24,tree_pre,C,"msub:uuu:4,4,24:24",CORRECT,384,True,CORRECT,False,17614,0,,0.27
PATCH,C_msubw_u_w8_y24,tree,C,"msub:uuu:8,8,24:24",CORRECT,795,True,CORRECT,False,18185,0,,0.33
PATCH,C_msubw_u_w8_y24,tree_pre,C,"msub:uuu:8,8,24:24",CORRECT,875,True,CORRECT,False,18185,0,,0.32
PATCH,C_msubw_u_w8_y32,tree,C,"msub:uuu:8,8,32:32",CORRECT,883,True,CORRECT,False,18185,0,,0.41
PATCH,C_msubw_u_w8_y32,tree_pre,C,"msub:uuu:8,8,32:32",CORRECT,968,True,CORRECT,False,18185,0,,0.4
