netlist,design,arch,abc_gates,ands,port_order_ok,oracle,exhaustive,vectors,mismatches
netlists/ABCMAP/A_mul_s_w8__booth_lp__default.aig,A_mul_s_w8,booth_lp,default,498,True,CORRECT,True,65536,0
netlists/ABCMAP/A_mul_s_w8__booth_lp__g_aig.aig,A_mul_s_w8,booth_lp,g_aig,430,True,CORRECT,True,65536,0
netlists/ABCMAP/A_mul_s_w8__booth_lp__g_gates.aig,A_mul_s_w8,booth_lp,g_gates,493,True,CORRECT,True,65536,0
netlists/ABCMAP/A_mul_s_w8__booth_lp__g_simple.aig,A_mul_s_w8,booth_lp,g_simple,505,True,CORRECT,True,65536,0
netlists/ABCMAP/A_mul_u_w12__booth__default.aig,A_mul_u_w12,booth,default,1309,True,CORRECT,False,17659,0
netlists/ABCMAP/A_mul_u_w12__booth__g_aig.aig,A_mul_u_w12,booth,g_aig,1134,True,CORRECT,False,17659,0
netlists/ABCMAP/A_mul_u_w12__booth__g_gates.aig,A_mul_u_w12,booth,g_gates,1323,True,CORRECT,False,17659,0
netlists/ABCMAP/A_mul_u_w12__booth__g_simple.aig,A_mul_u_w12,booth,g_simple,1407,True,CORRECT,False,17659,0
netlists/ABCMAP/A_mul_u_w20__norm__default.aig,A_mul_u_w20,norm,default,4019,True,CORRECT,False,17668,0
netlists/ABCMAP/A_mul_u_w20__norm__g_aig.aig,A_mul_u_w20,norm,g_aig,3229,True,CORRECT,False,17668,0
netlists/ABCMAP/A_mul_u_w20__norm__g_gates.aig,A_mul_u_w20,norm,g_gates,4019,True,CORRECT,False,17668,0
netlists/ABCMAP/A_mul_u_w20__norm__g_simple.aig,A_mul_u_w20,norm,g_simple,4030,True,CORRECT,False,17668,0
netlists/ABCMAP/A_mul_u_w8__booth__default.aig,A_mul_u_w8,booth,default,585,True,CORRECT,True,65536,0
netlists/ABCMAP/A_mul_u_w8__booth__g_aig.aig,A_mul_u_w8,booth,g_aig,511,True,CORRECT,True,65536,0
netlists/ABCMAP/A_mul_u_w8__booth__g_gates.aig,A_mul_u_w8,booth,g_gates,593,True,CORRECT,True,65536,0
netlists/ABCMAP/A_mul_u_w8__booth__g_simple.aig,A_mul_u_w8,booth,g_simple,600,True,CORRECT,True,65536,0
netlists/ABCMAP/B_dot2_u_w16__norm__default.aig,B_dot2_u_w16,norm,default,5409,True,CORRECT,False,19085,0
netlists/ABCMAP/B_dot2_u_w16__norm__g_aig.aig,B_dot2_u_w16,norm,g_aig,4336,True,CORRECT,False,19085,0
netlists/ABCMAP/B_dot2_u_w16__norm__g_gates.aig,B_dot2_u_w16,norm,g_gates,5408,True,CORRECT,False,19085,0
netlists/ABCMAP/B_dot2_u_w16__norm__g_simple.aig,B_dot2_u_w16,norm,g_simple,5418,True,CORRECT,False,19085,0
