netlist,source,gate,spec,oracle,exhaustive,vectors,mismatches
netlists/CONTROL/ctx/A_mul_s_w8__norm_pre__ctx424.aig,netlists/MAIN/A_mul_s_w8__norm_pre.aig,424,"mul:ss:8,8:16",CORRECT,True,65536,0
netlists/CONTROL/ctx/A_mul_s_w8__norm_pre__ctx500.aig,netlists/MAIN/A_mul_s_w8__norm_pre.aig,500,"mul:ss:8,8:16",CORRECT,True,65536,0
netlists/CONTROL/ctx/A_mul_s_w8__norm_pre__ctx572.aig,netlists/MAIN/A_mul_s_w8__norm_pre.aig,572,"mul:ss:8,8:16",CORRECT,True,65536,0
netlists/CONTROL/ctx/A_mul_s_w8__norm_pre__ctx730.aig,netlists/MAIN/A_mul_s_w8__norm_pre.aig,730,"mul:ss:8,8:16",CORRECT,True,65536,0
netlists/CONTROL/ctx/A_mul_s_w8__norm_pre__ctx870.aig,netlists/MAIN/A_mul_s_w8__norm_pre.aig,870,"mul:ss:8,8:16",CORRECT,True,65536,0
netlists/CONTROL/ctx/A_mul_s_w8__norm_pre__ctx1012.aig,netlists/MAIN/A_mul_s_w8__norm_pre.aig,1012,"mul:ss:8,8:16",CORRECT,True,65536,0
netlists/CONTROL/ctx/A_mul_s_w8__norm_pre__ctx1146.aig,netlists/MAIN/A_mul_s_w8__norm_pre.aig,1146,"mul:ss:8,8:16",CORRECT,True,65536,0
netlists/CONTROL/ctx/A_mul_s_w8__norm_pre__ctx1278.aig,netlists/MAIN/A_mul_s_w8__norm_pre.aig,1278,"mul:ss:8,8:16",CORRECT,True,65536,0
netlists/CONTROL/ctx/A_mul_s_w8__norm_pre__ctx1378.aig,netlists/MAIN/A_mul_s_w8__norm_pre.aig,1378,"mul:ss:8,8:16",CORRECT,True,65536,0
netlists/CONTROL/ctx/PATCH_B_mac_s_w8__tree_pre_folded__ctx70.aig,netlists/CONTROL/PATCH_B_mac_s_w8__tree_pre_folded.aig,70,"mac:sss:8,8,16:17",CORRECT,False,18185,0
netlists/CONTROL/ctx/PATCH_B_mac_s_w8__tree_pre_folded__ctx86.aig,netlists/CONTROL/PATCH_B_mac_s_w8__tree_pre_folded.aig,86,"mac:sss:8,8,16:17",CORRECT,False,18185,0
netlists/CONTROL/ctx/PATCH_B_mac_s_w8__tree_pre_folded__ctx126.aig,netlists/CONTROL/PATCH_B_mac_s_w8__tree_pre_folded.aig,126,"mac:sss:8,8,16:17",CORRECT,False,18185,0
netlists/CONTROL/ctx/PATCH_B_mac_s_w8__tree_pre_folded__ctx194.aig,netlists/CONTROL/PATCH_B_mac_s_w8__tree_pre_folded.aig,194,"mac:sss:8,8,16:17",CORRECT,False,18185,0
netlists/CONTROL/ctx/PATCH_B_mac_s_w8__tree_pre_folded__ctx290.aig,netlists/CONTROL/PATCH_B_mac_s_w8__tree_pre_folded.aig,290,"mac:sss:8,8,16:17",CORRECT,False,18185,0
netlists/CONTROL/ctx/PATCH_B_mac_s_w8__tree_pre_folded__ctx410.aig,netlists/CONTROL/PATCH_B_mac_s_w8__tree_pre_folded.aig,410,"mac:sss:8,8,16:17",CORRECT,False,18185,0
netlists/CONTROL/ctx/PATCH_B_mac_s_w8__tree_pre_folded__ctx552.aig,netlists/CONTROL/PATCH_B_mac_s_w8__tree_pre_folded.aig,552,"mac:sss:8,8,16:17",CORRECT,False,18185,0
netlists/CONTROL/ctx/PATCH_B_mac_s_w8__tree_pre_folded__ctx712.aig,netlists/CONTROL/PATCH_B_mac_s_w8__tree_pre_folded.aig,712,"mac:sss:8,8,16:17",CORRECT,False,18185,0
netlists/CONTROL/ctx/PATCH_B_mac_s_w8__tree_pre_folded__ctx876.aig,netlists/CONTROL/PATCH_B_mac_s_w8__tree_pre_folded.aig,876,"mac:sss:8,8,16:17",CORRECT,False,18185,0
netlists/CONTROL/ctx/PATCH_B_mac_s_w8__tree_pre_folded__ctx1026.aig,netlists/CONTROL/PATCH_B_mac_s_w8__tree_pre_folded.aig,1026,"mac:sss:8,8,16:17",CORRECT,False,18185,0
netlists/CONTROL/ctx/PATCH_B_mac_s_w8__tree_pre_folded__ctx1032.aig,netlists/CONTROL/PATCH_B_mac_s_w8__tree_pre_folded.aig,1032,"mac:sss:8,8,16:17",CORRECT,False,18185,0
netlists/CONTROL/ctx/PATCH_B_mac_s_w8__tree_pre_folded__ctx1038.aig,netlists/CONTROL/PATCH_B_mac_s_w8__tree_pre_folded.aig,1038,"mac:sss:8,8,16:17",CORRECT,False,18185,0
netlists/CONTROL/ctx/PATCH_B_mac_s_w8__tree_pre_folded__ctx1176.aig,netlists/CONTROL/PATCH_B_mac_s_w8__tree_pre_folded.aig,1176,"mac:sss:8,8,16:17",CORRECT,False,18185,0
netlists/CONTROL/ctx/PATCH_B_mac_s_w8__tree_pre_folded__ctx1292.aig,netlists/CONTROL/PATCH_B_mac_s_w8__tree_pre_folded.aig,1292,"mac:sss:8,8,16:17",CORRECT,False,18185,0
netlists/CONTROL/ctx/PATCH_B_mac_s_w8__tree_pre_folded__ctx1390.aig,netlists/CONTROL/PATCH_B_mac_s_w8__tree_pre_folded.aig,1390,"mac:sss:8,8,16:17",CORRECT,False,18185,0
netlists/CONTROL/ctx/PATCH_B_mac_s_w8__tree_pre_folded__ctx1466.aig,netlists/CONTROL/PATCH_B_mac_s_w8__tree_pre_folded.aig,1466,"mac:sss:8,8,16:17",CORRECT,False,18185,0
netlists/CONTROL/ctx/PATCH_B_mac_s_w8__tree_pre_folded__ctx1538.aig,netlists/CONTROL/PATCH_B_mac_s_w8__tree_pre_folded.aig,1538,"mac:sss:8,8,16:17",CORRECT,False,18185,0
netlists/CONTROL/ctx/PATCH_B_mac_s_w8__tree_pre_folded__ctx1576.aig,netlists/CONTROL/PATCH_B_mac_s_w8__tree_pre_folded.aig,1576,"mac:sss:8,8,16:17",CORRECT,False,18185,0
netlists/CONTROL/ctx/PATCH_B_mac_s_w8__tree_pre_folded__ctx1620.aig,netlists/CONTROL/PATCH_B_mac_s_w8__tree_pre_folded.aig,1620,"mac:sss:8,8,16:17",CORRECT,False,18185,0
netlists/CONTROL/ctx/PATCH_B_mac_s_w5__tree_pre__ctx46.aig,netlists/MINI_PATCH/B_mac_s_w5__tree_pre.aig,46,"mac:sss:5,5,10:11",CORRECT,True,1048576,0
netlists/CONTROL/ctx/PATCH_B_mac_s_w5__tree_pre__ctx62.aig,netlists/MINI_PATCH/B_mac_s_w5__tree_pre.aig,62,"mac:sss:5,5,10:11",CORRECT,True,1048576,0
netlists/CONTROL/ctx/PATCH_B_mac_s_w5__tree_pre__ctx102.aig,netlists/MINI_PATCH/B_mac_s_w5__tree_pre.aig,102,"mac:sss:5,5,10:11",CORRECT,True,1048576,0
netlists/CONTROL/ctx/PATCH_B_mac_s_w5__tree_pre__ctx170.aig,netlists/MINI_PATCH/B_mac_s_w5__tree_pre.aig,170,"mac:sss:5,5,10:11",CORRECT,True,1048576,0
netlists/CONTROL/ctx/PATCH_B_mac_s_w5__tree_pre__ctx262.aig,netlists/MINI_PATCH/B_mac_s_w5__tree_pre.aig,262,"mac:sss:5,5,10:11",CORRECT,True,1048576,0
netlists/CONTROL/ctx/PATCH_B_mac_s_w5__tree_pre__ctx358.aig,netlists/MINI_PATCH/B_mac_s_w5__tree_pre.aig,358,"mac:sss:5,5,10:11",CORRECT,True,1048576,0
netlists/CONTROL/ctx/PATCH_B_mac_s_w5__tree_pre__ctx454.aig,netlists/MINI_PATCH/B_mac_s_w5__tree_pre.aig,454,"mac:sss:5,5,10:11",CORRECT,True,1048576,0
netlists/CONTROL/ctx/PATCH_B_mac_s_w5__tree_pre__ctx530.aig,netlists/MINI_PATCH/B_mac_s_w5__tree_pre.aig,530,"mac:sss:5,5,10:11",CORRECT,True,1048576,0
netlists/CONTROL/ctx/PATCH_B_mac_s_w5__tree_pre__ctx588.aig,netlists/MINI_PATCH/B_mac_s_w5__tree_pre.aig,588,"mac:sss:5,5,10:11",CORRECT,True,1048576,0
netlists/CONTROL/ctx/PATCH_B_mac_s_w5__tree_pre__ctx620.aig,netlists/MINI_PATCH/B_mac_s_w5__tree_pre.aig,620,"mac:sss:5,5,10:11",CORRECT,True,1048576,0
netlists/CONTROL/ctx/PATCH_B_mac_s_w5__tree_pre__ctx664.aig,netlists/MINI_PATCH/B_mac_s_w5__tree_pre.aig,664,"mac:sss:5,5,10:11",CORRECT,True,1048576,0
netlists/CONTROL/ctx/B_mac_u_w8__tree_pre__ctx70.aig,netlists/MAIN/B_mac_u_w8__tree_pre.aig,70,"mac:uuu:8,8,16:17",CORRECT,False,18185,0
netlists/CONTROL/ctx/B_mac_u_w8__tree_pre__ctx86.aig,netlists/MAIN/B_mac_u_w8__tree_pre.aig,86,"mac:uuu:8,8,16:17",CORRECT,False,18185,0
netlists/CONTROL/ctx/B_mac_u_w8__tree_pre__ctx126.aig,netlists/MAIN/B_mac_u_w8__tree_pre.aig,126,"mac:uuu:8,8,16:17",CORRECT,False,18185,0
netlists/CONTROL/ctx/B_mac_u_w8__tree_pre__ctx194.aig,netlists/MAIN/B_mac_u_w8__tree_pre.aig,194,"mac:uuu:8,8,16:17",CORRECT,False,18185,0
netlists/CONTROL/ctx/B_mac_u_w8__tree_pre__ctx286.aig,netlists/MAIN/B_mac_u_w8__tree_pre.aig,286,"mac:uuu:8,8,16:17",CORRECT,False,18185,0
netlists/CONTROL/ctx/B_mac_u_w8__tree_pre__ctx398.aig,netlists/MAIN/B_mac_u_w8__tree_pre.aig,398,"mac:uuu:8,8,16:17",CORRECT,False,18185,0
netlists/CONTROL/ctx/B_mac_u_w8__tree_pre__ctx532.aig,netlists/MAIN/B_mac_u_w8__tree_pre.aig,532,"mac:uuu:8,8,16:17",CORRECT,False,18185,0
netlists/CONTROL/ctx/B_mac_u_w8__tree_pre__ctx684.aig,netlists/MAIN/B_mac_u_w8__tree_pre.aig,684,"mac:uuu:8,8,16:17",CORRECT,False,18185,0
netlists/CONTROL/ctx/B_mac_u_w8__tree_pre__ctx842.aig,netlists/MAIN/B_mac_u_w8__tree_pre.aig,842,"mac:uuu:8,8,16:17",CORRECT,False,18185,0
netlists/CONTROL/ctx/B_mac_u_w8__tree_pre__ctx982.aig,netlists/MAIN/B_mac_u_w8__tree_pre.aig,982,"mac:uuu:8,8,16:17",CORRECT,False,18185,0
netlists/CONTROL/ctx/B_mac_u_w8__tree_pre__ctx1118.aig,netlists/MAIN/B_mac_u_w8__tree_pre.aig,1118,"mac:uuu:8,8,16:17",CORRECT,False,18185,0
netlists/CONTROL/ctx/B_mac_u_w8__tree_pre__ctx1222.aig,netlists/MAIN/B_mac_u_w8__tree_pre.aig,1222,"mac:uuu:8,8,16:17",CORRECT,False,18185,0
netlists/CONTROL/ctx/B_mac_u_w8__tree_pre__ctx1312.aig,netlists/MAIN/B_mac_u_w8__tree_pre.aig,1312,"mac:uuu:8,8,16:17",CORRECT,False,18185,0
netlists/CONTROL/ctx/B_mac_u_w8__tree_pre__ctx1380.aig,netlists/MAIN/B_mac_u_w8__tree_pre.aig,1380,"mac:uuu:8,8,16:17",CORRECT,False,18185,0
netlists/CONTROL/ctx/B_mac_u_w8__tree_pre__ctx1444.aig,netlists/MAIN/B_mac_u_w8__tree_pre.aig,1444,"mac:uuu:8,8,16:17",CORRECT,False,18185,0
netlists/CONTROL/ctx/B_mac_u_w8__tree_pre__ctx1476.aig,netlists/MAIN/B_mac_u_w8__tree_pre.aig,1476,"mac:uuu:8,8,16:17",CORRECT,False,18185,0
