job_id,rel_path,args,expected,note
pf__MAIN__A_mul_s_w8__booth,netlists/MAIN/A_mul_s_w8__booth.aig,-mul -s,CORRECT,W=8;family=A;build=MAIN;arch=booth
pf__MAIN__A_mul_s_w8__booth_lp,netlists/MAIN/A_mul_s_w8__booth_lp.aig,-mul -s,CORRECT,W=8;family=A;build=MAIN;arch=booth_lp
pf__MAIN__A_mul_s_w8__booth_pre,netlists/MAIN/A_mul_s_w8__booth_pre.aig,-mul -s,CORRECT,W=8;family=A;build=MAIN;arch=booth_pre
pf__MAIN__A_mul_s_w8__norm,netlists/MAIN/A_mul_s_w8__norm.aig,-mul -s,CORRECT,W=8;family=A;build=MAIN;arch=norm
pf__MAIN__A_mul_s_w8__norm_pre,netlists/MAIN/A_mul_s_w8__norm_pre.aig,-mul -s,CORRECT,W=8;family=A;build=MAIN;arch=norm_pre
pf__MAIN__A_mul_u_w8__booth,netlists/MAIN/A_mul_u_w8__booth.aig,-mul,CORRECT,W=8;family=A;build=MAIN;arch=booth
pf__MAIN__A_mul_u_w8__booth_pre_folded,netlists/CONTROL/A_mul_u_w8__booth_pre_folded.aig,-mul,CORRECT,W=8;family=A;build=MAIN;arch=booth_pre_folded;derived=constant-folded copy of MAIN booth_pre
pf__MAIN__A_mul_u_w8__norm,netlists/MAIN/A_mul_u_w8__norm.aig,-mul,CORRECT,W=8;family=A;build=MAIN;arch=norm
pf__MAIN__A_mul_u_w8__norm_pre,netlists/MAIN/A_mul_u_w8__norm_pre.aig,-mul,CORRECT,W=8;family=A;build=MAIN;arch=norm_pre
pf__MAIN__B_dot2_u_w8__norm,netlists/MAIN/B_dot2_u_w8__norm.aig,-dot=2,CORRECT,W=8;family=B;build=MAIN;arch=norm
pf__MAIN__B_dot2_u_w8__tree,netlists/MAIN/B_dot2_u_w8__tree.aig,-dot=2,CORRECT,W=8;family=B;build=MAIN;arch=tree
pf__MAIN__B_dot2_u_w8__tree_fa,netlists/MAIN/B_dot2_u_w8__tree_fa.aig,-dot=2,CORRECT,W=8;family=B;build=MAIN;arch=tree_fa
pf__MAIN__B_dot2_u_w8__tree_nofma,netlists/MAIN/B_dot2_u_w8__tree_nofma.aig,-dot=2,CORRECT,W=8;family=B;build=MAIN;arch=tree_nofma
pf__MAIN__B_dot2_u_w8__tree_pre,netlists/MAIN/B_dot2_u_w8__tree_pre.aig,-dot=2,CORRECT,W=8;family=B;build=MAIN;arch=tree_pre
pf__MAIN__B_dot2_u_w8__tree_ripple,netlists/MAIN/B_dot2_u_w8__tree_ripple.aig,-dot=2,CORRECT,W=8;family=B;build=MAIN;arch=tree_ripple
pf__MAIN__B_mac_s_w8__norm,netlists/MAIN/B_mac_s_w8__norm.aig,-mac -s,CORRECT,W=8;family=B;build=MAIN;arch=norm
pf__MAIN__B_mac_s_w8__tree_nofma,netlists/MAIN/B_mac_s_w8__tree_nofma.aig,-mac -s,CORRECT,W=8;family=B;build=MAIN;arch=tree_nofma
pf__MAIN__B_mac_u_w8__norm,netlists/MAIN/B_mac_u_w8__norm.aig,-mac,CORRECT,W=8;family=B;build=MAIN;arch=norm
pf__MAIN__B_mac_u_w8__tree,netlists/MAIN/B_mac_u_w8__tree.aig,-mac,CORRECT,W=8;family=B;build=MAIN;arch=tree
pf__MAIN__B_mac_u_w8__tree_fa,netlists/MAIN/B_mac_u_w8__tree_fa.aig,-mac,CORRECT,W=8;family=B;build=MAIN;arch=tree_fa
pf__MAIN__B_mac_u_w8__tree_nofma,netlists/MAIN/B_mac_u_w8__tree_nofma.aig,-mac,CORRECT,W=8;family=B;build=MAIN;arch=tree_nofma
pf__MAIN__B_mac_u_w8__tree_pre,netlists/MAIN/B_mac_u_w8__tree_pre.aig,-mac,CORRECT,W=8;family=B;build=MAIN;arch=tree_pre
pf__MAIN__B_mac_u_w8__tree_ripple,netlists/MAIN/B_mac_u_w8__tree_ripple.aig,-mac,CORRECT,W=8;family=B;build=MAIN;arch=tree_ripple
pf__PATCH__B_mac_s_w8__tree,netlists/PATCH/B_mac_s_w8__tree.aig,-mac -s,CORRECT,W=8;family=B;build=PATCH;arch=tree
pf__PATCH__B_mac_s_w8__tree_fa,netlists/PATCH/B_mac_s_w8__tree_fa.aig,-mac -s,CORRECT,W=8;family=B;build=PATCH;arch=tree_fa
pf__PATCH__B_mac_s_w8__tree_pre,netlists/PATCH/B_mac_s_w8__tree_pre.aig,-mac -s,CORRECT,W=8;family=B;build=PATCH;arch=tree_pre
pf__PATCH__B_mac_s_w8__tree_ripple,netlists/PATCH/B_mac_s_w8__tree_ripple.aig,-mac -s,CORRECT,W=8;family=B;build=PATCH;arch=tree_ripple
pf__MAIN__B_mac_s_w8__tree,netlists/MAIN/B_mac_s_w8__tree.aig,-mac -s,INCORRECT,W=8;family=B;build=MAIN;arch=tree
pf__MAIN__B_mac_s_w8__tree_fa,netlists/MAIN/B_mac_s_w8__tree_fa.aig,-mac -s,INCORRECT,W=8;family=B;build=MAIN;arch=tree_fa
pf__MAIN__B_mac_s_w8__tree_pre,netlists/MAIN/B_mac_s_w8__tree_pre.aig,-mac -s,INCORRECT,W=8;family=B;build=MAIN;arch=tree_pre
pf__MAIN__B_mac_s_w8__tree_ripple,netlists/MAIN/B_mac_s_w8__tree_ripple.aig,-mac -s,INCORRECT,W=8;family=B;build=MAIN;arch=tree_ripple
pf__MAIN__MUT_accum_mac_u_w8__norm,netlists/MAIN/MUT_accum_mac_u_w8__norm.aig,-mac,INCORRECT,W=8;family=MUT;build=MAIN;arch=norm
pf__MAIN__MUT_accum_mac_u_w8__tree,netlists/MAIN/MUT_accum_mac_u_w8__tree.aig,-mac,INCORRECT,W=8;family=MUT;build=MAIN;arch=tree
pf__MAIN__MUT_plus1_dot2_u_w8__norm,netlists/MAIN/MUT_plus1_dot2_u_w8__norm.aig,-dot=2,INCORRECT,W=8;family=MUT;build=MAIN;arch=norm
pf__MAIN__MUT_plus1_dot2_u_w8__tree,netlists/MAIN/MUT_plus1_dot2_u_w8__tree.aig,-dot=2,INCORRECT,W=8;family=MUT;build=MAIN;arch=tree
pf__MAIN__MUT_signext_mac_s_w8__norm,netlists/MAIN/MUT_signext_mac_s_w8__norm.aig,-mac -s,INCORRECT,W=8;family=MUT;build=MAIN;arch=norm
pf__MAIN__MUT_signext_mac_s_w8__tree,netlists/MAIN/MUT_signext_mac_s_w8__tree.aig,-mac -s,INCORRECT,W=8;family=MUT;build=MAIN;arch=tree
pf__MAIN__MUT_trunc_mul_u_w8__booth,netlists/MAIN/MUT_trunc_mul_u_w8__booth.aig,-mul,INCORRECT,W=8;family=MUT;build=MAIN;arch=booth
pf__MAIN__MUT_trunc_mul_u_w8__norm,netlists/MAIN/MUT_trunc_mul_u_w8__norm.aig,-mul,INCORRECT,W=8;family=MUT;build=MAIN;arch=norm
pf__MAIN__A_mul_s_w12__booth,netlists/MAIN/A_mul_s_w12__booth.aig,-mul -s,CORRECT,W=12;family=A;build=MAIN;arch=booth
pf__MAIN__A_mul_s_w12__norm,netlists/MAIN/A_mul_s_w12__norm.aig,-mul -s,CORRECT,W=12;family=A;build=MAIN;arch=norm
pf__MAIN__A_mul_u_w12__booth,netlists/MAIN/A_mul_u_w12__booth.aig,-mul,CORRECT,W=12;family=A;build=MAIN;arch=booth
pf__MAIN__A_mul_u_w12__norm,netlists/MAIN/A_mul_u_w12__norm.aig,-mul,CORRECT,W=12;family=A;build=MAIN;arch=norm
pf__MAIN__B_dot2_u_w12__norm,netlists/MAIN/B_dot2_u_w12__norm.aig,-dot=2,CORRECT,W=12;family=B;build=MAIN;arch=norm
pf__MAIN__B_dot2_u_w12__tree,netlists/MAIN/B_dot2_u_w12__tree.aig,-dot=2,CORRECT,W=12;family=B;build=MAIN;arch=tree
pf__MAIN__B_mac_s_w12__norm,netlists/MAIN/B_mac_s_w12__norm.aig,-mac -s,CORRECT,W=12;family=B;build=MAIN;arch=norm
pf__MAIN__B_mac_u_w12__norm,netlists/MAIN/B_mac_u_w12__norm.aig,-mac,CORRECT,W=12;family=B;build=MAIN;arch=norm
pf__MAIN__B_mac_u_w12__tree,netlists/MAIN/B_mac_u_w12__tree.aig,-mac,CORRECT,W=12;family=B;build=MAIN;arch=tree
pf__PATCH__B_mac_s_w12__tree,netlists/PATCH/B_mac_s_w12__tree.aig,-mac -s,CORRECT,W=12;family=B;build=PATCH;arch=tree
pf__MAIN__B_mac_s_w12__tree,netlists/MAIN/B_mac_s_w12__tree.aig,-mac -s,INCORRECT,W=12;family=B;build=MAIN;arch=tree
pf__MAIN__A_mul_s_w16__booth,netlists/MAIN/A_mul_s_w16__booth.aig,-mul -s,CORRECT,W=16;family=A;build=MAIN;arch=booth
pf__MAIN__A_mul_s_w16__booth_lp,netlists/MAIN/A_mul_s_w16__booth_lp.aig,-mul -s,CORRECT,W=16;family=A;build=MAIN;arch=booth_lp
pf__MAIN__A_mul_s_w16__booth_pre,netlists/MAIN/A_mul_s_w16__booth_pre.aig,-mul -s,CORRECT,W=16;family=A;build=MAIN;arch=booth_pre
pf__MAIN__A_mul_s_w16__norm,netlists/MAIN/A_mul_s_w16__norm.aig,-mul -s,CORRECT,W=16;family=A;build=MAIN;arch=norm
pf__MAIN__A_mul_s_w16__norm_pre,netlists/MAIN/A_mul_s_w16__norm_pre.aig,-mul -s,CORRECT,W=16;family=A;build=MAIN;arch=norm_pre
pf__MAIN__A_mul_u_w16__booth,netlists/MAIN/A_mul_u_w16__booth.aig,-mul,CORRECT,W=16;family=A;build=MAIN;arch=booth
pf__MAIN__A_mul_u_w16__booth_pre_folded,netlists/CONTROL/A_mul_u_w16__booth_pre_folded.aig,-mul,CORRECT,W=16;family=A;build=MAIN;arch=booth_pre_folded;derived=constant-folded copy of MAIN booth_pre
pf__MAIN__A_mul_u_w16__norm,netlists/MAIN/A_mul_u_w16__norm.aig,-mul,CORRECT,W=16;family=A;build=MAIN;arch=norm
pf__MAIN__A_mul_u_w16__norm_pre,netlists/MAIN/A_mul_u_w16__norm_pre.aig,-mul,CORRECT,W=16;family=A;build=MAIN;arch=norm_pre
pf__MAIN__B_dot2_u_w16__norm,netlists/MAIN/B_dot2_u_w16__norm.aig,-dot=2,CORRECT,W=16;family=B;build=MAIN;arch=norm
pf__MAIN__B_dot2_u_w16__tree,netlists/MAIN/B_dot2_u_w16__tree.aig,-dot=2,CORRECT,W=16;family=B;build=MAIN;arch=tree
pf__MAIN__B_dot2_u_w16__tree_fa,netlists/MAIN/B_dot2_u_w16__tree_fa.aig,-dot=2,CORRECT,W=16;family=B;build=MAIN;arch=tree_fa
pf__MAIN__B_dot2_u_w16__tree_nofma,netlists/MAIN/B_dot2_u_w16__tree_nofma.aig,-dot=2,CORRECT,W=16;family=B;build=MAIN;arch=tree_nofma
pf__MAIN__B_dot2_u_w16__tree_pre,netlists/MAIN/B_dot2_u_w16__tree_pre.aig,-dot=2,CORRECT,W=16;family=B;build=MAIN;arch=tree_pre
pf__MAIN__B_dot2_u_w16__tree_ripple,netlists/MAIN/B_dot2_u_w16__tree_ripple.aig,-dot=2,CORRECT,W=16;family=B;build=MAIN;arch=tree_ripple
pf__MAIN__B_mac_s_w16__norm,netlists/MAIN/B_mac_s_w16__norm.aig,-mac -s,CORRECT,W=16;family=B;build=MAIN;arch=norm
pf__MAIN__B_mac_s_w16__tree_nofma,netlists/MAIN/B_mac_s_w16__tree_nofma.aig,-mac -s,CORRECT,W=16;family=B;build=MAIN;arch=tree_nofma
pf__MAIN__B_mac_u_w16__norm,netlists/MAIN/B_mac_u_w16__norm.aig,-mac,CORRECT,W=16;family=B;build=MAIN;arch=norm
pf__MAIN__B_mac_u_w16__tree,netlists/MAIN/B_mac_u_w16__tree.aig,-mac,CORRECT,W=16;family=B;build=MAIN;arch=tree
pf__MAIN__B_mac_u_w16__tree_fa,netlists/MAIN/B_mac_u_w16__tree_fa.aig,-mac,CORRECT,W=16;family=B;build=MAIN;arch=tree_fa
pf__MAIN__B_mac_u_w16__tree_nofma,netlists/MAIN/B_mac_u_w16__tree_nofma.aig,-mac,CORRECT,W=16;family=B;build=MAIN;arch=tree_nofma
pf__MAIN__B_mac_u_w16__tree_pre,netlists/MAIN/B_mac_u_w16__tree_pre.aig,-mac,CORRECT,W=16;family=B;build=MAIN;arch=tree_pre
pf__MAIN__B_mac_u_w16__tree_ripple,netlists/MAIN/B_mac_u_w16__tree_ripple.aig,-mac,CORRECT,W=16;family=B;build=MAIN;arch=tree_ripple
pf__PATCH__B_mac_s_w16__tree,netlists/PATCH/B_mac_s_w16__tree.aig,-mac -s,CORRECT,W=16;family=B;build=PATCH;arch=tree
pf__PATCH__B_mac_s_w16__tree_fa,netlists/PATCH/B_mac_s_w16__tree_fa.aig,-mac -s,CORRECT,W=16;family=B;build=PATCH;arch=tree_fa
pf__PATCH__B_mac_s_w16__tree_pre,netlists/PATCH/B_mac_s_w16__tree_pre.aig,-mac -s,CORRECT,W=16;family=B;build=PATCH;arch=tree_pre
pf__PATCH__B_mac_s_w16__tree_ripple,netlists/PATCH/B_mac_s_w16__tree_ripple.aig,-mac -s,CORRECT,W=16;family=B;build=PATCH;arch=tree_ripple
pf__MAIN__B_mac_s_w16__tree,netlists/MAIN/B_mac_s_w16__tree.aig,-mac -s,INCORRECT,W=16;family=B;build=MAIN;arch=tree
pf__MAIN__B_mac_s_w16__tree_fa,netlists/MAIN/B_mac_s_w16__tree_fa.aig,-mac -s,INCORRECT,W=16;family=B;build=MAIN;arch=tree_fa
pf__MAIN__B_mac_s_w16__tree_pre,netlists/MAIN/B_mac_s_w16__tree_pre.aig,-mac -s,INCORRECT,W=16;family=B;build=MAIN;arch=tree_pre
pf__MAIN__B_mac_s_w16__tree_ripple,netlists/MAIN/B_mac_s_w16__tree_ripple.aig,-mac -s,INCORRECT,W=16;family=B;build=MAIN;arch=tree_ripple
pf__MAIN__MUT_accum_mac_u_w16__norm,netlists/MAIN/MUT_accum_mac_u_w16__norm.aig,-mac,INCORRECT,W=16;family=MUT;build=MAIN;arch=norm
pf__MAIN__MUT_accum_mac_u_w16__tree,netlists/MAIN/MUT_accum_mac_u_w16__tree.aig,-mac,INCORRECT,W=16;family=MUT;build=MAIN;arch=tree
pf__MAIN__MUT_plus1_dot2_u_w16__norm,netlists/MAIN/MUT_plus1_dot2_u_w16__norm.aig,-dot=2,INCORRECT,W=16;family=MUT;build=MAIN;arch=norm
pf__MAIN__MUT_plus1_dot2_u_w16__tree,netlists/MAIN/MUT_plus1_dot2_u_w16__tree.aig,-dot=2,INCORRECT,W=16;family=MUT;build=MAIN;arch=tree
pf__MAIN__MUT_signext_mac_s_w16__norm,netlists/MAIN/MUT_signext_mac_s_w16__norm.aig,-mac -s,INCORRECT,W=16;family=MUT;build=MAIN;arch=norm
pf__MAIN__MUT_signext_mac_s_w16__tree,netlists/MAIN/MUT_signext_mac_s_w16__tree.aig,-mac -s,INCORRECT,W=16;family=MUT;build=MAIN;arch=tree
pf__MAIN__MUT_trunc_mul_u_w16__booth,netlists/MAIN/MUT_trunc_mul_u_w16__booth.aig,-mul,INCORRECT,W=16;family=MUT;build=MAIN;arch=booth
pf__MAIN__MUT_trunc_mul_u_w16__norm,netlists/MAIN/MUT_trunc_mul_u_w16__norm.aig,-mul,INCORRECT,W=16;family=MUT;build=MAIN;arch=norm
pf__MAIN__A_mul_s_w20__booth,netlists/MAIN/A_mul_s_w20__booth.aig,-mul -s,CORRECT,W=20;family=A;build=MAIN;arch=booth
pf__MAIN__A_mul_s_w20__norm,netlists/MAIN/A_mul_s_w20__norm.aig,-mul -s,CORRECT,W=20;family=A;build=MAIN;arch=norm
pf__MAIN__A_mul_u_w20__booth,netlists/MAIN/A_mul_u_w20__booth.aig,-mul,CORRECT,W=20;family=A;build=MAIN;arch=booth
pf__MAIN__A_mul_u_w20__norm,netlists/MAIN/A_mul_u_w20__norm.aig,-mul,CORRECT,W=20;family=A;build=MAIN;arch=norm
pf__MAIN__A_mul_s_w24__booth,netlists/MAIN/A_mul_s_w24__booth.aig,-mul -s,CORRECT,W=24;family=A;build=MAIN;arch=booth
pf__MAIN__A_mul_s_w24__norm,netlists/MAIN/A_mul_s_w24__norm.aig,-mul -s,CORRECT,W=24;family=A;build=MAIN;arch=norm
pf__MAIN__A_mul_u_w24__booth,netlists/MAIN/A_mul_u_w24__booth.aig,-mul,CORRECT,W=24;family=A;build=MAIN;arch=booth
pf__MAIN__A_mul_u_w24__norm,netlists/MAIN/A_mul_u_w24__norm.aig,-mul,CORRECT,W=24;family=A;build=MAIN;arch=norm
pf__MAIN__B_dot2_u_w24__norm,netlists/MAIN/B_dot2_u_w24__norm.aig,-dot=2,CORRECT,W=24;family=B;build=MAIN;arch=norm
pf__MAIN__B_dot2_u_w24__tree,netlists/MAIN/B_dot2_u_w24__tree.aig,-dot=2,CORRECT,W=24;family=B;build=MAIN;arch=tree
pf__MAIN__B_mac_s_w24__norm,netlists/MAIN/B_mac_s_w24__norm.aig,-mac -s,CORRECT,W=24;family=B;build=MAIN;arch=norm
pf__MAIN__B_mac_u_w24__norm,netlists/MAIN/B_mac_u_w24__norm.aig,-mac,CORRECT,W=24;family=B;build=MAIN;arch=norm
pf__MAIN__B_mac_u_w24__tree,netlists/MAIN/B_mac_u_w24__tree.aig,-mac,CORRECT,W=24;family=B;build=MAIN;arch=tree
pf__PATCH__B_mac_s_w24__tree,netlists/PATCH/B_mac_s_w24__tree.aig,-mac -s,CORRECT,W=24;family=B;build=PATCH;arch=tree
pf__MAIN__B_mac_s_w24__tree,netlists/MAIN/B_mac_s_w24__tree.aig,-mac -s,INCORRECT,W=24;family=B;build=MAIN;arch=tree
pf__MAIN__A_mul_s_w32__booth,netlists/MAIN/A_mul_s_w32__booth.aig,-mul -s,CORRECT,W=32;family=A;build=MAIN;arch=booth
pf__MAIN__A_mul_s_w32__booth_lp,netlists/MAIN/A_mul_s_w32__booth_lp.aig,-mul -s,CORRECT,W=32;family=A;build=MAIN;arch=booth_lp
pf__MAIN__A_mul_s_w32__booth_pre,netlists/MAIN/A_mul_s_w32__booth_pre.aig,-mul -s,CORRECT,W=32;family=A;build=MAIN;arch=booth_pre
pf__MAIN__A_mul_s_w32__norm,netlists/MAIN/A_mul_s_w32__norm.aig,-mul -s,CORRECT,W=32;family=A;build=MAIN;arch=norm
pf__MAIN__A_mul_s_w32__norm_pre,netlists/MAIN/A_mul_s_w32__norm_pre.aig,-mul -s,CORRECT,W=32;family=A;build=MAIN;arch=norm_pre
pf__MAIN__A_mul_u_w32__booth,netlists/MAIN/A_mul_u_w32__booth.aig,-mul,CORRECT,W=32;family=A;build=MAIN;arch=booth
pf__MAIN__A_mul_u_w32__booth_pre_folded,netlists/CONTROL/A_mul_u_w32__booth_pre_folded.aig,-mul,CORRECT,W=32;family=A;build=MAIN;arch=booth_pre_folded;derived=constant-folded copy of MAIN booth_pre
pf__MAIN__A_mul_u_w32__norm,netlists/MAIN/A_mul_u_w32__norm.aig,-mul,CORRECT,W=32;family=A;build=MAIN;arch=norm
pf__MAIN__A_mul_u_w32__norm_pre,netlists/MAIN/A_mul_u_w32__norm_pre.aig,-mul,CORRECT,W=32;family=A;build=MAIN;arch=norm_pre
pf__MAIN__B_dot2_u_w32__norm,netlists/MAIN/B_dot2_u_w32__norm.aig,-dot=2,CORRECT,W=32;family=B;build=MAIN;arch=norm
pf__MAIN__B_dot2_u_w32__tree,netlists/MAIN/B_dot2_u_w32__tree.aig,-dot=2,CORRECT,W=32;family=B;build=MAIN;arch=tree
pf__MAIN__B_mac_s_w32__norm,netlists/MAIN/B_mac_s_w32__norm.aig,-mac -s,CORRECT,W=32;family=B;build=MAIN;arch=norm
pf__MAIN__B_mac_u_w32__norm,netlists/MAIN/B_mac_u_w32__norm.aig,-mac,CORRECT,W=32;family=B;build=MAIN;arch=norm
pf__MAIN__B_mac_u_w32__tree,netlists/MAIN/B_mac_u_w32__tree.aig,-mac,CORRECT,W=32;family=B;build=MAIN;arch=tree
pf__PATCH__B_mac_s_w32__tree,netlists/PATCH/B_mac_s_w32__tree.aig,-mac -s,CORRECT,W=32;family=B;build=PATCH;arch=tree
pf__MAIN__B_mac_s_w32__tree,netlists/MAIN/B_mac_s_w32__tree.aig,-mac -s,INCORRECT,W=32;family=B;build=MAIN;arch=tree
pf__MAIN__MUT_accum_mac_u_w32__norm,netlists/MAIN/MUT_accum_mac_u_w32__norm.aig,-mac,INCORRECT,W=32;family=MUT;build=MAIN;arch=norm
pf__MAIN__MUT_accum_mac_u_w32__tree,netlists/MAIN/MUT_accum_mac_u_w32__tree.aig,-mac,INCORRECT,W=32;family=MUT;build=MAIN;arch=tree
pf__MAIN__MUT_plus1_dot2_u_w32__norm,netlists/MAIN/MUT_plus1_dot2_u_w32__norm.aig,-dot=2,INCORRECT,W=32;family=MUT;build=MAIN;arch=norm
pf__MAIN__MUT_plus1_dot2_u_w32__tree,netlists/MAIN/MUT_plus1_dot2_u_w32__tree.aig,-dot=2,INCORRECT,W=32;family=MUT;build=MAIN;arch=tree
pf__MAIN__MUT_signext_mac_s_w32__norm,netlists/MAIN/MUT_signext_mac_s_w32__norm.aig,-mac -s,INCORRECT,W=32;family=MUT;build=MAIN;arch=norm
pf__MAIN__MUT_signext_mac_s_w32__tree,netlists/MAIN/MUT_signext_mac_s_w32__tree.aig,-mac -s,INCORRECT,W=32;family=MUT;build=MAIN;arch=tree
pf__MAIN__MUT_trunc_mul_u_w32__booth,netlists/MAIN/MUT_trunc_mul_u_w32__booth.aig,-mul,INCORRECT,W=32;family=MUT;build=MAIN;arch=booth
pf__MAIN__MUT_trunc_mul_u_w32__norm,netlists/MAIN/MUT_trunc_mul_u_w32__norm.aig,-mul,INCORRECT,W=32;family=MUT;build=MAIN;arch=norm
