job_id,rel_path,args,timeout_s,expected,tool_status,trace_result,max_polynomial,trace_elapsed_s,wall_s,cgroup_peak_mib,max_rss_kb,and_gates,subst_steps,trace_exit,diag,note
onset__B_dot2_u_w40__tree_pre___dyn_p_c,netlists/ONSET_MAIN/B_dot2_u_w40__tree_pre.aig,-dot=2 -dyn -p -c -no-steps,900,CORRECT,RESULT,Correct,3634,47.3612,48.84,116.2,477440,33236,33317,0,,W=40;onset of 64-bit pre-ABC difficulty
onset__B_dot2_u_w48__tree_pre___dyn_p_c,netlists/ONSET_MAIN/B_dot2_u_w48__tree_pre.aig,-dot=2 -dyn -p -c -no-steps,900,CORRECT,RESULT,Correct,7576,119.428,121.19,167.8,685200,47421,47518,0,,W=48;onset of 64-bit pre-ABC difficulty
onset__B_dot2_u_w56__tree_pre___dyn_p_c,netlists/ONSET_MAIN/B_dot2_u_w56__tree_pre.aig,-dot=2 -dyn -p -c -no-steps,900,CORRECT,RESULT,Correct,6927,251.912,254.21,220.3,891632,64665,64778,0,,W=56;onset of 64-bit pre-ABC difficulty
onset__B_mac_u_w40__norm_pre___dyn_p_c,netlists/ONSET_MAIN/B_mac_u_w40__norm_pre.aig,-mac -dyn -p -c -no-steps,900,CORRECT,RESULT,Correct,5058,31.4065,32.60,68.4,285872,17178,17259,0,,W=40;onset of 64-bit pre-ABC difficulty
onset__B_mac_u_w40__tree_pre___dyn_p_c,netlists/ONSET_MAIN/B_mac_u_w40__tree_pre.aig,-mac -dyn -p -c -no-steps,900,CORRECT,RESULT,Correct,2065,11.9685,13.21,59.6,246512,16955,17036,0,,W=40;onset of 64-bit pre-ABC difficulty
onset__B_mac_u_w48__norm_pre___dyn_p_c,netlists/ONSET_MAIN/B_mac_u_w48__norm_pre.aig,-mac -dyn -p -c -no-steps,900,CORRECT,TIMEOUT,,,,901.19,300.1,,,,137,,W=48;onset of 64-bit pre-ABC difficulty
onset__B_mac_u_w48__tree_pre___dyn_p_c,netlists/ONSET_MAIN/B_mac_u_w48__tree_pre.aig,-mac -dyn -p -c -no-steps,900,CORRECT,RESULT,Correct,4601,37.3584,38.63,87.9,365376,24196,24293,0,,W=48;onset of 64-bit pre-ABC difficulty
onset__B_mac_u_w56__norm_pre___dyn_p_c,netlists/ONSET_MAIN/B_mac_u_w56__norm_pre.aig,-mac -dyn -p -c -no-steps,900,CORRECT,RESULT,Correct,10605,346.276,347.95,138.9,572224,33179,33292,0,,W=56;onset of 64-bit pre-ABC difficulty
onset__B_mac_u_w56__tree_pre___dyn_p_c,netlists/ONSET_MAIN/B_mac_u_w56__tree_pre.aig,-mac -dyn -p -c -no-steps,900,CORRECT,RESULT,Correct,3802,60.3769,62.11,110.8,457664,32762,32875,0,,W=56;onset of 64-bit pre-ABC difficulty
abcstep__A_mul_s_w8__booth_lp_pre__balance___dyn_p_c,netlists/ABCSTEP/A_mul_s_w8__booth_lp_pre__balance.aig,-mul -s -dyn -p -c -no-steps,60,CORRECT,RESULT,Correct,214,0.0486601,1.07,4.4,17344,452,468,0,,W=8;ABC step isolation;step=balance;source=booth_lp_pre
abcstep__A_mul_s_w8__booth_lp_pre__balance___idx_p_c,netlists/ABCSTEP/A_mul_s_w8__booth_lp_pre__balance.aig,-mul -s -idx -p -c -no-steps,60,CORRECT,RESULT,Correct,80,0.0442263,1.06,4.4,15296,452,16,0,,W=8;ABC step isolation;step=balance;source=booth_lp_pre
abcstep__A_mul_s_w8__booth_lp_pre__dc2___dyn_p_c,netlists/ABCSTEP/A_mul_s_w8__booth_lp_pre__dc2.aig,-mul -s -dyn -p -c -no-steps,60,CORRECT,RESULT,Correct,179,0.0688765,1.14,4.7,16832,446,462,0,,W=8;ABC step isolation;step=dc2;source=booth_lp_pre
abcstep__A_mul_s_w8__booth_lp_pre__dc2___idx_p_c,netlists/ABCSTEP/A_mul_s_w8__booth_lp_pre__dc2.aig,-mul -s -idx -p -c -no-steps,60,CORRECT,RESULT,Correct,80,0.0479085,0.96,5.2,15296,446,16,0,,W=8;ABC step isolation;step=dc2;source=booth_lp_pre
abcstep__A_mul_s_w8__booth_lp_pre__dch___dyn_p_c,netlists/ABCSTEP/A_mul_s_w8__booth_lp_pre__dch.aig,-mul -s -dyn -p -c -no-steps,60,CORRECT,TIMEOUT,,,,60.97,76.1,,,,137,,W=8;ABC step isolation;step=dch;source=booth_lp_pre
abcstep__A_mul_s_w8__booth_lp_pre__dch___idx_p_c,netlists/ABCSTEP/A_mul_s_w8__booth_lp_pre__dch.aig,-mul -s -idx -p -c -no-steps,60,CORRECT,TIMEOUT,,,,60.89,156.4,,,,137,,W=8;ABC step isolation;step=dch;source=booth_lp_pre
abcstep__A_mul_s_w8__booth_lp_pre__fraig___dyn_p_c,netlists/ABCSTEP/A_mul_s_w8__booth_lp_pre__fraig.aig,-mul -s -dyn -p -c -no-steps,60,CORRECT,TIMEOUT,,,,60.74,67.8,,,,137,,W=8;ABC step isolation;step=fraig;source=booth_lp_pre
abcstep__A_mul_s_w8__booth_lp_pre__fraig___idx_p_c,netlists/ABCSTEP/A_mul_s_w8__booth_lp_pre__fraig.aig,-mul -s -idx -p -c -no-steps,60,CORRECT,TIMEOUT,,,,61.00,123.7,,,,137,,W=8;ABC step isolation;step=fraig;source=booth_lp_pre
abcstep__A_mul_s_w8__booth_lp_pre__refactor___dyn_p_c,netlists/ABCSTEP/A_mul_s_w8__booth_lp_pre__refactor.aig,-mul -s -dyn -p -c -no-steps,60,CORRECT,RESULT,Correct,199,0.038235,1.13,4.9,16832,449,465,0,,W=8;ABC step isolation;step=refactor;source=booth_lp_pre
abcstep__A_mul_s_w8__booth_lp_pre__refactor___idx_p_c,netlists/ABCSTEP/A_mul_s_w8__booth_lp_pre__refactor.aig,-mul -s -idx -p -c -no-steps,60,CORRECT,RESULT,Correct,80,0.0587915,1.07,4.4,15296,449,16,0,,W=8;ABC step isolation;step=refactor;source=booth_lp_pre
abcstep__A_mul_s_w8__booth_lp_pre__resyn2___dyn_p_c,netlists/ABCSTEP/A_mul_s_w8__booth_lp_pre__resyn2.aig,-mul -s -dyn -p -c -no-steps,60,CORRECT,RESULT,Correct,173,0.0397163,1.22,4.9,16832,446,462,0,,W=8;ABC step isolation;step=resyn2;source=booth_lp_pre
abcstep__A_mul_s_w8__booth_lp_pre__resyn2___idx_p_c,netlists/ABCSTEP/A_mul_s_w8__booth_lp_pre__resyn2.aig,-mul -s -idx -p -c -no-steps,60,CORRECT,RESULT,Correct,81,0.055316,1.13,4.6,15296,446,16,0,,W=8;ABC step isolation;step=resyn2;source=booth_lp_pre
abcstep__A_mul_s_w8__booth_lp_pre__rewrite___dyn_p_c,netlists/ABCSTEP/A_mul_s_w8__booth_lp_pre__rewrite.aig,-mul -s -dyn -p -c -no-steps,60,CORRECT,RESULT,Correct,190,0.0418174,0.80,4.1,17344,446,462,0,,W=8;ABC step isolation;step=rewrite;source=booth_lp_pre
abcstep__A_mul_s_w8__booth_lp_pre__rewrite___idx_p_c,netlists/ABCSTEP/A_mul_s_w8__booth_lp_pre__rewrite.aig,-mul -s -idx -p -c -no-steps,60,CORRECT,RESULT,Correct,80,0.048071,0.90,5.1,15296,446,16,0,,W=8;ABC step isolation;step=rewrite;source=booth_lp_pre
abcstep__A_mul_s_w8__booth_lp_pre__strash___dyn_p_c,netlists/ABCSTEP/A_mul_s_w8__booth_lp_pre__strash.aig,-mul -s -dyn -p -c -no-steps,60,CORRECT,RESULT,Correct,214,0.0378144,0.86,4.6,17344,452,468,0,,W=8;ABC step isolation;step=strash;source=booth_lp_pre
abcstep__A_mul_s_w8__booth_lp_pre__strash___idx_p_c,netlists/ABCSTEP/A_mul_s_w8__booth_lp_pre__strash.aig,-mul -s -idx -p -c -no-steps,60,CORRECT,RESULT,Correct,80,0.0468757,1.00,4.4,15808,452,16,0,,W=8;ABC step isolation;step=strash;source=booth_lp_pre
abcstep__A_mul_s_w8__booth_lp_pre__yosysnomap___dyn_p_c,netlists/ABCSTEP/A_mul_s_w8__booth_lp_pre__yosysnomap.aig,-mul -s -dyn -p -c -no-steps,60,CORRECT,TIMEOUT,,,,61.04,61.5,,,,137,,W=8;ABC step isolation;step=yosysnomap;source=booth_lp_pre
abcstep__A_mul_s_w8__booth_lp_pre__yosysnomap___idx_p_c,netlists/ABCSTEP/A_mul_s_w8__booth_lp_pre__yosysnomap.aig,-mul -s -idx -p -c -no-steps,60,CORRECT,TIMEOUT,,,,61.15,132.5,,,,137,,W=8;ABC step isolation;step=yosysnomap;source=booth_lp_pre
abcstep__A_mul_u_w8__booth_pre_folded__balance___dyn_p_c,netlists/ABCSTEP/A_mul_u_w8__booth_pre_folded__balance.aig,-mul -dyn -p -c -no-steps,60,CORRECT,RESULT,Correct,180,0.0764527,1.05,3.9,19904,578,594,0,,W=8;ABC step isolation;step=balance;source=booth_pre_folded
abcstep__A_mul_u_w8__booth_pre_folded__balance___idx_p_c,netlists/ABCSTEP/A_mul_u_w8__booth_pre_folded__balance.aig,-mul -idx -p -c -no-steps,60,CORRECT,RESULT,Correct,80,8.28556,9.48,46.6,195600,578,16,0,,W=8;ABC step isolation;step=balance;source=booth_pre_folded
abcstep__A_mul_u_w8__booth_pre_folded__dc2___dyn_p_c,netlists/ABCSTEP/A_mul_u_w8__booth_pre_folded__dc2.aig,-mul -dyn -p -c -no-steps,60,CORRECT,RESULT,Correct,177,0.0430846,1.04,4.7,18368,513,529,0,,W=8;ABC step isolation;step=dc2;source=booth_pre_folded
abcstep__A_mul_u_w8__booth_pre_folded__dc2___idx_p_c,netlists/ABCSTEP/A_mul_u_w8__booth_pre_folded__dc2.aig,-mul -idx -p -c -no-steps,60,CORRECT,RESULT,Correct,81,0.0633314,1.07,4.4,16320,513,16,0,,W=8;ABC step isolation;step=dc2;source=booth_pre_folded
abcstep__A_mul_u_w8__booth_pre_folded__dch___dyn_p_c,netlists/ABCSTEP/A_mul_u_w8__booth_pre_folded__dch.aig,-mul -dyn -p -c -no-steps,60,CORRECT,TIMEOUT,,,,60.95,36.5,,,,137,,W=8;ABC step isolation;step=dch;source=booth_pre_folded
abcstep__A_mul_u_w8__booth_pre_folded__dch___idx_p_c,netlists/ABCSTEP/A_mul_u_w8__booth_pre_folded__dch.aig,-mul -idx -p -c -no-steps,60,CORRECT,TIMEOUT,,,,61.07,90.9,,,,137,,W=8;ABC step isolation;step=dch;source=booth_pre_folded
abcstep__A_mul_u_w8__booth_pre_folded__fraig___dyn_p_c,netlists/ABCSTEP/A_mul_u_w8__booth_pre_folded__fraig.aig,-mul -dyn -p -c -no-steps,60,CORRECT,RESULT,Correct,173,0.140769,1.22,4.7,19392,568,584,0,,W=8;ABC step isolation;step=fraig;source=booth_pre_folded
abcstep__A_mul_u_w8__booth_pre_folded__fraig___idx_p_c,netlists/ABCSTEP/A_mul_u_w8__booth_pre_folded__fraig.aig,-mul -idx -p -c -no-steps,60,CORRECT,TIMEOUT,,,,60.86,147.8,,,,137,,W=8;ABC step isolation;step=fraig;source=booth_pre_folded
abcstep__A_mul_u_w8__booth_pre_folded__refactor___dyn_p_c,netlists/ABCSTEP/A_mul_u_w8__booth_pre_folded__refactor.aig,-mul -dyn -p -c -no-steps,60,CORRECT,RESULT,Correct,172,0.0648924,1.00,4.6,19392,565,581,0,,W=8;ABC step isolation;step=refactor;source=booth_pre_folded
abcstep__A_mul_u_w8__booth_pre_folded__refactor___idx_p_c,netlists/ABCSTEP/A_mul_u_w8__booth_pre_folded__refactor.aig,-mul -idx -p -c -no-steps,60,CORRECT,TIMEOUT,,,,60.93,147.8,,,,137,,W=8;ABC step isolation;step=refactor;source=booth_pre_folded
abcstep__A_mul_u_w8__booth_pre_folded__resyn2___dyn_p_c,netlists/ABCSTEP/A_mul_u_w8__booth_pre_folded__resyn2.aig,-mul -dyn -p -c -no-steps,60,CORRECT,RESULT,Correct,157,0.05425,0.89,4.9,18368,540,556,0,,W=8;ABC step isolation;step=resyn2;source=booth_pre_folded
abcstep__A_mul_u_w8__booth_pre_folded__resyn2___idx_p_c,netlists/ABCSTEP/A_mul_u_w8__booth_pre_folded__resyn2.aig,-mul -idx -p -c -no-steps,60,CORRECT,RESULT,Correct,81,9.28563,10.23,38.2,158528,540,16,0,,W=8;ABC step isolation;step=resyn2;source=booth_pre_folded
abcstep__A_mul_u_w8__booth_pre_folded__rewrite___dyn_p_c,netlists/ABCSTEP/A_mul_u_w8__booth_pre_folded__rewrite.aig,-mul -dyn -p -c -no-steps,60,CORRECT,RESULT,Correct,233,0.0794939,1.16,4.6,19904,565,581,0,,W=8;ABC step isolation;step=rewrite;source=booth_pre_folded
abcstep__A_mul_u_w8__booth_pre_folded__rewrite___idx_p_c,netlists/ABCSTEP/A_mul_u_w8__booth_pre_folded__rewrite.aig,-mul -idx -p -c -no-steps,60,CORRECT,RESULT,Correct,80,6.76091,7.96,46.8,195040,565,16,0,,W=8;ABC step isolation;step=rewrite;source=booth_pre_folded
abcstep__A_mul_u_w8__booth_pre_folded__strash___dyn_p_c,netlists/ABCSTEP/A_mul_u_w8__booth_pre_folded__strash.aig,-mul -dyn -p -c -no-steps,60,CORRECT,RESULT,Correct,225,0.074048,0.99,4.4,19904,579,595,0,,W=8;ABC step isolation;step=strash;source=booth_pre_folded
abcstep__A_mul_u_w8__booth_pre_folded__strash___idx_p_c,netlists/ABCSTEP/A_mul_u_w8__booth_pre_folded__strash.aig,-mul -idx -p -c -no-steps,60,CORRECT,RESULT,Correct,80,8.02075,8.91,47.8,200784,579,16,0,,W=8;ABC step isolation;step=strash;source=booth_pre_folded
abcstep__A_mul_u_w8__booth_pre_folded__yosysnomap___dyn_p_c,netlists/ABCSTEP/A_mul_u_w8__booth_pre_folded__yosysnomap.aig,-mul -dyn -p -c -no-steps,60,CORRECT,TIMEOUT,,,,60.83,65.0,,,,137,,W=8;ABC step isolation;step=yosysnomap;source=booth_pre_folded
abcstep__A_mul_u_w8__booth_pre_folded__yosysnomap___idx_p_c,netlists/ABCSTEP/A_mul_u_w8__booth_pre_folded__yosysnomap.aig,-mul -idx -p -c -no-steps,60,CORRECT,TIMEOUT,,,,60.93,133.5,,,,137,,W=8;ABC step isolation;step=yosysnomap;source=booth_pre_folded
abcstep__B_dot2_u_w16__norm_pre__balance___dyn_p_c,netlists/ABCSTEP/B_dot2_u_w16__norm_pre__balance.aig,-dot=2 -dyn -p -c -no-steps,120,CORRECT,RESULT,Correct,827,1.24154,2.32,15.7,66608,4447,4480,0,,W=16;ABC step isolation;step=balance;source=norm_pre
abcstep__B_dot2_u_w16__norm_pre__balance___idx_p_c,netlists/ABCSTEP/B_dot2_u_w16__norm_pre__balance.aig,-dot=2 -idx -p -c -no-steps,120,CORRECT,TIMEOUT,,,,120.88,318.2,,,,137,,W=16;ABC step isolation;step=balance;source=norm_pre
abcstep__B_dot2_u_w16__norm_pre__dc2___dyn_p_c,netlists/ABCSTEP/B_dot2_u_w16__norm_pre__dc2.aig,-dot=2 -dyn -p -c -no-steps,120,CORRECT,RESULT,Correct,668,1.09841,2.03,14.5,61440,4351,4384,0,,W=16;ABC step isolation;step=dc2;source=norm_pre
abcstep__B_dot2_u_w16__norm_pre__dc2___idx_p_c,netlists/ABCSTEP/B_dot2_u_w16__norm_pre__dc2.aig,-dot=2 -idx -p -c -no-steps,120,CORRECT,TIMEOUT,,,,120.94,548.6,,,,137,,W=16;ABC step isolation;step=dc2;source=norm_pre
abcstep__B_dot2_u_w16__norm_pre__dch___dyn_p_c,netlists/ABCSTEP/B_dot2_u_w16__norm_pre__dch.aig,-dot=2 -dyn -p -c -no-steps,120,CORRECT,RESULT,Correct,962,1.6944,2.78,15.0,64736,4400,4433,0,,W=16;ABC step isolation;step=dch;source=norm_pre
abcstep__B_dot2_u_w16__norm_pre__dch___idx_p_c,netlists/ABCSTEP/B_dot2_u_w16__norm_pre__dch.aig,-dot=2 -idx -p -c -no-steps,120,CORRECT,TIMEOUT,,,,121.02,382.8,,,,137,,W=16;ABC step isolation;step=dch;source=norm_pre
abcstep__B_dot2_u_w16__norm_pre__fraig___dyn_p_c,netlists/ABCSTEP/B_dot2_u_w16__norm_pre__fraig.aig,-dot=2 -dyn -p -c -no-steps,120,CORRECT,RESULT,Correct,1753,2.2313,3.38,15.9,69696,4415,4448,0,,W=16;ABC step isolation;step=fraig;source=norm_pre
abcstep__B_dot2_u_w16__norm_pre__fraig___idx_p_c,netlists/ABCSTEP/B_dot2_u_w16__norm_pre__fraig.aig,-dot=2 -idx -p -c -no-steps,120,CORRECT,TIMEOUT,,,,120.94,341.4,,,,137,,W=16;ABC step isolation;step=fraig;source=norm_pre
abcstep__B_dot2_u_w16__norm_pre__refactor___dyn_p_c,netlists/ABCSTEP/B_dot2_u_w16__norm_pre__refactor.aig,-dot=2 -dyn -p -c -no-steps,120,CORRECT,RESULT,Correct,829,1.26881,2.47,15.5,66384,4449,4482,0,,W=16;ABC step isolation;step=refactor;source=norm_pre
abcstep__B_dot2_u_w16__norm_pre__refactor___idx_p_c,netlists/ABCSTEP/B_dot2_u_w16__norm_pre__refactor.aig,-dot=2 -idx -p -c -no-steps,120,CORRECT,TIMEOUT,,,,121.25,318.0,,,,137,,W=16;ABC step isolation;step=refactor;source=norm_pre
abcstep__B_dot2_u_w16__norm_pre__resyn2___dyn_p_c,netlists/ABCSTEP/B_dot2_u_w16__norm_pre__resyn2.aig,-dot=2 -dyn -p -c -no-steps,120,CORRECT,RESULT,Correct,1801,3.19529,4.21,16.8,75008,4395,4428,0,,W=16;ABC step isolation;step=resyn2;source=norm_pre
abcstep__B_dot2_u_w16__norm_pre__resyn2___idx_p_c,netlists/ABCSTEP/B_dot2_u_w16__norm_pre__resyn2.aig,-dot=2 -idx -p -c -no-steps,120,CORRECT,TIMEOUT,,,,120.96,427.0,,,,137,,W=16;ABC step isolation;step=resyn2;source=norm_pre
abcstep__B_dot2_u_w16__norm_pre__rewrite___dyn_p_c,netlists/ABCSTEP/B_dot2_u_w16__norm_pre__rewrite.aig,-dot=2 -dyn -p -c -no-steps,120,CORRECT,RESULT,Correct,1045,1.44356,2.32,15.0,66224,4423,4456,0,,W=16;ABC step isolation;step=rewrite;source=norm_pre
abcstep__B_dot2_u_w16__norm_pre__rewrite___idx_p_c,netlists/ABCSTEP/B_dot2_u_w16__norm_pre__rewrite.aig,-dot=2 -idx -p -c -no-steps,120,CORRECT,TIMEOUT,,,,121.01,307.6,,,,137,,W=16;ABC step isolation;step=rewrite;source=norm_pre
abcstep__B_dot2_u_w16__norm_pre__strash___dyn_p_c,netlists/ABCSTEP/B_dot2_u_w16__norm_pre__strash.aig,-dot=2 -dyn -p -c -no-steps,120,CORRECT,RESULT,Correct,829,1.40229,2.42,15.2,65584,4449,4482,0,,W=16;ABC step isolation;step=strash;source=norm_pre
abcstep__B_dot2_u_w16__norm_pre__strash___idx_p_c,netlists/ABCSTEP/B_dot2_u_w16__norm_pre__strash.aig,-dot=2 -idx -p -c -no-steps,120,CORRECT,TIMEOUT,,,,120.96,317.3,,,,137,,W=16;ABC step isolation;step=strash;source=norm_pre
abcstep__B_dot2_u_w16__norm_pre__yosysnomap___dyn_p_c,netlists/ABCSTEP/B_dot2_u_w16__norm_pre__yosysnomap.aig,-dot=2 -dyn -p -c -no-steps,120,CORRECT,TIMEOUT,,,,120.86,120.5,,,,137,,W=16;ABC step isolation;step=yosysnomap;source=norm_pre
abcstep__B_dot2_u_w16__norm_pre__yosysnomap___idx_p_c,netlists/ABCSTEP/B_dot2_u_w16__norm_pre__yosysnomap.aig,-dot=2 -idx -p -c -no-steps,120,CORRECT,TIMEOUT,,,,121.31,138.8,,,,137,,W=16;ABC step isolation;step=yosysnomap;source=norm_pre
lppre__A_mul_s_w16__booth_lp_pre___dyn_p_c,netlists/MAIN/A_mul_s_w16__booth_lp_pre.aig,-mul -s -dyn -p -c -no-steps,120,CORRECT,NO_RESULT,,,,1.11,4.1,9152,,,11,Command terminated by signal 11,W=16;pre-ABC signed low-power Booth (booth_lp_pre)
lppre__A_mul_s_w16__booth_lp_pre___idx_p_c,netlists/MAIN/A_mul_s_w16__booth_lp_pre.aig,-mul -s -idx -p -c -no-steps,120,CORRECT,NO_RESULT,,,,1.08,4.9,9152,,,11,Command terminated by signal 11,W=16;pre-ABC signed low-power Booth (booth_lp_pre)
lppre__A_mul_s_w16__booth_lp_pre_folded___dyn_p_c,netlists/CONTROL/A_mul_s_w16__booth_lp_pre_folded.aig,-mul -s -dyn -p -c -no-steps,120,CORRECT,RESULT,Correct,943,0.718331,1.69,10.4,46256,2044,2076,0,,W=16;pre-ABC signed low-power Booth (booth_lp_pre_folded)
lppre__A_mul_s_w16__booth_lp_pre_folded___idx_p_c,netlists/CONTROL/A_mul_s_w16__booth_lp_pre_folded.aig,-mul -s -idx -p -c -no-steps,120,CORRECT,RESULT,Correct,288,0.645425,1.61,8.2,36576,2044,32,0,,W=16;pre-ABC signed low-power Booth (booth_lp_pre_folded)
lppre__A_mul_s_w32__booth_lp_pre___dyn_p_c,netlists/MAIN/A_mul_s_w32__booth_lp_pre.aig,-mul -s -dyn -p -c -no-steps,300,CORRECT,NO_RESULT,,,,1.13,4.6,10176,,,11,Command terminated by signal 11,W=32;pre-ABC signed low-power Booth (booth_lp_pre)
lppre__A_mul_s_w32__booth_lp_pre___idx_p_c,netlists/MAIN/A_mul_s_w32__booth_lp_pre.aig,-mul -s -idx -p -c -no-steps,300,CORRECT,NO_RESULT,,,,1.22,5.4,10176,,,11,Command terminated by signal 11,W=32;pre-ABC signed low-power Booth (booth_lp_pre)
lppre__A_mul_s_w32__booth_lp_pre_folded___dyn_p_c,netlists/CONTROL/A_mul_s_w32__booth_lp_pre_folded.aig,-mul -s -dyn -p -c -no-steps,300,CORRECT,RESULT,Correct,3935,9.82324,11.55,39.0,163280,7956,8020,0,,W=32;pre-ABC signed low-power Booth (booth_lp_pre_folded)
lppre__A_mul_s_w32__booth_lp_pre_folded___idx_p_c,netlists/CONTROL/A_mul_s_w32__booth_lp_pre_folded.aig,-mul -s -idx -p -c -no-steps,300,CORRECT,RESULT,Correct,1088,13.2826,15.04,31.0,129936,7956,64,0,,W=32;pre-ABC signed low-power Booth (booth_lp_pre_folded)
lppre__A_mul_s_w8__booth_lp_pre___dyn_p_c,netlists/MAIN/A_mul_s_w8__booth_lp_pre.aig,-mul -s -dyn -p -c -no-steps,60,CORRECT,NO_RESULT,,,,1.13,4.9,9664,,,11,Command terminated by signal 11,W=8;pre-ABC signed low-power Booth (booth_lp_pre)
lppre__A_mul_s_w8__booth_lp_pre___idx_p_c,netlists/MAIN/A_mul_s_w8__booth_lp_pre.aig,-mul -s -idx -p -c -no-steps,60,CORRECT,NO_RESULT,,,,1.03,4.9,9664,,,11,Command terminated by signal 11,W=8;pre-ABC signed low-power Booth (booth_lp_pre)
lppre__A_mul_s_w8__booth_lp_pre_folded___dyn_p_c,netlists/CONTROL/A_mul_s_w8__booth_lp_pre_folded.aig,-mul -s -dyn -p -c -no-steps,60,CORRECT,RESULT,Correct,215,0.0499183,1.08,4.4,19392,528,544,0,,W=8;pre-ABC signed low-power Booth (booth_lp_pre_folded)
lppre__A_mul_s_w8__booth_lp_pre_folded___idx_p_c,netlists/CONTROL/A_mul_s_w8__booth_lp_pre_folded.aig,-mul -s -idx -p -c -no-steps,60,CORRECT,RESULT,Correct,80,0.0582523,0.84,4.6,17344,528,16,0,,W=8;pre-ABC signed low-power Booth (booth_lp_pre_folded)
