design,width,config,result,method,evidence_log
fir4,8,normal,PASS,direct in-process proof,logs/formal/fir4_w8_normal.log
fir4,8,arith_tree,FAIL,direct in-process proof,logs/formal/fir4_w8_arith_tree.log
fir4,16,normal,INCONCLUSIVE_INTERRUPTED,direct proof interrupted before completion,logs/formal/fir4_w16_normal.log
fir4,16,arith_tree,NOT_EXECUTED,not completed,
mixed,16,normal,NOT_EXECUTED,not completed,
mixed,16,arith_tree,NOT_EXECUTED,not completed,
mixed,32,normal,NOT_EXECUTED,not completed,
mixed,32,arith_tree,NOT_EXECUTED,not completed,
add_chain,16,normal,NOT_EXECUTED,not completed,
add_chain,16,arith_tree,NOT_EXECUTED,not completed,
add_chain,64,normal,NOT_EXECUTED,not completed,
add_chain,64,arith_tree,NOT_EXECUTED,not completed,
