design,width,config,yosys_version,abc_version,liberty,cell_area,combinational_cell_area,cell_count,cell_types,synthesis_runtime_seconds,formal_result,netlist,log,status
add_chain,16,arith_tree,Yosys 0.69+77 (9ff27d29c-dirty),Yosys-embedded yosys-abc from OSS CAD Suite,NangateOpenCellLibrary_typical.lib,625.898000,625.898000,536,AND2_X1=39;AND3_X1=1;AOI211_X1=1;AOI21_X1=57;INV_X1=74;NAND2_X1=49;NAND3_X1=2;NOR2_X1=30;NOR3_X1=1;OAI211_X1=1;OAI21_X1=50;OR2_X1=13;OR3_X1=3;XNOR2_X1=95;XOR2_X1=120,3.39,SEE results/formal_comparison.csv,/mnt/c/Users/meetb/Documents/Codex/2026-09-20/muxwise-experiment-1-zero-commitment-eda/outputs/muxwise-experiment-03/netlists/add_chain_w16_arith_tree.v,/mnt/c/Users/meetb/Documents/Codex/2026-09-20/muxwise-experiment-1-zero-commitment-eda/outputs/muxwise-experiment-03/logs/mapping/add_chain_w16_arith_tree.log,MEASURED
add_chain,16,normal,Yosys 0.69+77 (9ff27d29c-dirty),Yosys-embedded yosys-abc from OSS CAD Suite,NangateOpenCellLibrary_typical.lib,621.642000,621.642000,536,AND2_X1=34;AND3_X1=3;AOI21_X1=64;INV_X1=76;NAND2_X1=59;NAND3_X1=6;NOR2_X1=26;NOR3_X1=1;OAI21_X1=46;OR2_X1=7;OR3_X1=1;XNOR2_X1=140;XOR2_X1=73,3.64,SEE results/formal_comparison.csv,/mnt/c/Users/meetb/Documents/Codex/2026-09-20/muxwise-experiment-1-zero-commitment-eda/outputs/muxwise-experiment-03/netlists/add_chain_w16_normal.v,/mnt/c/Users/meetb/Documents/Codex/2026-09-20/muxwise-experiment-1-zero-commitment-eda/outputs/muxwise-experiment-03/logs/mapping/add_chain_w16_normal.log,MEASURED
add_chain,64,arith_tree,Yosys 0.69+77 (9ff27d29c-dirty),Yosys-embedded yosys-abc from OSS CAD Suite,NangateOpenCellLibrary_typical.lib,2574.348000,2574.348000,2246,AND2_X1=145;AND3_X1=22;AOI211_X1=7;AOI21_X1=222;INV_X1=342;NAND2_X1=233;NAND3_X1=5;NOR2_X1=152;NOR3_X1=12;OAI211_X1=10;OAI21_X1=198;OAI221_X1=1;OAI22_X1=1;OAI33_X1=2;OR2_X1=35;OR3_X1=3;XNOR2_X1=350;XOR2_X1=506,4.80,SEE results/formal_comparison.csv,/mnt/c/Users/meetb/Documents/Codex/2026-09-20/muxwise-experiment-1-zero-commitment-eda/outputs/muxwise-experiment-03/netlists/add_chain_w64_arith_tree.v,/mnt/c/Users/meetb/Documents/Codex/2026-09-20/muxwise-experiment-1-zero-commitment-eda/outputs/muxwise-experiment-03/logs/mapping/add_chain_w64_arith_tree.log,MEASURED
add_chain,64,normal,Yosys 0.69+77 (9ff27d29c-dirty),Yosys-embedded yosys-abc from OSS CAD Suite,NangateOpenCellLibrary_typical.lib,2583.658000,2583.658000,2273,AND2_X1=150;AND3_X1=17;AND4_X1=1;AOI211_X1=3;AOI21_X1=254;AOI221_X1=1;AOI222_X1=1;INV_X1=379;NAND2_X1=238;NAND3_X1=13;NAND4_X1=1;NOR2_X1=131;NOR3_X1=5;OAI211_X1=7;OAI21_X1=187;OAI33_X1=1;OR2_X1=28;OR3_X1=3;XNOR2_X1=582;XOR2_X1=271,3.43,SEE results/formal_comparison.csv,/mnt/c/Users/meetb/Documents/Codex/2026-09-20/muxwise-experiment-1-zero-commitment-eda/outputs/muxwise-experiment-03/netlists/add_chain_w64_normal.v,/mnt/c/Users/meetb/Documents/Codex/2026-09-20/muxwise-experiment-1-zero-commitment-eda/outputs/muxwise-experiment-03/logs/mapping/add_chain_w64_normal.log,MEASURED
fir4,16,arith_tree,Yosys 0.69+77 (9ff27d29c-dirty),Yosys-embedded yosys-abc from OSS CAD Suite,NangateOpenCellLibrary_typical.lib,827.792000,827.792000,717,AND2_X1=18;AND3_X1=23;AND4_X1=1;AOI211_X1=5;AOI21_X1=62;AOI22_X1=2;INV_X1=58;MUX2_X1=2;NAND2_X1=90;NAND3_X1=17;NAND4_X1=1;NOR2_X1=84;NOR3_X1=22;NOR4_X1=1;OAI211_X1=7;OAI21_X1=48;OAI221_X1=1;OAI22_X1=2;OR2_X1=22;OR3_X1=19;OR4_X1=1;XNOR2_X1=131;XOR2_X1=100,3.84,SEE results/formal_comparison.csv,/mnt/c/Users/meetb/Documents/Codex/2026-09-20/muxwise-experiment-1-zero-commitment-eda/outputs/muxwise-experiment-03/netlists/fir4_w16_arith_tree.v,/mnt/c/Users/meetb/Documents/Codex/2026-09-20/muxwise-experiment-1-zero-commitment-eda/outputs/muxwise-experiment-03/logs/mapping/fir4_w16_arith_tree.log,MEASURED
fir4,16,normal,Yosys 0.69+77 (9ff27d29c-dirty),Yosys-embedded yosys-abc from OSS CAD Suite,NangateOpenCellLibrary_typical.lib,609.672000,609.672000,529,AND2_X1=36;AND3_X1=7;AOI211_X1=1;AOI21_X1=43;AOI221_X1=1;AOI22_X1=1;INV_X1=47;MUX2_X1=1;NAND2_X1=65;NAND3_X1=3;NAND4_X1=1;NOR2_X1=81;NOR3_X1=6;OAI21_X1=20;OR2_X1=11;OR3_X1=9;XNOR2_X1=95;XOR2_X1=101,4.02,SEE results/formal_comparison.csv,/mnt/c/Users/meetb/Documents/Codex/2026-09-20/muxwise-experiment-1-zero-commitment-eda/outputs/muxwise-experiment-03/netlists/fir4_w16_normal.v,/mnt/c/Users/meetb/Documents/Codex/2026-09-20/muxwise-experiment-1-zero-commitment-eda/outputs/muxwise-experiment-03/logs/mapping/fir4_w16_normal.log,MEASURED
fir4,8,arith_tree,Yosys 0.69+77 (9ff27d29c-dirty),Yosys-embedded yosys-abc from OSS CAD Suite,NangateOpenCellLibrary_typical.lib,399.532000,399.532000,345,AND2_X1=6;AND3_X1=13;AND4_X1=2;AOI211_X1=3;AOI21_X1=32;AOI22_X1=2;INV_X1=22;MUX2_X1=1;NAND2_X1=39;NAND3_X1=14;NAND4_X1=2;NOR2_X1=39;NOR3_X1=14;NOR4_X1=1;OAI211_X1=5;OAI21_X1=25;OAI22_X1=3;OR2_X1=13;OR3_X1=10;OR4_X1=1;XNOR2_X1=53;XOR2_X1=45,4.69,SEE results/formal_comparison.csv,/mnt/c/Users/meetb/Documents/Codex/2026-09-20/muxwise-experiment-1-zero-commitment-eda/outputs/muxwise-experiment-03/netlists/fir4_w8_arith_tree.v,/mnt/c/Users/meetb/Documents/Codex/2026-09-20/muxwise-experiment-1-zero-commitment-eda/outputs/muxwise-experiment-03/logs/mapping/fir4_w8_arith_tree.log,MEASURED
fir4,8,normal,Yosys 0.69+77 (9ff27d29c-dirty),Yosys-embedded yosys-abc from OSS CAD Suite,NangateOpenCellLibrary_typical.lib,323.722000,323.722000,271,AND2_X1=13;AND3_X1=6;AOI211_X1=13;AOI21_X1=19;AOI22_X1=1;INV_X1=13;MUX2_X1=1;NAND2_X1=39;NAND3_X1=3;NAND4_X1=1;NOR2_X1=34;NOR3_X1=1;OAI21_X1=14;OAI33_X1=1;OR2_X1=6;OR3_X1=7;XNOR2_X1=44;XOR2_X1=55,4.78,SEE results/formal_comparison.csv,/mnt/c/Users/meetb/Documents/Codex/2026-09-20/muxwise-experiment-1-zero-commitment-eda/outputs/muxwise-experiment-03/netlists/fir4_w8_normal.v,/mnt/c/Users/meetb/Documents/Codex/2026-09-20/muxwise-experiment-1-zero-commitment-eda/outputs/muxwise-experiment-03/logs/mapping/fir4_w8_normal.log,MEASURED
mixed,16,arith_tree,Yosys 0.69+77 (9ff27d29c-dirty),Yosys-embedded yosys-abc from OSS CAD Suite,NangateOpenCellLibrary_typical.lib,498.750000,498.750000,439,AND2_X1=12;AND3_X1=12;AOI21_X1=23;INV_X1=35;NAND2_X1=67;NAND3_X1=1;NOR2_X1=71;NOR3_X1=4;OAI211_X1=1;OAI21_X1=40;OAI22_X1=1;OR2_X1=14;OR3_X1=3;XNOR2_X1=63;XOR2_X1=92,4.66,SEE results/formal_comparison.csv,/mnt/c/Users/meetb/Documents/Codex/2026-09-20/muxwise-experiment-1-zero-commitment-eda/outputs/muxwise-experiment-03/netlists/mixed_w16_arith_tree.v,/mnt/c/Users/meetb/Documents/Codex/2026-09-20/muxwise-experiment-1-zero-commitment-eda/outputs/muxwise-experiment-03/logs/mapping/mixed_w16_arith_tree.log,MEASURED
mixed,16,normal,Yosys 0.69+77 (9ff27d29c-dirty),Yosys-embedded yosys-abc from OSS CAD Suite,NangateOpenCellLibrary_typical.lib,443.422000,443.422000,375,AND2_X1=32;AND3_X1=1;AOI21_X1=49;INV_X1=37;NAND2_X1=16;NAND3_X1=1;NAND4_X1=1;NOR2_X1=46;NOR3_X1=6;OAI211_X1=2;OAI21_X1=28;OR2_X1=5;OR3_X1=3;XNOR2_X1=54;XOR2_X1=94,4.13,SEE results/formal_comparison.csv,/mnt/c/Users/meetb/Documents/Codex/2026-09-20/muxwise-experiment-1-zero-commitment-eda/outputs/muxwise-experiment-03/netlists/mixed_w16_normal.v,/mnt/c/Users/meetb/Documents/Codex/2026-09-20/muxwise-experiment-1-zero-commitment-eda/outputs/muxwise-experiment-03/logs/mapping/mixed_w16_normal.log,MEASURED
mixed,32,arith_tree,Yosys 0.69+77 (9ff27d29c-dirty),Yosys-embedded yosys-abc from OSS CAD Suite,NangateOpenCellLibrary_typical.lib,1028.090000,1028.090000,915,AND2_X1=21;AND3_X1=31;AOI211_X1=1;AOI21_X1=49;INV_X1=79;NAND2_X1=140;NAND3_X1=2;NOR2_X1=160;NOR3_X1=2;OAI211_X1=2;OAI21_X1=74;OAI33_X1=1;OR2_X1=39;OR3_X1=2;XNOR2_X1=147;XOR2_X1=165,4.05,SEE results/formal_comparison.csv,/mnt/c/Users/meetb/Documents/Codex/2026-09-20/muxwise-experiment-1-zero-commitment-eda/outputs/muxwise-experiment-03/netlists/mixed_w32_arith_tree.v,/mnt/c/Users/meetb/Documents/Codex/2026-09-20/muxwise-experiment-1-zero-commitment-eda/outputs/muxwise-experiment-03/logs/mapping/mixed_w32_arith_tree.log,MEASURED
mixed,32,normal,Yosys 0.69+77 (9ff27d29c-dirty),Yosys-embedded yosys-abc from OSS CAD Suite,NangateOpenCellLibrary_typical.lib,906.262000,906.262000,775,AND2_X1=72;AND3_X1=8;AOI211_X1=2;AOI21_X1=100;INV_X1=71;NAND2_X1=32;NAND3_X1=4;NOR2_X1=108;NOR3_X1=18;OAI211_X1=3;OAI21_X1=50;OAI33_X1=1;OR2_X1=13;OR3_X1=13;XNOR2_X1=101;XOR2_X1=179,4.93,SEE results/formal_comparison.csv,/mnt/c/Users/meetb/Documents/Codex/2026-09-20/muxwise-experiment-1-zero-commitment-eda/outputs/muxwise-experiment-03/netlists/mixed_w32_normal.v,/mnt/c/Users/meetb/Documents/Codex/2026-09-20/muxwise-experiment-1-zero-commitment-eda/outputs/muxwise-experiment-03/logs/mapping/mixed_w32_normal.log,MEASURED
