design,width,config,constraint,sta_status,critical_path_delay_ns,worst_slack_ns,total_negative_slack_ns,report
add_chain,16,arith_tree,aggressive_1.5ns,PASS,1.0744,0.3256,0.0,/mnt/c/Users/meetb/Documents/Codex/2026-09-20/muxwise-experiment-1-zero-commitment-eda/outputs/muxwise-experiment-03/logs/sta/add_chain_w16_arith_tree_aggressive.sdc.log
add_chain,16,arith_tree,preliminary_100ns,PASS,1.0744,98.8256,0.0,/mnt/c/Users/meetb/Documents/Codex/2026-09-20/muxwise-experiment-1-zero-commitment-eda/outputs/muxwise-experiment-03/logs/sta/add_chain_w16_arith_tree_preliminary.sdc.log
add_chain,16,arith_tree,relaxed_10ns,PASS,1.0744,8.8256,0.0,/mnt/c/Users/meetb/Documents/Codex/2026-09-20/muxwise-experiment-1-zero-commitment-eda/outputs/muxwise-experiment-03/logs/sta/add_chain_w16_arith_tree_relaxed.sdc.log
add_chain,16,normal,aggressive_1.5ns,PASS,1.1127,0.2873,0.0,/mnt/c/Users/meetb/Documents/Codex/2026-09-20/muxwise-experiment-1-zero-commitment-eda/outputs/muxwise-experiment-03/logs/sta/add_chain_w16_normal_aggressive.sdc.log
add_chain,16,normal,preliminary_100ns,PASS,1.1127,98.7873,0.0,/mnt/c/Users/meetb/Documents/Codex/2026-09-20/muxwise-experiment-1-zero-commitment-eda/outputs/muxwise-experiment-03/logs/sta/add_chain_w16_normal_preliminary.sdc.log
add_chain,16,normal,relaxed_10ns,PASS,1.1127,8.7873,0.0,/mnt/c/Users/meetb/Documents/Codex/2026-09-20/muxwise-experiment-1-zero-commitment-eda/outputs/muxwise-experiment-03/logs/sta/add_chain_w16_normal_relaxed.sdc.log
add_chain,64,arith_tree,aggressive_1.5ns,PASS,2.4302,-1.0302,-23.7997,/mnt/c/Users/meetb/Documents/Codex/2026-09-20/muxwise-experiment-1-zero-commitment-eda/outputs/muxwise-experiment-03/logs/sta/add_chain_w64_arith_tree_aggressive.sdc.log
add_chain,64,arith_tree,preliminary_100ns,PASS,2.4302,97.4698,0.0,/mnt/c/Users/meetb/Documents/Codex/2026-09-20/muxwise-experiment-1-zero-commitment-eda/outputs/muxwise-experiment-03/logs/sta/add_chain_w64_arith_tree_preliminary.sdc.log
add_chain,64,arith_tree,relaxed_10ns,PASS,2.4302,7.4698,0.0,/mnt/c/Users/meetb/Documents/Codex/2026-09-20/muxwise-experiment-1-zero-commitment-eda/outputs/muxwise-experiment-03/logs/sta/add_chain_w64_arith_tree_relaxed.sdc.log
add_chain,64,normal,aggressive_1.5ns,PASS,2.4382,-1.0382,-24.1389,/mnt/c/Users/meetb/Documents/Codex/2026-09-20/muxwise-experiment-1-zero-commitment-eda/outputs/muxwise-experiment-03/logs/sta/add_chain_w64_normal_aggressive.sdc.log
add_chain,64,normal,preliminary_100ns,PASS,2.4382,97.4618,0.0,/mnt/c/Users/meetb/Documents/Codex/2026-09-20/muxwise-experiment-1-zero-commitment-eda/outputs/muxwise-experiment-03/logs/sta/add_chain_w64_normal_preliminary.sdc.log
add_chain,64,normal,relaxed_10ns,PASS,2.4382,7.4618,0.0,/mnt/c/Users/meetb/Documents/Codex/2026-09-20/muxwise-experiment-1-zero-commitment-eda/outputs/muxwise-experiment-03/logs/sta/add_chain_w64_normal_relaxed.sdc.log
fir4,16,arith_tree,aggressive_1.5ns,PASS,1.3367,0.0633,0.0,/mnt/c/Users/meetb/Documents/Codex/2026-09-20/muxwise-experiment-1-zero-commitment-eda/outputs/muxwise-experiment-03/logs/sta/fir4_w16_arith_tree_aggressive.sdc.log
fir4,16,arith_tree,preliminary_100ns,PASS,1.3367,98.5632,0.0,/mnt/c/Users/meetb/Documents/Codex/2026-09-20/muxwise-experiment-1-zero-commitment-eda/outputs/muxwise-experiment-03/logs/sta/fir4_w16_arith_tree_preliminary.sdc.log
fir4,16,arith_tree,relaxed_10ns,PASS,1.3367,8.5633,0.0,/mnt/c/Users/meetb/Documents/Codex/2026-09-20/muxwise-experiment-1-zero-commitment-eda/outputs/muxwise-experiment-03/logs/sta/fir4_w16_arith_tree_relaxed.sdc.log
fir4,16,normal,aggressive_1.5ns,PASS,1.2442,0.1558,0.0,/mnt/c/Users/meetb/Documents/Codex/2026-09-20/muxwise-experiment-1-zero-commitment-eda/outputs/muxwise-experiment-03/logs/sta/fir4_w16_normal_aggressive.sdc.log
fir4,16,normal,preliminary_100ns,PASS,1.2442,98.6558,0.0,/mnt/c/Users/meetb/Documents/Codex/2026-09-20/muxwise-experiment-1-zero-commitment-eda/outputs/muxwise-experiment-03/logs/sta/fir4_w16_normal_preliminary.sdc.log
fir4,16,normal,relaxed_10ns,PASS,1.2442,8.6558,0.0,/mnt/c/Users/meetb/Documents/Codex/2026-09-20/muxwise-experiment-1-zero-commitment-eda/outputs/muxwise-experiment-03/logs/sta/fir4_w16_normal_relaxed.sdc.log
fir4,8,arith_tree,aggressive_1.5ns,PASS,0.976,0.424,0.0,/mnt/c/Users/meetb/Documents/Codex/2026-09-20/muxwise-experiment-1-zero-commitment-eda/outputs/muxwise-experiment-03/logs/sta/fir4_w8_arith_tree_aggressive.sdc.log
fir4,8,arith_tree,preliminary_100ns,PASS,0.976,98.924,0.0,/mnt/c/Users/meetb/Documents/Codex/2026-09-20/muxwise-experiment-1-zero-commitment-eda/outputs/muxwise-experiment-03/logs/sta/fir4_w8_arith_tree_preliminary.sdc.log
fir4,8,arith_tree,relaxed_10ns,PASS,0.976,8.924,0.0,/mnt/c/Users/meetb/Documents/Codex/2026-09-20/muxwise-experiment-1-zero-commitment-eda/outputs/muxwise-experiment-03/logs/sta/fir4_w8_arith_tree_relaxed.sdc.log
fir4,8,normal,aggressive_1.5ns,PASS,1.0328,0.3672,0.0,/mnt/c/Users/meetb/Documents/Codex/2026-09-20/muxwise-experiment-1-zero-commitment-eda/outputs/muxwise-experiment-03/logs/sta/fir4_w8_normal_aggressive.sdc.log
fir4,8,normal,preliminary_100ns,PASS,1.0328,98.8672,0.0,/mnt/c/Users/meetb/Documents/Codex/2026-09-20/muxwise-experiment-1-zero-commitment-eda/outputs/muxwise-experiment-03/logs/sta/fir4_w8_normal_preliminary.sdc.log
fir4,8,normal,relaxed_10ns,PASS,1.0328,8.8672,0.0,/mnt/c/Users/meetb/Documents/Codex/2026-09-20/muxwise-experiment-1-zero-commitment-eda/outputs/muxwise-experiment-03/logs/sta/fir4_w8_normal_relaxed.sdc.log
mixed,16,arith_tree,aggressive_1.5ns,PASS,1.067,0.333,0.0,/mnt/c/Users/meetb/Documents/Codex/2026-09-20/muxwise-experiment-1-zero-commitment-eda/outputs/muxwise-experiment-03/logs/sta/mixed_w16_arith_tree_aggressive.sdc.log
mixed,16,arith_tree,preliminary_100ns,PASS,1.067,98.833,0.0,/mnt/c/Users/meetb/Documents/Codex/2026-09-20/muxwise-experiment-1-zero-commitment-eda/outputs/muxwise-experiment-03/logs/sta/mixed_w16_arith_tree_preliminary.sdc.log
mixed,16,arith_tree,relaxed_10ns,PASS,1.067,8.833,0.0,/mnt/c/Users/meetb/Documents/Codex/2026-09-20/muxwise-experiment-1-zero-commitment-eda/outputs/muxwise-experiment-03/logs/sta/mixed_w16_arith_tree_relaxed.sdc.log
mixed,16,normal,aggressive_1.5ns,PASS,0.9635,0.4365,0.0,/mnt/c/Users/meetb/Documents/Codex/2026-09-20/muxwise-experiment-1-zero-commitment-eda/outputs/muxwise-experiment-03/logs/sta/mixed_w16_normal_aggressive.sdc.log
mixed,16,normal,preliminary_100ns,PASS,0.9635,98.9365,0.0,/mnt/c/Users/meetb/Documents/Codex/2026-09-20/muxwise-experiment-1-zero-commitment-eda/outputs/muxwise-experiment-03/logs/sta/mixed_w16_normal_preliminary.sdc.log
mixed,16,normal,relaxed_10ns,PASS,0.9635,8.9365,0.0,/mnt/c/Users/meetb/Documents/Codex/2026-09-20/muxwise-experiment-1-zero-commitment-eda/outputs/muxwise-experiment-03/logs/sta/mixed_w16_normal_relaxed.sdc.log
mixed,32,arith_tree,aggressive_1.5ns,PASS,1.5604,-0.1604,-0.6503,/mnt/c/Users/meetb/Documents/Codex/2026-09-20/muxwise-experiment-1-zero-commitment-eda/outputs/muxwise-experiment-03/logs/sta/mixed_w32_arith_tree_aggressive.sdc.log
mixed,32,arith_tree,preliminary_100ns,PASS,1.5604,98.3395,0.0,/mnt/c/Users/meetb/Documents/Codex/2026-09-20/muxwise-experiment-1-zero-commitment-eda/outputs/muxwise-experiment-03/logs/sta/mixed_w32_arith_tree_preliminary.sdc.log
mixed,32,arith_tree,relaxed_10ns,PASS,1.5604,8.3396,0.0,/mnt/c/Users/meetb/Documents/Codex/2026-09-20/muxwise-experiment-1-zero-commitment-eda/outputs/muxwise-experiment-03/logs/sta/mixed_w32_arith_tree_relaxed.sdc.log
mixed,32,normal,aggressive_1.5ns,PASS,1.4813,-0.0813,-0.1542,/mnt/c/Users/meetb/Documents/Codex/2026-09-20/muxwise-experiment-1-zero-commitment-eda/outputs/muxwise-experiment-03/logs/sta/mixed_w32_normal_aggressive.sdc.log
mixed,32,normal,preliminary_100ns,PASS,1.4813,98.4187,0.0,/mnt/c/Users/meetb/Documents/Codex/2026-09-20/muxwise-experiment-1-zero-commitment-eda/outputs/muxwise-experiment-03/logs/sta/mixed_w32_normal_preliminary.sdc.log
mixed,32,normal,relaxed_10ns,PASS,1.4813,8.4187,0.0,/mnt/c/Users/meetb/Documents/Codex/2026-09-20/muxwise-experiment-1-zero-commitment-eda/outputs/muxwise-experiment-03/logs/sta/mixed_w32_normal_relaxed.sdc.log
