benchmark,ABC_area,ABC_delay,ABC_time,mockturtle_area,mockturtle_delay,mockturtle_time,MappingEvolve_DeepSeek_area,MappingEvolve_DeepSeek_delay,MappingEvolve_DeepSeek_time,MappingEvolve_GPT5_area,MappingEvolve_GPT5_delay,MappingEvolve_GPT5_time
adder,100.53,2574.36,0.05,92.42,2574.36,0.06,76.94,2583.24,0.02,90.6,2768.87,0.06
bar,263.63,169.9,0.08,298.82,171.90,0.07,297.54,171.9,0.08,225.74,180.16,0.07
div,4021.98,43768.73,0.76,3510.25,43295.70,1.11,2930.53,45227.7,1.26,3012.57,43543.04,1.14
hyp,16756.18,198844.69,5.4,15895.39,197081.23,7.05,13996.27,238083.28,7.27,15296.85,198729.45,6.51
log2,2019.22,3990.67,1,2047.72,3968.44,2.11,1641.84,4642.54,2.59,1853.82,4126.81,2.4
max,256.14,2101.85,0.1,225.89,2101.13,0.12,183.96,2151.64,0.19,202.65,2220.27,0.18
multiplier,1816.61,2730.91,0.54,1913.22,2662.96,0.82,1632.12,2956.62,1,1743.2,2673.95,0.88
sin,433.57,1843.39,0.18,405.80,1832.67,0.37,324.23,2032.53,0.47,367.25,1910.26,0.4
sqrt,1525.72,49967.46,0.67,1484.04,47964.09,0.56,1206.42,57824.42,0.7,1586.17,55116.87,0.59
square,1243,2509.4,0.43,1208.58,2509.22,0.39,1161.13,2856.92,0.45,1149.15,2519.15,0.41
arbiter,783.69,898.75,0.16,766.44,898.75,1.65,766.44,898.75,1.78,591.09,969.11,1.67
cavlc,41.19,188.71,0.05,40.69,185.77,0.03,40.86,185.77,0.03,38.34,191.66,0.03
ctrl,7.51,104.36,0.06,6.92,103.17,0.00,6.9,103.17,0.01,6.9,106.33,0.01
dec,28.73,66.15,0.06,30.83,65.72,0.06,29.75,65.72,0.08,27.59,66.15,0.07
i2c,70.43,165.99,0.07,70.23,164.10,0.06,70.23,164.1,0.07,69.13,174.18,0.07
int2float,13.39,181.17,0.05,12.80,181.00,0.01,12.8,181,0.02,12.3,193.8,0.01
mem_ctrl,2798.58,1015.48,0.89,2716.20,1006.24,1.84,2623.27,1072.94,2.15,2631.09,1040.39,1.85
priority,52.63,2155.94,0.07,52.20,2155.87,0.03,57.73,2288.23,0.03,50.81,2264.96,0.04
router,12.7,187.2,0.06,12.85,187.20,0.02,12.93,187.2,0.03,12.25,192.22,0.03
voter,1004.29,729.37,0.22,954.64,723.58,0.37,705.63,843.44,0.37,761.58,773.44,0.38
