case,top,width,flow,returncode,runtime_seconds,script,log,json,rtlil,verilog,status,module,cells,muxes,arith,cell_types,signature
arith_tree,add_chain,4,synth_normal,0,0.420605,work/ys_scripts/arith_tree_add_chain_synth_normal_w4.ys,logs/synthesis/arith_tree_add_chain_synth_normal_w4.log,work/flows/arith_tree/add_chain_synth_normal_w4.json,work/flows/arith_tree/add_chain_synth_normal_w4.rtlil,work/flows/arith_tree/add_chain_synth_normal_w4.v,OK,add_chain,133,0,0,$_AND_:6;$_NAND_:63;$_NOR_:1;$_OR_:9;$_XNOR_:19;$_XOR_:35,2dc07e737de1e307802ecbac34cf9555f1547298f855b252db2de6d5b12ee626
arith_tree,add_chain,4,synth_arith_tree,0,0.441039,work/ys_scripts/arith_tree_add_chain_synth_arith_tree_w4.ys,logs/synthesis/arith_tree_add_chain_synth_arith_tree_w4.log,work/flows/arith_tree/add_chain_synth_arith_tree_w4.json,work/flows/arith_tree/add_chain_synth_arith_tree_w4.rtlil,work/flows/arith_tree/add_chain_synth_arith_tree_w4.v,OK,add_chain,133,0,0,$_ANDNOT_:6;$_AND_:7;$_NAND_:59;$_NOR_:1;$_OR_:6;$_XNOR_:12;$_XOR_:42,04407a6e6e1b99a6f56396ea5f174b5ecf5acd97c06f28b0328d1914e164bfff
arith_tree,add_chain,4,map_default,0,0.400620,work/ys_scripts/arith_tree_add_chain_map_default_w4.ys,logs/synthesis/arith_tree_add_chain_map_default_w4.log,work/flows/arith_tree/add_chain_map_default_w4.json,work/flows/arith_tree/add_chain_map_default_w4.rtlil,work/flows/arith_tree/add_chain_map_default_w4.v,OK,add_chain,133,0,0,$_AND_:6;$_NAND_:63;$_NOR_:1;$_OR_:9;$_XNOR_:19;$_XOR_:35,2dc07e737de1e307802ecbac34cf9555f1547298f855b252db2de6d5b12ee626
arith_tree,add_chain,4,map_simple,0,0.391550,work/ys_scripts/arith_tree_add_chain_map_simple_w4.ys,logs/synthesis/arith_tree_add_chain_map_simple_w4.log,work/flows/arith_tree/add_chain_map_simple_w4.json,work/flows/arith_tree/add_chain_map_simple_w4.rtlil,work/flows/arith_tree/add_chain_map_simple_w4.v,OK,add_chain,133,0,0,$_AND_:54;$_OR_:25;$_XOR_:54,ef7f7623436ff5dee15b5e8b30ef526505cff81211d24b906a3ab0c1664dbe18
arith_tree,add_chain,4,map_gates,0,0.354380,work/ys_scripts/arith_tree_add_chain_map_gates_w4.ys,logs/synthesis/arith_tree_add_chain_map_gates_w4.log,work/flows/arith_tree/add_chain_map_gates_w4.json,work/flows/arith_tree/add_chain_map_gates_w4.rtlil,work/flows/arith_tree/add_chain_map_gates_w4.v,OK,add_chain,133,0,0,$_AND_:6;$_NAND_:63;$_NOR_:1;$_OR_:9;$_XNOR_:19;$_XOR_:35,2dc07e737de1e307802ecbac34cf9555f1547298f855b252db2de6d5b12ee626
arith_tree,add_chain,8,synth_normal,0,0.342299,work/ys_scripts/arith_tree_add_chain_synth_normal_w8.ys,logs/synthesis/arith_tree_add_chain_synth_normal_w8.log,work/flows/arith_tree/add_chain_synth_normal_w8.json,work/flows/arith_tree/add_chain_synth_normal_w8.rtlil,work/flows/arith_tree/add_chain_synth_normal_w8.v,OK,add_chain,273,0,0,$_AND_:10;$_NAND_:131;$_NOR_:1;$_OR_:21;$_XNOR_:39;$_XOR_:71,7e59db901eb1e6b53ac3e6c4fe1ccabb4c4de9e5f4e018e0978555de139672db
arith_tree,add_chain,8,synth_arith_tree,0,0.371404,work/ys_scripts/arith_tree_add_chain_synth_arith_tree_w8.ys,logs/synthesis/arith_tree_add_chain_synth_arith_tree_w8.log,work/flows/arith_tree/add_chain_synth_arith_tree_w8.json,work/flows/arith_tree/add_chain_synth_arith_tree_w8.rtlil,work/flows/arith_tree/add_chain_synth_arith_tree_w8.v,OK,add_chain,275,0,0,$_ANDNOT_:5;$_AND_:20;$_NAND_:124;$_NOR_:1;$_OR_:17;$_XNOR_:21;$_XOR_:87,f7699b7e2fe99b5cfc389c48f372c8cd47bb42deb879fef588cd0e1fdefbff85
arith_tree,add_chain,8,map_default,0,0.372786,work/ys_scripts/arith_tree_add_chain_map_default_w8.ys,logs/synthesis/arith_tree_add_chain_map_default_w8.log,work/flows/arith_tree/add_chain_map_default_w8.json,work/flows/arith_tree/add_chain_map_default_w8.rtlil,work/flows/arith_tree/add_chain_map_default_w8.v,OK,add_chain,273,0,0,$_AND_:10;$_NAND_:131;$_NOR_:1;$_OR_:21;$_XNOR_:39;$_XOR_:71,7e59db901eb1e6b53ac3e6c4fe1ccabb4c4de9e5f4e018e0978555de139672db
arith_tree,add_chain,8,map_simple,0,0.386509,work/ys_scripts/arith_tree_add_chain_map_simple_w8.ys,logs/synthesis/arith_tree_add_chain_map_simple_w8.log,work/flows/arith_tree/add_chain_map_simple_w8.json,work/flows/arith_tree/add_chain_map_simple_w8.rtlil,work/flows/arith_tree/add_chain_map_simple_w8.v,OK,add_chain,273,0,0,$_AND_:110;$_OR_:53;$_XOR_:110,d5baff3adaca981681668dfdd11357476f099d75f3e97dfb17ce164c8e75b89a
arith_tree,add_chain,8,map_gates,0,0.341751,work/ys_scripts/arith_tree_add_chain_map_gates_w8.ys,logs/synthesis/arith_tree_add_chain_map_gates_w8.log,work/flows/arith_tree/add_chain_map_gates_w8.json,work/flows/arith_tree/add_chain_map_gates_w8.rtlil,work/flows/arith_tree/add_chain_map_gates_w8.v,OK,add_chain,273,0,0,$_AND_:10;$_NAND_:131;$_NOR_:1;$_OR_:21;$_XNOR_:39;$_XOR_:71,7e59db901eb1e6b53ac3e6c4fe1ccabb4c4de9e5f4e018e0978555de139672db
arith_tree,add_chain,16,synth_normal,0,0.367654,work/ys_scripts/arith_tree_add_chain_synth_normal_w16.ys,logs/synthesis/arith_tree_add_chain_synth_normal_w16.log,work/flows/arith_tree/add_chain_synth_normal_w16.json,work/flows/arith_tree/add_chain_synth_normal_w16.rtlil,work/flows/arith_tree/add_chain_synth_normal_w16.v,OK,add_chain,567,0,0,$_AND_:32;$_NAND_:263;$_NOR_:1;$_ORNOT_:4;$_OR_:51;$_XNOR_:85;$_XOR_:131,3b423d6646fa56ac422940dcdddd8f32affb5360920054c8672b9ddb00fd10df
arith_tree,add_chain,16,synth_arith_tree,0,0.397703,work/ys_scripts/arith_tree_add_chain_synth_arith_tree_w16.ys,logs/synthesis/arith_tree_add_chain_synth_arith_tree_w16.log,work/flows/arith_tree/add_chain_synth_arith_tree_w16.json,work/flows/arith_tree/add_chain_synth_arith_tree_w16.rtlil,work/flows/arith_tree/add_chain_synth_arith_tree_w16.v,OK,add_chain,560,0,0,$_ANDNOT_:3;$_AND_:48;$_NAND_:254;$_NOR_:2;$_OR_:34;$_XNOR_:39;$_XOR_:180,a0df21508a06b12180d65fbad54d4d6d3b5727cb44becf4071d3006c8ceb3780
arith_tree,add_chain,16,map_default,0,0.391637,work/ys_scripts/arith_tree_add_chain_map_default_w16.ys,logs/synthesis/arith_tree_add_chain_map_default_w16.log,work/flows/arith_tree/add_chain_map_default_w16.json,work/flows/arith_tree/add_chain_map_default_w16.rtlil,work/flows/arith_tree/add_chain_map_default_w16.v,OK,add_chain,567,0,0,$_AND_:32;$_NAND_:263;$_NOR_:1;$_ORNOT_:4;$_OR_:51;$_XNOR_:85;$_XOR_:131,3b423d6646fa56ac422940dcdddd8f32affb5360920054c8672b9ddb00fd10df
arith_tree,add_chain,16,map_simple,0,0.419960,work/ys_scripts/arith_tree_add_chain_map_simple_w16.ys,logs/synthesis/arith_tree_add_chain_map_simple_w16.log,work/flows/arith_tree/add_chain_map_simple_w16.json,work/flows/arith_tree/add_chain_map_simple_w16.rtlil,work/flows/arith_tree/add_chain_map_simple_w16.v,OK,add_chain,567,0,0,$_AND_:226;$_OR_:119;$_XOR_:222,e60875f57132092fa8db1d8aa8377aef589035d920f2c96d0a6ffc58d2c2080d
arith_tree,add_chain,16,map_gates,0,0.428467,work/ys_scripts/arith_tree_add_chain_map_gates_w16.ys,logs/synthesis/arith_tree_add_chain_map_gates_w16.log,work/flows/arith_tree/add_chain_map_gates_w16.json,work/flows/arith_tree/add_chain_map_gates_w16.rtlil,work/flows/arith_tree/add_chain_map_gates_w16.v,OK,add_chain,567,0,0,$_AND_:32;$_NAND_:263;$_NOR_:1;$_ORNOT_:4;$_OR_:51;$_XNOR_:85;$_XOR_:131,3b423d6646fa56ac422940dcdddd8f32affb5360920054c8672b9ddb00fd10df
arith_tree,add_chain,32,synth_normal,0,0.486262,work/ys_scripts/arith_tree_add_chain_synth_normal_w32.ys,logs/synthesis/arith_tree_add_chain_synth_normal_w32.log,work/flows/arith_tree/add_chain_synth_normal_w32.json,work/flows/arith_tree/add_chain_synth_normal_w32.rtlil,work/flows/arith_tree/add_chain_synth_normal_w32.v,OK,add_chain,1151,0,0,$_AND_:64;$_NAND_:535;$_NOR_:1;$_ORNOT_:12;$_OR_:107;$_XNOR_:173;$_XOR_:259,f4e6487bd8906ef68eae6564db49a1a43125d3d670d556a4fcbbb01237f12916
arith_tree,add_chain,32,synth_arith_tree,0,0.556588,work/ys_scripts/arith_tree_add_chain_synth_arith_tree_w32.ys,logs/synthesis/arith_tree_add_chain_synth_arith_tree_w32.log,work/flows/arith_tree/add_chain_synth_arith_tree_w32.json,work/flows/arith_tree/add_chain_synth_arith_tree_w32.rtlil,work/flows/arith_tree/add_chain_synth_arith_tree_w32.v,OK,add_chain,1151,0,0,$_ANDNOT_:62;$_AND_:89;$_NAND_:481;$_NOR_:1;$_ORNOT_:10;$_OR_:74;$_XNOR_:136;$_XOR_:298,b3da4b8bd95370a4eccab650d9d6ca4cc8ba0bb71537b5395ef9392435e511df
arith_tree,add_chain,32,map_default,0,0.533789,work/ys_scripts/arith_tree_add_chain_map_default_w32.ys,logs/synthesis/arith_tree_add_chain_map_default_w32.log,work/flows/arith_tree/add_chain_map_default_w32.json,work/flows/arith_tree/add_chain_map_default_w32.rtlil,work/flows/arith_tree/add_chain_map_default_w32.v,OK,add_chain,1151,0,0,$_AND_:64;$_NAND_:535;$_NOR_:1;$_ORNOT_:12;$_OR_:107;$_XNOR_:173;$_XOR_:259,f4e6487bd8906ef68eae6564db49a1a43125d3d670d556a4fcbbb01237f12916
arith_tree,add_chain,32,map_simple,0,0.485961,work/ys_scripts/arith_tree_add_chain_map_simple_w32.ys,logs/synthesis/arith_tree_add_chain_map_simple_w32.log,work/flows/arith_tree/add_chain_map_simple_w32.json,work/flows/arith_tree/add_chain_map_simple_w32.rtlil,work/flows/arith_tree/add_chain_map_simple_w32.v,OK,add_chain,1151,0,0,$_AND_:458;$_OR_:247;$_XOR_:446,6fff18b07d9241373054cb513520486840731fed44587ec7c96b1138e86d389b
arith_tree,add_chain,32,map_gates,0,0.469367,work/ys_scripts/arith_tree_add_chain_map_gates_w32.ys,logs/synthesis/arith_tree_add_chain_map_gates_w32.log,work/flows/arith_tree/add_chain_map_gates_w32.json,work/flows/arith_tree/add_chain_map_gates_w32.rtlil,work/flows/arith_tree/add_chain_map_gates_w32.v,OK,add_chain,1151,0,0,$_AND_:64;$_NAND_:535;$_NOR_:1;$_ORNOT_:12;$_OR_:107;$_XNOR_:173;$_XOR_:259,f4e6487bd8906ef68eae6564db49a1a43125d3d670d556a4fcbbb01237f12916
arith_tree,add_chain,64,synth_normal,0,0.681124,work/ys_scripts/arith_tree_add_chain_synth_normal_w64.ys,logs/synthesis/arith_tree_add_chain_synth_normal_w64.log,work/flows/arith_tree/add_chain_synth_normal_w64.json,work/flows/arith_tree/add_chain_synth_normal_w64.rtlil,work/flows/arith_tree/add_chain_synth_normal_w64.v,OK,add_chain,2361,0,0,$_ANDNOT_:2;$_AND_:156;$_NAND_:1094;$_NOR_:1;$_ORNOT_:24;$_OR_:220;$_XNOR_:349;$_XOR_:515,680a4241bc6faac5a73a3d2345127749851875080793677a66a8df2e86ad9c0c
arith_tree,add_chain,64,synth_arith_tree,0,0.665777,work/ys_scripts/arith_tree_add_chain_synth_arith_tree_w64.ys,logs/synthesis/arith_tree_add_chain_synth_arith_tree_w64.log,work/flows/arith_tree/add_chain_synth_arith_tree_w64.json,work/flows/arith_tree/add_chain_synth_arith_tree_w64.rtlil,work/flows/arith_tree/add_chain_synth_arith_tree_w64.v,OK,add_chain,2355,0,0,$_ANDNOT_:128;$_AND_:212;$_NAND_:969;$_NOR_:2;$_NOT_:1;$_ORNOT_:23;$_OR_:154;$_XNOR_:280;$_XOR_:586,ee9fe7cfddb92504cc80b57a25b17e7e7f19d6652641946ff753db8fdd4fde73
arith_tree,add_chain,64,map_default,0,0.627915,work/ys_scripts/arith_tree_add_chain_map_default_w64.ys,logs/synthesis/arith_tree_add_chain_map_default_w64.log,work/flows/arith_tree/add_chain_map_default_w64.json,work/flows/arith_tree/add_chain_map_default_w64.rtlil,work/flows/arith_tree/add_chain_map_default_w64.v,OK,add_chain,2361,0,0,$_ANDNOT_:2;$_AND_:156;$_NAND_:1094;$_NOR_:1;$_ORNOT_:24;$_OR_:220;$_XNOR_:349;$_XOR_:515,680a4241bc6faac5a73a3d2345127749851875080793677a66a8df2e86ad9c0c
arith_tree,add_chain,64,map_simple,0,0.617690,work/ys_scripts/arith_tree_add_chain_map_simple_w64.ys,logs/synthesis/arith_tree_add_chain_map_simple_w64.log,work/flows/arith_tree/add_chain_map_simple_w64.json,work/flows/arith_tree/add_chain_map_simple_w64.rtlil,work/flows/arith_tree/add_chain_map_simple_w64.v,OK,add_chain,2361,0,0,$_AND_:949;$_OR_:518;$_XOR_:894,9cc685602b8c0ab8a354dd28dddd3b03154e0b2bf6a4fe15f25a361c341c11d4
arith_tree,add_chain,64,map_gates,0,0.654074,work/ys_scripts/arith_tree_add_chain_map_gates_w64.ys,logs/synthesis/arith_tree_add_chain_map_gates_w64.log,work/flows/arith_tree/add_chain_map_gates_w64.json,work/flows/arith_tree/add_chain_map_gates_w64.rtlil,work/flows/arith_tree/add_chain_map_gates_w64.v,OK,add_chain,2361,0,0,$_ANDNOT_:2;$_AND_:156;$_NAND_:1094;$_NOR_:1;$_ORNOT_:24;$_OR_:220;$_XNOR_:349;$_XOR_:515,680a4241bc6faac5a73a3d2345127749851875080793677a66a8df2e86ad9c0c
arith_tree,add_balanced,4,synth_normal,0,0.374921,work/ys_scripts/arith_tree_add_balanced_synth_normal_w4.ys,logs/synthesis/arith_tree_add_balanced_synth_normal_w4.log,work/flows/arith_tree/add_balanced_synth_normal_w4.json,work/flows/arith_tree/add_balanced_synth_normal_w4.rtlil,work/flows/arith_tree/add_balanced_synth_normal_w4.v,OK,add_balanced,133,0,0,$_AND_:6;$_NAND_:63;$_NOR_:1;$_OR_:9;$_XNOR_:19;$_XOR_:35,2dc07e737de1e307802ecbac34cf9555f1547298f855b252db2de6d5b12ee626
arith_tree,add_balanced,4,synth_arith_tree,0,0.345194,work/ys_scripts/arith_tree_add_balanced_synth_arith_tree_w4.ys,logs/synthesis/arith_tree_add_balanced_synth_arith_tree_w4.log,work/flows/arith_tree/add_balanced_synth_arith_tree_w4.json,work/flows/arith_tree/add_balanced_synth_arith_tree_w4.rtlil,work/flows/arith_tree/add_balanced_synth_arith_tree_w4.v,OK,add_balanced,133,0,0,$_ANDNOT_:6;$_AND_:7;$_NAND_:59;$_NOR_:1;$_OR_:6;$_XNOR_:12;$_XOR_:42,1121e1e3f0f02cda8fd32d8dbf39794299cf4c376daf249725fb6ca653648c07
arith_tree,add_balanced,4,map_default,0,0.416201,work/ys_scripts/arith_tree_add_balanced_map_default_w4.ys,logs/synthesis/arith_tree_add_balanced_map_default_w4.log,work/flows/arith_tree/add_balanced_map_default_w4.json,work/flows/arith_tree/add_balanced_map_default_w4.rtlil,work/flows/arith_tree/add_balanced_map_default_w4.v,OK,add_balanced,133,0,0,$_AND_:6;$_NAND_:63;$_NOR_:1;$_OR_:9;$_XNOR_:19;$_XOR_:35,2dc07e737de1e307802ecbac34cf9555f1547298f855b252db2de6d5b12ee626
arith_tree,add_balanced,4,map_simple,0,0.370334,work/ys_scripts/arith_tree_add_balanced_map_simple_w4.ys,logs/synthesis/arith_tree_add_balanced_map_simple_w4.log,work/flows/arith_tree/add_balanced_map_simple_w4.json,work/flows/arith_tree/add_balanced_map_simple_w4.rtlil,work/flows/arith_tree/add_balanced_map_simple_w4.v,OK,add_balanced,133,0,0,$_AND_:54;$_OR_:25;$_XOR_:54,ef7f7623436ff5dee15b5e8b30ef526505cff81211d24b906a3ab0c1664dbe18
arith_tree,add_balanced,4,map_gates,0,0.357783,work/ys_scripts/arith_tree_add_balanced_map_gates_w4.ys,logs/synthesis/arith_tree_add_balanced_map_gates_w4.log,work/flows/arith_tree/add_balanced_map_gates_w4.json,work/flows/arith_tree/add_balanced_map_gates_w4.rtlil,work/flows/arith_tree/add_balanced_map_gates_w4.v,OK,add_balanced,133,0,0,$_AND_:6;$_NAND_:63;$_NOR_:1;$_OR_:9;$_XNOR_:19;$_XOR_:35,2dc07e737de1e307802ecbac34cf9555f1547298f855b252db2de6d5b12ee626
arith_tree,add_balanced,8,synth_normal,0,0.360539,work/ys_scripts/arith_tree_add_balanced_synth_normal_w8.ys,logs/synthesis/arith_tree_add_balanced_synth_normal_w8.log,work/flows/arith_tree/add_balanced_synth_normal_w8.json,work/flows/arith_tree/add_balanced_synth_normal_w8.rtlil,work/flows/arith_tree/add_balanced_synth_normal_w8.v,OK,add_balanced,273,0,0,$_AND_:10;$_NAND_:131;$_NOR_:1;$_OR_:21;$_XNOR_:39;$_XOR_:71,7e59db901eb1e6b53ac3e6c4fe1ccabb4c4de9e5f4e018e0978555de139672db
arith_tree,add_balanced,8,synth_arith_tree,0,0.368459,work/ys_scripts/arith_tree_add_balanced_synth_arith_tree_w8.ys,logs/synthesis/arith_tree_add_balanced_synth_arith_tree_w8.log,work/flows/arith_tree/add_balanced_synth_arith_tree_w8.json,work/flows/arith_tree/add_balanced_synth_arith_tree_w8.rtlil,work/flows/arith_tree/add_balanced_synth_arith_tree_w8.v,OK,add_balanced,275,0,0,$_ANDNOT_:5;$_AND_:20;$_NAND_:124;$_NOR_:1;$_OR_:17;$_XNOR_:21;$_XOR_:87,cab745145d348c0a6db3280d6adb9c94cf100b14d926ed4c91982036d1b369d2
arith_tree,add_balanced,8,map_default,0,0.360158,work/ys_scripts/arith_tree_add_balanced_map_default_w8.ys,logs/synthesis/arith_tree_add_balanced_map_default_w8.log,work/flows/arith_tree/add_balanced_map_default_w8.json,work/flows/arith_tree/add_balanced_map_default_w8.rtlil,work/flows/arith_tree/add_balanced_map_default_w8.v,OK,add_balanced,273,0,0,$_AND_:10;$_NAND_:131;$_NOR_:1;$_OR_:21;$_XNOR_:39;$_XOR_:71,7e59db901eb1e6b53ac3e6c4fe1ccabb4c4de9e5f4e018e0978555de139672db
arith_tree,add_balanced,8,map_simple,0,0.361771,work/ys_scripts/arith_tree_add_balanced_map_simple_w8.ys,logs/synthesis/arith_tree_add_balanced_map_simple_w8.log,work/flows/arith_tree/add_balanced_map_simple_w8.json,work/flows/arith_tree/add_balanced_map_simple_w8.rtlil,work/flows/arith_tree/add_balanced_map_simple_w8.v,OK,add_balanced,273,0,0,$_AND_:110;$_OR_:53;$_XOR_:110,d5baff3adaca981681668dfdd11357476f099d75f3e97dfb17ce164c8e75b89a
arith_tree,add_balanced,8,map_gates,0,0.388632,work/ys_scripts/arith_tree_add_balanced_map_gates_w8.ys,logs/synthesis/arith_tree_add_balanced_map_gates_w8.log,work/flows/arith_tree/add_balanced_map_gates_w8.json,work/flows/arith_tree/add_balanced_map_gates_w8.rtlil,work/flows/arith_tree/add_balanced_map_gates_w8.v,OK,add_balanced,273,0,0,$_AND_:10;$_NAND_:131;$_NOR_:1;$_OR_:21;$_XNOR_:39;$_XOR_:71,7e59db901eb1e6b53ac3e6c4fe1ccabb4c4de9e5f4e018e0978555de139672db
arith_tree,add_balanced,16,synth_normal,0,0.442224,work/ys_scripts/arith_tree_add_balanced_synth_normal_w16.ys,logs/synthesis/arith_tree_add_balanced_synth_normal_w16.log,work/flows/arith_tree/add_balanced_synth_normal_w16.json,work/flows/arith_tree/add_balanced_synth_normal_w16.rtlil,work/flows/arith_tree/add_balanced_synth_normal_w16.v,OK,add_balanced,567,0,0,$_AND_:32;$_NAND_:263;$_NOR_:1;$_ORNOT_:4;$_OR_:51;$_XNOR_:85;$_XOR_:131,3b423d6646fa56ac422940dcdddd8f32affb5360920054c8672b9ddb00fd10df
arith_tree,add_balanced,16,synth_arith_tree,0,0.394349,work/ys_scripts/arith_tree_add_balanced_synth_arith_tree_w16.ys,logs/synthesis/arith_tree_add_balanced_synth_arith_tree_w16.log,work/flows/arith_tree/add_balanced_synth_arith_tree_w16.json,work/flows/arith_tree/add_balanced_synth_arith_tree_w16.rtlil,work/flows/arith_tree/add_balanced_synth_arith_tree_w16.v,OK,add_balanced,560,0,0,$_ANDNOT_:3;$_AND_:48;$_NAND_:254;$_NOR_:2;$_OR_:34;$_XNOR_:39;$_XOR_:180,c447d946c9bd628ffd2a550172e5cc64bf9df07af50cc949e84b08af11c07570
arith_tree,add_balanced,16,map_default,0,0.398227,work/ys_scripts/arith_tree_add_balanced_map_default_w16.ys,logs/synthesis/arith_tree_add_balanced_map_default_w16.log,work/flows/arith_tree/add_balanced_map_default_w16.json,work/flows/arith_tree/add_balanced_map_default_w16.rtlil,work/flows/arith_tree/add_balanced_map_default_w16.v,OK,add_balanced,567,0,0,$_AND_:32;$_NAND_:263;$_NOR_:1;$_ORNOT_:4;$_OR_:51;$_XNOR_:85;$_XOR_:131,3b423d6646fa56ac422940dcdddd8f32affb5360920054c8672b9ddb00fd10df
arith_tree,add_balanced,16,map_simple,0,0.397900,work/ys_scripts/arith_tree_add_balanced_map_simple_w16.ys,logs/synthesis/arith_tree_add_balanced_map_simple_w16.log,work/flows/arith_tree/add_balanced_map_simple_w16.json,work/flows/arith_tree/add_balanced_map_simple_w16.rtlil,work/flows/arith_tree/add_balanced_map_simple_w16.v,OK,add_balanced,567,0,0,$_AND_:226;$_OR_:119;$_XOR_:222,e60875f57132092fa8db1d8aa8377aef589035d920f2c96d0a6ffc58d2c2080d
arith_tree,add_balanced,16,map_gates,0,0.432671,work/ys_scripts/arith_tree_add_balanced_map_gates_w16.ys,logs/synthesis/arith_tree_add_balanced_map_gates_w16.log,work/flows/arith_tree/add_balanced_map_gates_w16.json,work/flows/arith_tree/add_balanced_map_gates_w16.rtlil,work/flows/arith_tree/add_balanced_map_gates_w16.v,OK,add_balanced,567,0,0,$_AND_:32;$_NAND_:263;$_NOR_:1;$_ORNOT_:4;$_OR_:51;$_XNOR_:85;$_XOR_:131,3b423d6646fa56ac422940dcdddd8f32affb5360920054c8672b9ddb00fd10df
arith_tree,add_balanced,32,synth_normal,0,0.545022,work/ys_scripts/arith_tree_add_balanced_synth_normal_w32.ys,logs/synthesis/arith_tree_add_balanced_synth_normal_w32.log,work/flows/arith_tree/add_balanced_synth_normal_w32.json,work/flows/arith_tree/add_balanced_synth_normal_w32.rtlil,work/flows/arith_tree/add_balanced_synth_normal_w32.v,OK,add_balanced,1151,0,0,$_AND_:64;$_NAND_:535;$_NOR_:1;$_ORNOT_:12;$_OR_:107;$_XNOR_:173;$_XOR_:259,f4e6487bd8906ef68eae6564db49a1a43125d3d670d556a4fcbbb01237f12916
arith_tree,add_balanced,32,synth_arith_tree,0,0.497130,work/ys_scripts/arith_tree_add_balanced_synth_arith_tree_w32.ys,logs/synthesis/arith_tree_add_balanced_synth_arith_tree_w32.log,work/flows/arith_tree/add_balanced_synth_arith_tree_w32.json,work/flows/arith_tree/add_balanced_synth_arith_tree_w32.rtlil,work/flows/arith_tree/add_balanced_synth_arith_tree_w32.v,OK,add_balanced,1151,0,0,$_ANDNOT_:62;$_AND_:89;$_NAND_:481;$_NOR_:1;$_ORNOT_:10;$_OR_:74;$_XNOR_:136;$_XOR_:298,e5b8768e04ba0cd2acaa280fa85131ad3746edf3e04e670e5f151bf08eb493f8
arith_tree,add_balanced,32,map_default,0,0.467222,work/ys_scripts/arith_tree_add_balanced_map_default_w32.ys,logs/synthesis/arith_tree_add_balanced_map_default_w32.log,work/flows/arith_tree/add_balanced_map_default_w32.json,work/flows/arith_tree/add_balanced_map_default_w32.rtlil,work/flows/arith_tree/add_balanced_map_default_w32.v,OK,add_balanced,1151,0,0,$_AND_:64;$_NAND_:535;$_NOR_:1;$_ORNOT_:12;$_OR_:107;$_XNOR_:173;$_XOR_:259,f4e6487bd8906ef68eae6564db49a1a43125d3d670d556a4fcbbb01237f12916
arith_tree,add_balanced,32,map_simple,0,0.529176,work/ys_scripts/arith_tree_add_balanced_map_simple_w32.ys,logs/synthesis/arith_tree_add_balanced_map_simple_w32.log,work/flows/arith_tree/add_balanced_map_simple_w32.json,work/flows/arith_tree/add_balanced_map_simple_w32.rtlil,work/flows/arith_tree/add_balanced_map_simple_w32.v,OK,add_balanced,1151,0,0,$_AND_:458;$_OR_:247;$_XOR_:446,6fff18b07d9241373054cb513520486840731fed44587ec7c96b1138e86d389b
arith_tree,add_balanced,32,map_gates,0,0.566137,work/ys_scripts/arith_tree_add_balanced_map_gates_w32.ys,logs/synthesis/arith_tree_add_balanced_map_gates_w32.log,work/flows/arith_tree/add_balanced_map_gates_w32.json,work/flows/arith_tree/add_balanced_map_gates_w32.rtlil,work/flows/arith_tree/add_balanced_map_gates_w32.v,OK,add_balanced,1151,0,0,$_AND_:64;$_NAND_:535;$_NOR_:1;$_ORNOT_:12;$_OR_:107;$_XNOR_:173;$_XOR_:259,f4e6487bd8906ef68eae6564db49a1a43125d3d670d556a4fcbbb01237f12916
arith_tree,add_balanced,64,synth_normal,0,0.789276,work/ys_scripts/arith_tree_add_balanced_synth_normal_w64.ys,logs/synthesis/arith_tree_add_balanced_synth_normal_w64.log,work/flows/arith_tree/add_balanced_synth_normal_w64.json,work/flows/arith_tree/add_balanced_synth_normal_w64.rtlil,work/flows/arith_tree/add_balanced_synth_normal_w64.v,OK,add_balanced,2361,0,0,$_ANDNOT_:2;$_AND_:156;$_NAND_:1094;$_NOR_:1;$_ORNOT_:24;$_OR_:220;$_XNOR_:349;$_XOR_:515,680a4241bc6faac5a73a3d2345127749851875080793677a66a8df2e86ad9c0c
arith_tree,add_balanced,64,synth_arith_tree,0,0.739361,work/ys_scripts/arith_tree_add_balanced_synth_arith_tree_w64.ys,logs/synthesis/arith_tree_add_balanced_synth_arith_tree_w64.log,work/flows/arith_tree/add_balanced_synth_arith_tree_w64.json,work/flows/arith_tree/add_balanced_synth_arith_tree_w64.rtlil,work/flows/arith_tree/add_balanced_synth_arith_tree_w64.v,OK,add_balanced,2355,0,0,$_ANDNOT_:128;$_AND_:212;$_NAND_:969;$_NOR_:2;$_NOT_:1;$_ORNOT_:23;$_OR_:154;$_XNOR_:280;$_XOR_:586,868adbd951803f583998a0e20c4841c4d7df994595ba4118d055f47c49ac57de
arith_tree,add_balanced,64,map_default,0,0.733566,work/ys_scripts/arith_tree_add_balanced_map_default_w64.ys,logs/synthesis/arith_tree_add_balanced_map_default_w64.log,work/flows/arith_tree/add_balanced_map_default_w64.json,work/flows/arith_tree/add_balanced_map_default_w64.rtlil,work/flows/arith_tree/add_balanced_map_default_w64.v,OK,add_balanced,2361,0,0,$_ANDNOT_:2;$_AND_:156;$_NAND_:1094;$_NOR_:1;$_ORNOT_:24;$_OR_:220;$_XNOR_:349;$_XOR_:515,680a4241bc6faac5a73a3d2345127749851875080793677a66a8df2e86ad9c0c
arith_tree,add_balanced,64,map_simple,0,0.653834,work/ys_scripts/arith_tree_add_balanced_map_simple_w64.ys,logs/synthesis/arith_tree_add_balanced_map_simple_w64.log,work/flows/arith_tree/add_balanced_map_simple_w64.json,work/flows/arith_tree/add_balanced_map_simple_w64.rtlil,work/flows/arith_tree/add_balanced_map_simple_w64.v,OK,add_balanced,2361,0,0,$_AND_:949;$_OR_:518;$_XOR_:894,9cc685602b8c0ab8a354dd28dddd3b03154e0b2bf6a4fe15f25a361c341c11d4
arith_tree,add_balanced,64,map_gates,0,0.683937,work/ys_scripts/arith_tree_add_balanced_map_gates_w64.ys,logs/synthesis/arith_tree_add_balanced_map_gates_w64.log,work/flows/arith_tree/add_balanced_map_gates_w64.json,work/flows/arith_tree/add_balanced_map_gates_w64.rtlil,work/flows/arith_tree/add_balanced_map_gates_w64.v,OK,add_balanced,2361,0,0,$_ANDNOT_:2;$_AND_:156;$_NAND_:1094;$_NOR_:1;$_ORNOT_:24;$_OR_:220;$_XNOR_:349;$_XOR_:515,680a4241bc6faac5a73a3d2345127749851875080793677a66a8df2e86ad9c0c
mixed_arith,mixed_left,16,synth_normal,0,0.526161,work/ys_scripts/mixed_arith_mixed_left_synth_normal_w16.ys,logs/synthesis/mixed_arith_mixed_left_synth_normal_w16.log,work/flows/mixed_arith/mixed_left_synth_normal_w16.json,work/flows/mixed_arith/mixed_left_synth_normal_w16.rtlil,work/flows/mixed_arith/mixed_left_synth_normal_w16.v,OK,mixed_left,412,0,0,$_ANDNOT_:1;$_AND_:33;$_NAND_:166;$_NOT_:1;$_ORNOT_:5;$_OR_:52;$_XNOR_:54;$_XOR_:100,28150f4d5e82ba5975ce4970c44947940f95f708d89b3bd2678d5da2b0cf5c05
mixed_arith,mixed_left,16,synth_arith_tree,0,0.467534,work/ys_scripts/mixed_arith_mixed_left_synth_arith_tree_w16.ys,logs/synthesis/mixed_arith_mixed_left_synth_arith_tree_w16.log,work/flows/mixed_arith/mixed_left_synth_arith_tree_w16.json,work/flows/mixed_arith/mixed_left_synth_arith_tree_w16.rtlil,work/flows/mixed_arith/mixed_left_synth_arith_tree_w16.v,OK,mixed_left,423,0,0,$_ANDNOT_:22;$_AND_:28;$_NAND_:166;$_NOR_:1;$_ORNOT_:2;$_OR_:32;$_XNOR_:52;$_XOR_:120,298d6eb88f7545434f0a1e85cfb9ec41f339745aa1d1fe961aa0d26ad165e776
mixed_arith,mixed_left,16,map_default,0,0.423094,work/ys_scripts/mixed_arith_mixed_left_map_default_w16.ys,logs/synthesis/mixed_arith_mixed_left_map_default_w16.log,work/flows/mixed_arith/mixed_left_map_default_w16.json,work/flows/mixed_arith/mixed_left_map_default_w16.rtlil,work/flows/mixed_arith/mixed_left_map_default_w16.v,OK,mixed_left,412,0,0,$_ANDNOT_:1;$_AND_:33;$_NAND_:166;$_NOT_:1;$_ORNOT_:5;$_OR_:52;$_XNOR_:54;$_XOR_:100,28150f4d5e82ba5975ce4970c44947940f95f708d89b3bd2678d5da2b0cf5c05
mixed_arith,mixed_left,16,map_simple,0,0.399256,work/ys_scripts/mixed_arith_mixed_left_map_simple_w16.ys,logs/synthesis/mixed_arith_mixed_left_map_simple_w16.log,work/flows/mixed_arith/mixed_left_map_simple_w16.json,work/flows/mixed_arith/mixed_left_map_simple_w16.rtlil,work/flows/mixed_arith/mixed_left_map_simple_w16.v,OK,mixed_left,430,0,0,$_AND_:147;$_NOT_:19;$_OR_:104;$_XOR_:160,f451e8cc4231b8764b7e61e973e77eea418f7b3ede5b40dd79bcfc69a9f6701f
mixed_arith,mixed_left,16,map_gates,0,0.390131,work/ys_scripts/mixed_arith_mixed_left_map_gates_w16.ys,logs/synthesis/mixed_arith_mixed_left_map_gates_w16.log,work/flows/mixed_arith/mixed_left_map_gates_w16.json,work/flows/mixed_arith/mixed_left_map_gates_w16.rtlil,work/flows/mixed_arith/mixed_left_map_gates_w16.v,OK,mixed_left,412,0,0,$_ANDNOT_:1;$_AND_:33;$_NAND_:166;$_NOT_:1;$_ORNOT_:5;$_OR_:52;$_XNOR_:54;$_XOR_:100,28150f4d5e82ba5975ce4970c44947940f95f708d89b3bd2678d5da2b0cf5c05
mixed_arith,mixed_left,32,synth_normal,0,0.467781,work/ys_scripts/mixed_arith_mixed_left_synth_normal_w32.ys,logs/synthesis/mixed_arith_mixed_left_synth_normal_w32.log,work/flows/mixed_arith/mixed_left_synth_normal_w32.json,work/flows/mixed_arith/mixed_left_synth_normal_w32.rtlil,work/flows/mixed_arith/mixed_left_synth_normal_w32.v,OK,mixed_left,836,0,0,$_ANDNOT_:1;$_AND_:65;$_NAND_:342;$_NOT_:1;$_ORNOT_:13;$_OR_:108;$_XNOR_:110;$_XOR_:196,301279219f401d2800843e995dc3d0c57ae39ac242fe92d05986cc493060e742
mixed_arith,mixed_left,32,synth_arith_tree,0,0.483682,work/ys_scripts/mixed_arith_mixed_left_synth_arith_tree_w32.ys,logs/synthesis/mixed_arith_mixed_left_synth_arith_tree_w32.log,work/flows/mixed_arith/mixed_left_synth_arith_tree_w32.json,work/flows/mixed_arith/mixed_left_synth_arith_tree_w32.rtlil,work/flows/mixed_arith/mixed_left_synth_arith_tree_w32.v,OK,mixed_left,888,0,0,$_ANDNOT_:93;$_AND_:92;$_NAND_:277;$_ORNOT_:14;$_OR_:75;$_XNOR_:138;$_XOR_:199,5957bf9c5c5b0f3b28791bf90ffeaf9eedfd83bbc7158533cc54163f3cb4ffcc
mixed_arith,mixed_left,32,map_default,0,0.464911,work/ys_scripts/mixed_arith_mixed_left_map_default_w32.ys,logs/synthesis/mixed_arith_mixed_left_map_default_w32.log,work/flows/mixed_arith/mixed_left_map_default_w32.json,work/flows/mixed_arith/mixed_left_map_default_w32.rtlil,work/flows/mixed_arith/mixed_left_map_default_w32.v,OK,mixed_left,836,0,0,$_ANDNOT_:1;$_AND_:65;$_NAND_:342;$_NOT_:1;$_ORNOT_:13;$_OR_:108;$_XNOR_:110;$_XOR_:196,301279219f401d2800843e995dc3d0c57ae39ac242fe92d05986cc493060e742
mixed_arith,mixed_left,32,map_simple,0,0.456162,work/ys_scripts/mixed_arith_mixed_left_map_simple_w32.ys,logs/synthesis/mixed_arith_mixed_left_map_simple_w32.log,work/flows/mixed_arith/mixed_left_map_simple_w32.json,work/flows/mixed_arith/mixed_left_map_simple_w32.rtlil,work/flows/mixed_arith/mixed_left_map_simple_w32.v,OK,mixed_left,870,0,0,$_AND_:299;$_NOT_:35;$_OR_:216;$_XOR_:320,007bf1918141fe13b80469d8af2f890050ebbc469d18e13f10e261f7079331c3
mixed_arith,mixed_left,32,map_gates,0,0.540900,work/ys_scripts/mixed_arith_mixed_left_map_gates_w32.ys,logs/synthesis/mixed_arith_mixed_left_map_gates_w32.log,work/flows/mixed_arith/mixed_left_map_gates_w32.json,work/flows/mixed_arith/mixed_left_map_gates_w32.rtlil,work/flows/mixed_arith/mixed_left_map_gates_w32.v,OK,mixed_left,836,0,0,$_ANDNOT_:1;$_AND_:65;$_NAND_:342;$_NOT_:1;$_ORNOT_:13;$_OR_:108;$_XNOR_:110;$_XOR_:196,301279219f401d2800843e995dc3d0c57ae39ac242fe92d05986cc493060e742
mixed_arith,mixed_grouped,16,synth_normal,0,0.442073,work/ys_scripts/mixed_arith_mixed_grouped_synth_normal_w16.ys,logs/synthesis/mixed_arith_mixed_grouped_synth_normal_w16.log,work/flows/mixed_arith/mixed_grouped_synth_normal_w16.json,work/flows/mixed_arith/mixed_grouped_synth_normal_w16.rtlil,work/flows/mixed_arith/mixed_grouped_synth_normal_w16.v,OK,mixed_grouped,412,0,0,$_ANDNOT_:1;$_AND_:33;$_NAND_:166;$_NOT_:1;$_ORNOT_:5;$_OR_:52;$_XNOR_:54;$_XOR_:100,800183d2216fe4a5238f84c8aba43cc676ee2f1788f1e3b2b9be6aeab5238d2c
mixed_arith,mixed_grouped,16,synth_arith_tree,0,0.471755,work/ys_scripts/mixed_arith_mixed_grouped_synth_arith_tree_w16.ys,logs/synthesis/mixed_arith_mixed_grouped_synth_arith_tree_w16.log,work/flows/mixed_arith/mixed_grouped_synth_arith_tree_w16.json,work/flows/mixed_arith/mixed_grouped_synth_arith_tree_w16.rtlil,work/flows/mixed_arith/mixed_grouped_synth_arith_tree_w16.v,OK,mixed_grouped,425,0,0,$_ANDNOT_:19;$_AND_:24;$_NAND_:174;$_NOR_:2;$_ORNOT_:17;$_OR_:16;$_XNOR_:52;$_XOR_:121,3a3b1f8996aded33c6eaf30a1b6f1bba0aa573f521ef0fc6032db5c435135a5e
mixed_arith,mixed_grouped,16,map_default,0,0.404193,work/ys_scripts/mixed_arith_mixed_grouped_map_default_w16.ys,logs/synthesis/mixed_arith_mixed_grouped_map_default_w16.log,work/flows/mixed_arith/mixed_grouped_map_default_w16.json,work/flows/mixed_arith/mixed_grouped_map_default_w16.rtlil,work/flows/mixed_arith/mixed_grouped_map_default_w16.v,OK,mixed_grouped,412,0,0,$_ANDNOT_:1;$_AND_:33;$_NAND_:166;$_NOT_:1;$_ORNOT_:5;$_OR_:52;$_XNOR_:54;$_XOR_:100,800183d2216fe4a5238f84c8aba43cc676ee2f1788f1e3b2b9be6aeab5238d2c
mixed_arith,mixed_grouped,16,map_simple,0,0.391811,work/ys_scripts/mixed_arith_mixed_grouped_map_simple_w16.ys,logs/synthesis/mixed_arith_mixed_grouped_map_simple_w16.log,work/flows/mixed_arith/mixed_grouped_map_simple_w16.json,work/flows/mixed_arith/mixed_grouped_map_simple_w16.rtlil,work/flows/mixed_arith/mixed_grouped_map_simple_w16.v,OK,mixed_grouped,430,0,0,$_AND_:147;$_NOT_:19;$_OR_:104;$_XOR_:160,c976ff2ae5b497795fd568001b669d07eed7f4579f2a42de2119a6e88572d13c
mixed_arith,mixed_grouped,16,map_gates,0,0.392999,work/ys_scripts/mixed_arith_mixed_grouped_map_gates_w16.ys,logs/synthesis/mixed_arith_mixed_grouped_map_gates_w16.log,work/flows/mixed_arith/mixed_grouped_map_gates_w16.json,work/flows/mixed_arith/mixed_grouped_map_gates_w16.rtlil,work/flows/mixed_arith/mixed_grouped_map_gates_w16.v,OK,mixed_grouped,412,0,0,$_ANDNOT_:1;$_AND_:33;$_NAND_:166;$_NOT_:1;$_ORNOT_:5;$_OR_:52;$_XNOR_:54;$_XOR_:100,800183d2216fe4a5238f84c8aba43cc676ee2f1788f1e3b2b9be6aeab5238d2c
mixed_arith,mixed_grouped,32,synth_normal,0,0.459923,work/ys_scripts/mixed_arith_mixed_grouped_synth_normal_w32.ys,logs/synthesis/mixed_arith_mixed_grouped_synth_normal_w32.log,work/flows/mixed_arith/mixed_grouped_synth_normal_w32.json,work/flows/mixed_arith/mixed_grouped_synth_normal_w32.rtlil,work/flows/mixed_arith/mixed_grouped_synth_normal_w32.v,OK,mixed_grouped,836,0,0,$_ANDNOT_:1;$_AND_:65;$_NAND_:342;$_NOT_:1;$_ORNOT_:13;$_OR_:108;$_XNOR_:110;$_XOR_:196,4242fe4e13e62b88b7ac23ff2171bf8bfbd0e40e20d756695e90325d6a51654b
mixed_arith,mixed_grouped,32,synth_arith_tree,0,0.480246,work/ys_scripts/mixed_arith_mixed_grouped_synth_arith_tree_w32.ys,logs/synthesis/mixed_arith_mixed_grouped_synth_arith_tree_w32.log,work/flows/mixed_arith/mixed_grouped_synth_arith_tree_w32.json,work/flows/mixed_arith/mixed_grouped_synth_arith_tree_w32.rtlil,work/flows/mixed_arith/mixed_grouped_synth_arith_tree_w32.v,OK,mixed_grouped,890,0,0,$_ANDNOT_:62;$_AND_:60;$_NAND_:341;$_NOR_:1;$_ORNOT_:45;$_OR_:43;$_XNOR_:138;$_XOR_:200,27526c9e4a50bade7f066a5f804b54fca60d4f3d9c1dad7099f1b13d2e21a66a
mixed_arith,mixed_grouped,32,map_default,0,0.458660,work/ys_scripts/mixed_arith_mixed_grouped_map_default_w32.ys,logs/synthesis/mixed_arith_mixed_grouped_map_default_w32.log,work/flows/mixed_arith/mixed_grouped_map_default_w32.json,work/flows/mixed_arith/mixed_grouped_map_default_w32.rtlil,work/flows/mixed_arith/mixed_grouped_map_default_w32.v,OK,mixed_grouped,836,0,0,$_ANDNOT_:1;$_AND_:65;$_NAND_:342;$_NOT_:1;$_ORNOT_:13;$_OR_:108;$_XNOR_:110;$_XOR_:196,4242fe4e13e62b88b7ac23ff2171bf8bfbd0e40e20d756695e90325d6a51654b
mixed_arith,mixed_grouped,32,map_simple,0,0.539396,work/ys_scripts/mixed_arith_mixed_grouped_map_simple_w32.ys,logs/synthesis/mixed_arith_mixed_grouped_map_simple_w32.log,work/flows/mixed_arith/mixed_grouped_map_simple_w32.json,work/flows/mixed_arith/mixed_grouped_map_simple_w32.rtlil,work/flows/mixed_arith/mixed_grouped_map_simple_w32.v,OK,mixed_grouped,870,0,0,$_AND_:299;$_NOT_:35;$_OR_:216;$_XOR_:320,35ce1c8d267e0e8ccc244ed5b9f51bdd631741137ef1fedb4dcf0799f8457cd0
mixed_arith,mixed_grouped,32,map_gates,0,0.553895,work/ys_scripts/mixed_arith_mixed_grouped_map_gates_w32.ys,logs/synthesis/mixed_arith_mixed_grouped_map_gates_w32.log,work/flows/mixed_arith/mixed_grouped_map_gates_w32.json,work/flows/mixed_arith/mixed_grouped_map_gates_w32.rtlil,work/flows/mixed_arith/mixed_grouped_map_gates_w32.v,OK,mixed_grouped,836,0,0,$_ANDNOT_:1;$_AND_:65;$_NAND_:342;$_NOT_:1;$_ORNOT_:13;$_OR_:108;$_XNOR_:110;$_XOR_:196,4242fe4e13e62b88b7ac23ff2171bf8bfbd0e40e20d756695e90325d6a51654b
width_trim,trim_wide,8,early,0,0.177125,work/ys_scripts/width_trim_trim_wide_early_w8.ys,logs/synthesis/width_trim_trim_wide_early_w8.log,work/flows/width_trim/trim_wide_early_w8.json,work/flows/width_trim/trim_wide_early_w8.rtlil,,OK,trim_wide,3,0,3,$add:2;$mul:1,eb3f1922621c3e451ce2923ad28f712265ed889317025f74a0ec7d8c0f76f39a
width_trim,trim_wide,8,wreduce,0,0.170757,work/ys_scripts/width_trim_trim_wide_wreduce_w8.ys,logs/synthesis/width_trim_trim_wide_wreduce_w8.log,work/flows/width_trim/trim_wide_wreduce_w8.json,work/flows/width_trim/trim_wide_wreduce_w8.rtlil,,OK,trim_wide,3,0,3,$add:2;$mul:1,216ac986eb9dc09ad6d4f2bc1d9347c060d83662f3afc44ddadc3eda3384575c
width_trim,trim_wide,8,synth_normal,0,0.374413,work/ys_scripts/width_trim_trim_wide_synth_normal_w8.ys,logs/synthesis/width_trim_trim_wide_synth_normal_w8.log,work/flows/width_trim/trim_wide_synth_normal_w8.json,work/flows/width_trim/trim_wide_synth_normal_w8.rtlil,work/flows/width_trim/trim_wide_synth_normal_w8.v,OK,trim_wide,204,1,0,$_ANDNOT_:1;$_AND_:43;$_MUX_:1;$_NAND_:69;$_ORNOT_:2;$_OR_:7;$_XNOR_:33;$_XOR_:48,1831a99b2b2d24ee3cd89b3207fd71c616d54655aee1d968b30795ca0819d230
width_trim,trim_wide,16,early,0,0.168374,work/ys_scripts/width_trim_trim_wide_early_w16.ys,logs/synthesis/width_trim_trim_wide_early_w16.log,work/flows/width_trim/trim_wide_early_w16.json,work/flows/width_trim/trim_wide_early_w16.rtlil,,OK,trim_wide,3,0,3,$add:2;$mul:1,593d200bd8600675a9f697bd51bdb4ddfa639ecb76d93ce979ab323b69c21f17
width_trim,trim_wide,16,wreduce,0,0.172919,work/ys_scripts/width_trim_trim_wide_wreduce_w16.ys,logs/synthesis/width_trim_trim_wide_wreduce_w16.log,work/flows/width_trim/trim_wide_wreduce_w16.json,work/flows/width_trim/trim_wide_wreduce_w16.rtlil,,OK,trim_wide,3,0,3,$add:2;$mul:1,126114f627878452a0d629f5cdde5bbfe7b1fcf1a3bdbc3c264cbe20bf55e818
width_trim,trim_wide,16,synth_normal,0,0.467904,work/ys_scripts/width_trim_trim_wide_synth_normal_w16.ys,logs/synthesis/width_trim_trim_wide_synth_normal_w16.log,work/flows/width_trim/trim_wide_synth_normal_w16.json,work/flows/width_trim/trim_wide_synth_normal_w16.rtlil,work/flows/width_trim/trim_wide_synth_normal_w16.v,OK,trim_wide,830,1,0,$_ANDNOT_:2;$_AND_:177;$_MUX_:1;$_NAND_:322;$_ORNOT_:7;$_OR_:16;$_XNOR_:73;$_XOR_:232,54269c58963a1fc0987f41704b1fa27c1b15d8f2bafad5370878b3f5a28faa5b
width_trim,trim_wide,32,early,0,0.168054,work/ys_scripts/width_trim_trim_wide_early_w32.ys,logs/synthesis/width_trim_trim_wide_early_w32.log,work/flows/width_trim/trim_wide_early_w32.json,work/flows/width_trim/trim_wide_early_w32.rtlil,,OK,trim_wide,3,0,3,$add:2;$mul:1,50171735e965ea9515960ef441b9b8d35223a8d33b6ee9490c093d751099998f
width_trim,trim_wide,32,wreduce,0,0.184846,work/ys_scripts/width_trim_trim_wide_wreduce_w32.ys,logs/synthesis/width_trim_trim_wide_wreduce_w32.log,work/flows/width_trim/trim_wide_wreduce_w32.json,work/flows/width_trim/trim_wide_wreduce_w32.rtlil,,OK,trim_wide,3,0,3,$add:2;$mul:1,7a23aa4fbd8881130e0defcc65cce5d236ed3c2189aa2ce7d67d2ca7d678b794
width_trim,trim_wide,32,synth_normal,0,0.792498,work/ys_scripts/width_trim_trim_wide_synth_normal_w32.ys,logs/synthesis/width_trim_trim_wide_synth_normal_w32.log,work/flows/width_trim/trim_wide_synth_normal_w32.json,work/flows/width_trim/trim_wide_synth_normal_w32.rtlil,work/flows/width_trim/trim_wide_synth_normal_w32.v,OK,trim_wide,3253,1,0,$_ANDNOT_:5;$_AND_:651;$_MUX_:1;$_NAND_:1405;$_NOR_:4;$_ORNOT_:12;$_OR_:37;$_XNOR_:156;$_XOR_:982,1544dac1c4d776b24c8eaf20f34a8bd139b3ab19252ae175093643beff9a7775
width_trim,trim_narrow,8,early,0,0.463601,work/ys_scripts/width_trim_trim_narrow_early_w8.ys,logs/synthesis/width_trim_trim_narrow_early_w8.log,work/flows/width_trim/trim_narrow_early_w8.json,work/flows/width_trim/trim_narrow_early_w8.rtlil,,OK,trim_narrow,3,0,3,$add:2;$mul:1,216ac986eb9dc09ad6d4f2bc1d9347c060d83662f3afc44ddadc3eda3384575c
width_trim,trim_narrow,8,wreduce,0,0.275840,work/ys_scripts/width_trim_trim_narrow_wreduce_w8.ys,logs/synthesis/width_trim_trim_narrow_wreduce_w8.log,work/flows/width_trim/trim_narrow_wreduce_w8.json,work/flows/width_trim/trim_narrow_wreduce_w8.rtlil,,OK,trim_narrow,3,0,3,$add:2;$mul:1,216ac986eb9dc09ad6d4f2bc1d9347c060d83662f3afc44ddadc3eda3384575c
width_trim,trim_narrow,8,synth_normal,0,0.468429,work/ys_scripts/width_trim_trim_narrow_synth_normal_w8.ys,logs/synthesis/width_trim_trim_narrow_synth_normal_w8.log,work/flows/width_trim/trim_narrow_synth_normal_w8.json,work/flows/width_trim/trim_narrow_synth_normal_w8.rtlil,work/flows/width_trim/trim_narrow_synth_normal_w8.v,OK,trim_narrow,204,1,0,$_ANDNOT_:1;$_AND_:43;$_MUX_:1;$_NAND_:69;$_ORNOT_:2;$_OR_:7;$_XNOR_:33;$_XOR_:48,1831a99b2b2d24ee3cd89b3207fd71c616d54655aee1d968b30795ca0819d230
width_trim,trim_narrow,16,early,0,0.173981,work/ys_scripts/width_trim_trim_narrow_early_w16.ys,logs/synthesis/width_trim_trim_narrow_early_w16.log,work/flows/width_trim/trim_narrow_early_w16.json,work/flows/width_trim/trim_narrow_early_w16.rtlil,,OK,trim_narrow,3,0,3,$add:2;$mul:1,126114f627878452a0d629f5cdde5bbfe7b1fcf1a3bdbc3c264cbe20bf55e818
width_trim,trim_narrow,16,wreduce,0,0.212703,work/ys_scripts/width_trim_trim_narrow_wreduce_w16.ys,logs/synthesis/width_trim_trim_narrow_wreduce_w16.log,work/flows/width_trim/trim_narrow_wreduce_w16.json,work/flows/width_trim/trim_narrow_wreduce_w16.rtlil,,OK,trim_narrow,3,0,3,$add:2;$mul:1,126114f627878452a0d629f5cdde5bbfe7b1fcf1a3bdbc3c264cbe20bf55e818
width_trim,trim_narrow,16,synth_normal,0,0.484460,work/ys_scripts/width_trim_trim_narrow_synth_normal_w16.ys,logs/synthesis/width_trim_trim_narrow_synth_normal_w16.log,work/flows/width_trim/trim_narrow_synth_normal_w16.json,work/flows/width_trim/trim_narrow_synth_normal_w16.rtlil,work/flows/width_trim/trim_narrow_synth_normal_w16.v,OK,trim_narrow,830,1,0,$_ANDNOT_:2;$_AND_:177;$_MUX_:1;$_NAND_:322;$_ORNOT_:7;$_OR_:16;$_XNOR_:73;$_XOR_:232,54269c58963a1fc0987f41704b1fa27c1b15d8f2bafad5370878b3f5a28faa5b
width_trim,trim_narrow,32,early,0,0.168052,work/ys_scripts/width_trim_trim_narrow_early_w32.ys,logs/synthesis/width_trim_trim_narrow_early_w32.log,work/flows/width_trim/trim_narrow_early_w32.json,work/flows/width_trim/trim_narrow_early_w32.rtlil,,OK,trim_narrow,3,0,3,$add:2;$mul:1,7a23aa4fbd8881130e0defcc65cce5d236ed3c2189aa2ce7d67d2ca7d678b794
width_trim,trim_narrow,32,wreduce,0,0.169929,work/ys_scripts/width_trim_trim_narrow_wreduce_w32.ys,logs/synthesis/width_trim_trim_narrow_wreduce_w32.log,work/flows/width_trim/trim_narrow_wreduce_w32.json,work/flows/width_trim/trim_narrow_wreduce_w32.rtlil,,OK,trim_narrow,3,0,3,$add:2;$mul:1,7a23aa4fbd8881130e0defcc65cce5d236ed3c2189aa2ce7d67d2ca7d678b794
width_trim,trim_narrow,32,synth_normal,0,0.759297,work/ys_scripts/width_trim_trim_narrow_synth_normal_w32.ys,logs/synthesis/width_trim_trim_narrow_synth_normal_w32.log,work/flows/width_trim/trim_narrow_synth_normal_w32.json,work/flows/width_trim/trim_narrow_synth_normal_w32.rtlil,work/flows/width_trim/trim_narrow_synth_normal_w32.v,OK,trim_narrow,3253,1,0,$_ANDNOT_:5;$_AND_:651;$_MUX_:1;$_NAND_:1405;$_NOR_:4;$_ORNOT_:12;$_OR_:37;$_XNOR_:156;$_XOR_:982,1544dac1c4d776b24c8eaf20f34a8bd139b3ab19252ae175093643beff9a7775
fir4,fir4,4,synth_normal,0,0.442970,work/ys_scripts/fir4_fir4_synth_normal_w4.ys,logs/synthesis/fir4_fir4_synth_normal_w4.log,work/flows/fir4/fir4_synth_normal_w4.json,work/flows/fir4/fir4_synth_normal_w4.rtlil,work/flows/fir4/fir4_synth_normal_w4.v,OK,fir4,145,1,0,$_ANDNOT_:5;$_AND_:18;$_MUX_:1;$_NAND_:56;$_NOR_:3;$_ORNOT_:2;$_OR_:1;$_XNOR_:15;$_XOR_:44,a4b31f651021a09ba46c649a3f32256a9e4cd06523f513d17b8359097f5ba6f4
fir4,fir4,4,synth_arith_tree,0,0.401182,work/ys_scripts/fir4_fir4_synth_arith_tree_w4.ys,logs/synthesis/fir4_fir4_synth_arith_tree_w4.log,work/flows/fir4/fir4_synth_arith_tree_w4.json,work/flows/fir4/fir4_synth_arith_tree_w4.rtlil,work/flows/fir4/fir4_synth_arith_tree_w4.v,OK,fir4,151,5,0,$_ANDNOT_:11;$_AND_:21;$_MUX_:5;$_NAND_:42;$_NOR_:4;$_NOT_:3;$_ORNOT_:7;$_OR_:10;$_XNOR_:18;$_XOR_:30,3a4d0901488c82c517db7ef0b92669fac626e9e69b4aa440e7102bdaec6c91a1
fir4,fir4,4,map_default,0,0.455044,work/ys_scripts/fir4_fir4_map_default_w4.ys,logs/synthesis/fir4_fir4_map_default_w4.log,work/flows/fir4/fir4_map_default_w4.json,work/flows/fir4/fir4_map_default_w4.rtlil,work/flows/fir4/fir4_map_default_w4.v,OK,fir4,145,1,0,$_ANDNOT_:5;$_AND_:18;$_MUX_:1;$_NAND_:56;$_NOR_:3;$_ORNOT_:2;$_OR_:1;$_XNOR_:15;$_XOR_:44,a4b31f651021a09ba46c649a3f32256a9e4cd06523f513d17b8359097f5ba6f4
fir4,fir4,4,map_simple,0,0.446824,work/ys_scripts/fir4_fir4_map_simple_w4.ys,logs/synthesis/fir4_fir4_map_simple_w4.log,work/flows/fir4/fir4_map_simple_w4.json,work/flows/fir4/fir4_map_simple_w4.rtlil,work/flows/fir4/fir4_map_simple_w4.v,OK,fir4,164,1,0,$_AND_:55;$_MUX_:1;$_NOT_:17;$_OR_:30;$_XOR_:61,ae9af75843dd995e512f5d12d3057c87289c1f624bed069d6aeee75ec9def728
fir4,fir4,4,map_gates,0,0.473721,work/ys_scripts/fir4_fir4_map_gates_w4.ys,logs/synthesis/fir4_fir4_map_gates_w4.log,work/flows/fir4/fir4_map_gates_w4.json,work/flows/fir4/fir4_map_gates_w4.rtlil,work/flows/fir4/fir4_map_gates_w4.v,OK,fir4,147,0,0,$_ANDNOT_:5;$_AND_:20;$_NAND_:56;$_NOR_:3;$_ORNOT_:2;$_OR_:2;$_XNOR_:13;$_XOR_:46,134e0a7137a3765ff1616ee6293ecc004752d96f32782caa12ec3434759d02e5
fir4,fir4,8,synth_normal,0,0.470704,work/ys_scripts/fir4_fir4_synth_normal_w8.ys,logs/synthesis/fir4_fir4_synth_normal_w8.log,work/flows/fir4/fir4_synth_normal_w8.json,work/flows/fir4/fir4_synth_normal_w8.rtlil,work/flows/fir4/fir4_synth_normal_w8.v,OK,fir4,270,1,0,$_ANDNOT_:16;$_AND_:32;$_MUX_:1;$_NAND_:96;$_NOR_:3;$_ORNOT_:2;$_OR_:10;$_XNOR_:35;$_XOR_:75,b39631d84ff95419892c2e97357cf972f72a84b88f363b9392d25cd533802ae7
fir4,fir4,8,synth_arith_tree,0,0.500349,work/ys_scripts/fir4_fir4_synth_arith_tree_w8.ys,logs/synthesis/fir4_fir4_synth_arith_tree_w8.log,work/flows/fir4/fir4_synth_arith_tree_w8.json,work/flows/fir4/fir4_synth_arith_tree_w8.rtlil,work/flows/fir4/fir4_synth_arith_tree_w8.v,OK,fir4,330,9,0,$_ANDNOT_:26;$_AND_:35;$_MUX_:9;$_NAND_:103;$_NOR_:13;$_ORNOT_:10;$_OR_:12;$_XNOR_:39;$_XOR_:83,a358647a415c288f655689dae44edce7fff38d89b6ff5207ac176020b640ba5b
fir4,fir4,8,map_default,0,0.470691,work/ys_scripts/fir4_fir4_map_default_w8.ys,logs/synthesis/fir4_fir4_map_default_w8.log,work/flows/fir4/fir4_map_default_w8.json,work/flows/fir4/fir4_map_default_w8.rtlil,work/flows/fir4/fir4_map_default_w8.v,OK,fir4,270,1,0,$_ANDNOT_:16;$_AND_:32;$_MUX_:1;$_NAND_:96;$_NOR_:3;$_ORNOT_:2;$_OR_:10;$_XNOR_:35;$_XOR_:75,b39631d84ff95419892c2e97357cf972f72a84b88f363b9392d25cd533802ae7
fir4,fir4,8,map_simple,0,0.441595,work/ys_scripts/fir4_fir4_map_simple_w8.ys,logs/synthesis/fir4_fir4_map_simple_w8.log,work/flows/fir4/fir4_map_simple_w8.json,work/flows/fir4/fir4_map_simple_w8.rtlil,work/flows/fir4/fir4_map_simple_w8.v,OK,fir4,301,1,0,$_AND_:103;$_MUX_:1;$_NOT_:26;$_OR_:57;$_XOR_:114,2a21aff00165069643b757690e8b2a5af51558b678fb92e487f1c358906aa554
fir4,fir4,8,map_gates,0,0.471371,work/ys_scripts/fir4_fir4_map_gates_w8.ys,logs/synthesis/fir4_fir4_map_gates_w8.log,work/flows/fir4/fir4_map_gates_w8.json,work/flows/fir4/fir4_map_gates_w8.rtlil,work/flows/fir4/fir4_map_gates_w8.v,OK,fir4,272,0,0,$_ANDNOT_:16;$_AND_:34;$_NAND_:96;$_NOR_:3;$_ORNOT_:2;$_OR_:11;$_XNOR_:33;$_XOR_:77,2d90299cd54502fe04dd049fbc8f0a2e815fb6ab87a79814a6407e1735176168
fir4,fir4,16,synth_normal,0,0.539705,work/ys_scripts/fir4_fir4_synth_normal_w16.ys,logs/synthesis/fir4_fir4_synth_normal_w16.log,work/flows/fir4/fir4_synth_normal_w16.json,work/flows/fir4/fir4_synth_normal_w16.rtlil,work/flows/fir4/fir4_synth_normal_w16.v,OK,fir4,518,1,0,$_ANDNOT_:38;$_AND_:61;$_MUX_:1;$_NAND_:174;$_NOR_:3;$_ORNOT_:2;$_OR_:25;$_XNOR_:72;$_XOR_:142,b07d33def5e9d941b63b2098044251ff2c8ca0810c4f2bce2fa503f881486c54
fir4,fir4,16,synth_arith_tree,0,0.602733,work/ys_scripts/fir4_fir4_synth_arith_tree_w16.ys,logs/synthesis/fir4_fir4_synth_arith_tree_w16.log,work/flows/fir4/fir4_synth_arith_tree_w16.json,work/flows/fir4/fir4_synth_arith_tree_w16.rtlil,work/flows/fir4/fir4_synth_arith_tree_w16.v,OK,fir4,716,11,0,$_ANDNOT_:46;$_AND_:81;$_MUX_:11;$_NAND_:238;$_NOR_:16;$_NOT_:3;$_ORNOT_:23;$_OR_:22;$_XNOR_:88;$_XOR_:188,2cb38f6be8c92d66104f2d982e22ccd786f08edc4912baedd0e1873c2dce1a9e
fir4,fir4,16,map_default,0,0.520078,work/ys_scripts/fir4_fir4_map_default_w16.ys,logs/synthesis/fir4_fir4_map_default_w16.log,work/flows/fir4/fir4_map_default_w16.json,work/flows/fir4/fir4_map_default_w16.rtlil,work/flows/fir4/fir4_map_default_w16.v,OK,fir4,518,1,0,$_ANDNOT_:38;$_AND_:61;$_MUX_:1;$_NAND_:174;$_NOR_:3;$_ORNOT_:2;$_OR_:25;$_XNOR_:72;$_XOR_:142,b07d33def5e9d941b63b2098044251ff2c8ca0810c4f2bce2fa503f881486c54
fir4,fir4,16,map_simple,0,0.484064,work/ys_scripts/fir4_fir4_map_simple_w16.ys,logs/synthesis/fir4_fir4_map_simple_w16.log,work/flows/fir4/fir4_map_simple_w16.json,work/flows/fir4/fir4_map_simple_w16.rtlil,work/flows/fir4/fir4_map_simple_w16.v,OK,fir4,567,1,0,$_AND_:200;$_MUX_:1;$_NOT_:42;$_OR_:106;$_XOR_:218,3c85bedcb3f6de6a20836217a7012d6dc060edbb2cad77abd1ccb575e56c2fc8
fir4,fir4,16,map_gates,0,0.508709,work/ys_scripts/fir4_fir4_map_gates_w16.ys,logs/synthesis/fir4_fir4_map_gates_w16.log,work/flows/fir4/fir4_map_gates_w16.json,work/flows/fir4/fir4_map_gates_w16.rtlil,work/flows/fir4/fir4_map_gates_w16.v,OK,fir4,520,0,0,$_ANDNOT_:38;$_AND_:63;$_NAND_:174;$_NOR_:3;$_ORNOT_:2;$_OR_:26;$_XNOR_:70;$_XOR_:144,d3d73a215aa9e77b60ac36c31959792ea3b7cdf8093ccb0e55785be6f57ae340
fir4,fir4_grouped,4,synth_normal,0,0.487952,work/ys_scripts/fir4_fir4_grouped_synth_normal_w4.ys,logs/synthesis/fir4_fir4_grouped_synth_normal_w4.log,work/flows/fir4/fir4_grouped_synth_normal_w4.json,work/flows/fir4/fir4_grouped_synth_normal_w4.rtlil,work/flows/fir4/fir4_grouped_synth_normal_w4.v,OK,fir4_grouped,145,1,0,$_ANDNOT_:5;$_AND_:18;$_MUX_:1;$_NAND_:56;$_NOR_:3;$_ORNOT_:2;$_OR_:1;$_XNOR_:15;$_XOR_:44,a4b31f651021a09ba46c649a3f32256a9e4cd06523f513d17b8359097f5ba6f4
fir4,fir4_grouped,4,synth_arith_tree,0,0.472821,work/ys_scripts/fir4_fir4_grouped_synth_arith_tree_w4.ys,logs/synthesis/fir4_fir4_grouped_synth_arith_tree_w4.log,work/flows/fir4/fir4_grouped_synth_arith_tree_w4.json,work/flows/fir4/fir4_grouped_synth_arith_tree_w4.rtlil,work/flows/fir4/fir4_grouped_synth_arith_tree_w4.v,OK,fir4_grouped,156,5,0,$_ANDNOT_:9;$_AND_:19;$_MUX_:5;$_NAND_:51;$_NOR_:5;$_NOT_:3;$_ORNOT_:7;$_OR_:9;$_XNOR_:18;$_XOR_:30,e948149ec93eaa50df4606cb0afa536708e332fa5e8711e25c2f4ef735515fd9
fir4,fir4_grouped,4,map_default,0,0.566262,work/ys_scripts/fir4_fir4_grouped_map_default_w4.ys,logs/synthesis/fir4_fir4_grouped_map_default_w4.log,work/flows/fir4/fir4_grouped_map_default_w4.json,work/flows/fir4/fir4_grouped_map_default_w4.rtlil,work/flows/fir4/fir4_grouped_map_default_w4.v,OK,fir4_grouped,145,1,0,$_ANDNOT_:5;$_AND_:18;$_MUX_:1;$_NAND_:56;$_NOR_:3;$_ORNOT_:2;$_OR_:1;$_XNOR_:15;$_XOR_:44,a4b31f651021a09ba46c649a3f32256a9e4cd06523f513d17b8359097f5ba6f4
fir4,fir4_grouped,4,map_simple,0,0.487716,work/ys_scripts/fir4_fir4_grouped_map_simple_w4.ys,logs/synthesis/fir4_fir4_grouped_map_simple_w4.log,work/flows/fir4/fir4_grouped_map_simple_w4.json,work/flows/fir4/fir4_grouped_map_simple_w4.rtlil,work/flows/fir4/fir4_grouped_map_simple_w4.v,OK,fir4_grouped,164,1,0,$_AND_:55;$_MUX_:1;$_NOT_:17;$_OR_:30;$_XOR_:61,ae9af75843dd995e512f5d12d3057c87289c1f624bed069d6aeee75ec9def728
fir4,fir4_grouped,4,map_gates,0,0.438454,work/ys_scripts/fir4_fir4_grouped_map_gates_w4.ys,logs/synthesis/fir4_fir4_grouped_map_gates_w4.log,work/flows/fir4/fir4_grouped_map_gates_w4.json,work/flows/fir4/fir4_grouped_map_gates_w4.rtlil,work/flows/fir4/fir4_grouped_map_gates_w4.v,OK,fir4_grouped,147,0,0,$_ANDNOT_:5;$_AND_:20;$_NAND_:56;$_NOR_:3;$_ORNOT_:2;$_OR_:2;$_XNOR_:13;$_XOR_:46,134e0a7137a3765ff1616ee6293ecc004752d96f32782caa12ec3434759d02e5
fir4,fir4_grouped,8,synth_normal,0,0.430629,work/ys_scripts/fir4_fir4_grouped_synth_normal_w8.ys,logs/synthesis/fir4_fir4_grouped_synth_normal_w8.log,work/flows/fir4/fir4_grouped_synth_normal_w8.json,work/flows/fir4/fir4_grouped_synth_normal_w8.rtlil,work/flows/fir4/fir4_grouped_synth_normal_w8.v,OK,fir4_grouped,270,1,0,$_ANDNOT_:16;$_AND_:32;$_MUX_:1;$_NAND_:96;$_NOR_:3;$_ORNOT_:2;$_OR_:10;$_XNOR_:35;$_XOR_:75,b39631d84ff95419892c2e97357cf972f72a84b88f363b9392d25cd533802ae7
fir4,fir4_grouped,8,synth_arith_tree,0,0.519762,work/ys_scripts/fir4_fir4_grouped_synth_arith_tree_w8.ys,logs/synthesis/fir4_fir4_grouped_synth_arith_tree_w8.log,work/flows/fir4/fir4_grouped_synth_arith_tree_w8.json,work/flows/fir4/fir4_grouped_synth_arith_tree_w8.rtlil,work/flows/fir4/fir4_grouped_synth_arith_tree_w8.v,OK,fir4_grouped,330,9,0,$_ANDNOT_:26;$_AND_:34;$_MUX_:9;$_NAND_:106;$_NOR_:13;$_NOT_:1;$_ORNOT_:9;$_OR_:9;$_XNOR_:41;$_XOR_:82,6bb6d0ef0a691c9ec369555ea29bffe376d87b975e96d0736ab0f9fffba9fa35
fir4,fir4_grouped,8,map_default,0,0.466551,work/ys_scripts/fir4_fir4_grouped_map_default_w8.ys,logs/synthesis/fir4_fir4_grouped_map_default_w8.log,work/flows/fir4/fir4_grouped_map_default_w8.json,work/flows/fir4/fir4_grouped_map_default_w8.rtlil,work/flows/fir4/fir4_grouped_map_default_w8.v,OK,fir4_grouped,270,1,0,$_ANDNOT_:16;$_AND_:32;$_MUX_:1;$_NAND_:96;$_NOR_:3;$_ORNOT_:2;$_OR_:10;$_XNOR_:35;$_XOR_:75,b39631d84ff95419892c2e97357cf972f72a84b88f363b9392d25cd533802ae7
fir4,fir4_grouped,8,map_simple,0,0.494586,work/ys_scripts/fir4_fir4_grouped_map_simple_w8.ys,logs/synthesis/fir4_fir4_grouped_map_simple_w8.log,work/flows/fir4/fir4_grouped_map_simple_w8.json,work/flows/fir4/fir4_grouped_map_simple_w8.rtlil,work/flows/fir4/fir4_grouped_map_simple_w8.v,OK,fir4_grouped,301,1,0,$_AND_:103;$_MUX_:1;$_NOT_:26;$_OR_:57;$_XOR_:114,2a21aff00165069643b757690e8b2a5af51558b678fb92e487f1c358906aa554
fir4,fir4_grouped,8,map_gates,0,0.426621,work/ys_scripts/fir4_fir4_grouped_map_gates_w8.ys,logs/synthesis/fir4_fir4_grouped_map_gates_w8.log,work/flows/fir4/fir4_grouped_map_gates_w8.json,work/flows/fir4/fir4_grouped_map_gates_w8.rtlil,work/flows/fir4/fir4_grouped_map_gates_w8.v,OK,fir4_grouped,272,0,0,$_ANDNOT_:16;$_AND_:34;$_NAND_:96;$_NOR_:3;$_ORNOT_:2;$_OR_:11;$_XNOR_:33;$_XOR_:77,2d90299cd54502fe04dd049fbc8f0a2e815fb6ab87a79814a6407e1735176168
fir4,fir4_grouped,16,synth_normal,0,0.542979,work/ys_scripts/fir4_fir4_grouped_synth_normal_w16.ys,logs/synthesis/fir4_fir4_grouped_synth_normal_w16.log,work/flows/fir4/fir4_grouped_synth_normal_w16.json,work/flows/fir4/fir4_grouped_synth_normal_w16.rtlil,work/flows/fir4/fir4_grouped_synth_normal_w16.v,OK,fir4_grouped,518,1,0,$_ANDNOT_:38;$_AND_:61;$_MUX_:1;$_NAND_:174;$_NOR_:3;$_ORNOT_:2;$_OR_:25;$_XNOR_:72;$_XOR_:142,b07d33def5e9d941b63b2098044251ff2c8ca0810c4f2bce2fa503f881486c54
fir4,fir4_grouped,16,synth_arith_tree,0,0.635873,work/ys_scripts/fir4_fir4_grouped_synth_arith_tree_w16.ys,logs/synthesis/fir4_fir4_grouped_synth_arith_tree_w16.log,work/flows/fir4/fir4_grouped_synth_arith_tree_w16.json,work/flows/fir4/fir4_grouped_synth_arith_tree_w16.rtlil,work/flows/fir4/fir4_grouped_synth_arith_tree_w16.v,OK,fir4_grouped,713,10,0,$_ANDNOT_:47;$_AND_:80;$_MUX_:10;$_NAND_:236;$_NOR_:16;$_NOT_:2;$_ORNOT_:26;$_OR_:20;$_XNOR_:88;$_XOR_:188,4535226c453f10b9f3e7823cb0b4d60c1dc316f2f202d0154ba8c5a378a7329d
fir4,fir4_grouped,16,map_default,0,0.579948,work/ys_scripts/fir4_fir4_grouped_map_default_w16.ys,logs/synthesis/fir4_fir4_grouped_map_default_w16.log,work/flows/fir4/fir4_grouped_map_default_w16.json,work/flows/fir4/fir4_grouped_map_default_w16.rtlil,work/flows/fir4/fir4_grouped_map_default_w16.v,OK,fir4_grouped,518,1,0,$_ANDNOT_:38;$_AND_:61;$_MUX_:1;$_NAND_:174;$_NOR_:3;$_ORNOT_:2;$_OR_:25;$_XNOR_:72;$_XOR_:142,b07d33def5e9d941b63b2098044251ff2c8ca0810c4f2bce2fa503f881486c54
fir4,fir4_grouped,16,map_simple,0,0.495998,work/ys_scripts/fir4_fir4_grouped_map_simple_w16.ys,logs/synthesis/fir4_fir4_grouped_map_simple_w16.log,work/flows/fir4/fir4_grouped_map_simple_w16.json,work/flows/fir4/fir4_grouped_map_simple_w16.rtlil,work/flows/fir4/fir4_grouped_map_simple_w16.v,OK,fir4_grouped,567,1,0,$_AND_:200;$_MUX_:1;$_NOT_:42;$_OR_:106;$_XOR_:218,3c85bedcb3f6de6a20836217a7012d6dc060edbb2cad77abd1ccb575e56c2fc8
fir4,fir4_grouped,16,map_gates,0,0.521869,work/ys_scripts/fir4_fir4_grouped_map_gates_w16.ys,logs/synthesis/fir4_fir4_grouped_map_gates_w16.log,work/flows/fir4/fir4_grouped_map_gates_w16.json,work/flows/fir4/fir4_grouped_map_gates_w16.rtlil,work/flows/fir4/fir4_grouped_map_gates_w16.v,OK,fir4_grouped,520,0,0,$_ANDNOT_:38;$_AND_:63;$_NAND_:174;$_NOR_:3;$_ORNOT_:2;$_OR_:26;$_XNOR_:70;$_XOR_:144,d3d73a215aa9e77b60ac36c31959792ea3b7cdf8093ccb0e55785be6f57ae340
mapping,mapping_datapath,8,synth_normal,0,0.506626,work/ys_scripts/mapping_mapping_datapath_synth_normal_w8.ys,logs/synthesis/mapping_mapping_datapath_synth_normal_w8.log,work/flows/mapping/mapping_datapath_synth_normal_w8.json,work/flows/mapping/mapping_datapath_synth_normal_w8.rtlil,work/flows/mapping/mapping_datapath_synth_normal_w8.v,OK,mapping_datapath,178,14,0,$_ANDNOT_:1;$_AND_:12;$_MUX_:14;$_NAND_:71;$_NOR_:3;$_ORNOT_:8;$_OR_:9;$_XNOR_:44;$_XOR_:16,e6456bf0b7764975f657d2de01ea9a395bb69f12f67d14ae7bd1c402fa616f89
mapping,mapping_datapath,8,map_default,0,0.390252,work/ys_scripts/mapping_mapping_datapath_map_default_w8.ys,logs/synthesis/mapping_mapping_datapath_map_default_w8.log,work/flows/mapping/mapping_datapath_map_default_w8.json,work/flows/mapping/mapping_datapath_map_default_w8.rtlil,work/flows/mapping/mapping_datapath_map_default_w8.v,OK,mapping_datapath,178,14,0,$_ANDNOT_:1;$_AND_:12;$_MUX_:14;$_NAND_:71;$_NOR_:3;$_ORNOT_:8;$_OR_:9;$_XNOR_:44;$_XOR_:16,e6456bf0b7764975f657d2de01ea9a395bb69f12f67d14ae7bd1c402fa616f89
mapping,mapping_datapath,8,map_simple,0,0.371700,work/ys_scripts/mapping_mapping_datapath_map_simple_w8.ys,logs/synthesis/mapping_mapping_datapath_map_simple_w8.log,work/flows/mapping/mapping_datapath_map_simple_w8.json,work/flows/mapping/mapping_datapath_map_simple_w8.rtlil,work/flows/mapping/mapping_datapath_map_simple_w8.v,OK,mapping_datapath,198,14,0,$_AND_:60;$_MUX_:14;$_NOT_:19;$_OR_:44;$_XOR_:61,a2bbfa0dba52dc3ad6abfaa7dd91542fe46a8e496c3d454dedf35ca8b0e0039c
mapping,mapping_datapath,8,map_gates,0,0.445170,work/ys_scripts/mapping_mapping_datapath_map_gates_w8.ys,logs/synthesis/mapping_mapping_datapath_map_gates_w8.log,work/flows/mapping/mapping_datapath_map_gates_w8.json,work/flows/mapping/mapping_datapath_map_gates_w8.rtlil,work/flows/mapping/mapping_datapath_map_gates_w8.v,OK,mapping_datapath,207,0,0,$_ANDNOT_:1;$_AND_:10;$_NAND_:105;$_NOR_:1;$_NOT_:1;$_ORNOT_:8;$_OR_:21;$_XNOR_:33;$_XOR_:27,991f79ed5baf6cc49fb1a4b13e3efac751976c50df3be067b159fc5a8d4d3937
mapping,mapping_datapath,16,synth_normal,0,0.447679,work/ys_scripts/mapping_mapping_datapath_synth_normal_w16.ys,logs/synthesis/mapping_mapping_datapath_synth_normal_w16.log,work/flows/mapping/mapping_datapath_synth_normal_w16.json,work/flows/mapping/mapping_datapath_synth_normal_w16.rtlil,work/flows/mapping/mapping_datapath_synth_normal_w16.v,OK,mapping_datapath,378,26,0,$_AND_:29;$_MUX_:26;$_NAND_:159;$_NOR_:2;$_ORNOT_:17;$_OR_:30;$_XNOR_:78;$_XOR_:37,6d9db701c085e0e99bb28c151f606cb6b25bd41ff03669a05d60f6be4e0d2cd8
mapping,mapping_datapath,16,map_default,0,0.437522,work/ys_scripts/mapping_mapping_datapath_map_default_w16.ys,logs/synthesis/mapping_mapping_datapath_map_default_w16.log,work/flows/mapping/mapping_datapath_map_default_w16.json,work/flows/mapping/mapping_datapath_map_default_w16.rtlil,work/flows/mapping/mapping_datapath_map_default_w16.v,OK,mapping_datapath,378,26,0,$_AND_:29;$_MUX_:26;$_NAND_:159;$_NOR_:2;$_ORNOT_:17;$_OR_:30;$_XNOR_:78;$_XOR_:37,6d9db701c085e0e99bb28c151f606cb6b25bd41ff03669a05d60f6be4e0d2cd8
mapping,mapping_datapath,16,map_simple,0,0.445407,work/ys_scripts/mapping_mapping_datapath_map_simple_w16.ys,logs/synthesis/mapping_mapping_datapath_map_simple_w16.log,work/flows/mapping/mapping_datapath_map_simple_w16.json,work/flows/mapping/mapping_datapath_map_simple_w16.rtlil,work/flows/mapping/mapping_datapath_map_simple_w16.v,OK,mapping_datapath,474,26,0,$_AND_:152;$_MUX_:26;$_NOT_:48;$_OR_:124;$_XOR_:124,dd89ca45a1134ebd34047fe55b0023fd9dfd7843919bd5a34a968fa8761b6582
mapping,mapping_datapath,16,map_gates,0,0.395219,work/ys_scripts/mapping_mapping_datapath_map_gates_w16.ys,logs/synthesis/mapping_mapping_datapath_map_gates_w16.log,work/flows/mapping/mapping_datapath_map_gates_w16.json,work/flows/mapping/mapping_datapath_map_gates_w16.rtlil,work/flows/mapping/mapping_datapath_map_gates_w16.v,OK,mapping_datapath,432,0,0,$_ANDNOT_:2;$_AND_:28;$_NAND_:230;$_NOT_:2;$_ORNOT_:17;$_OR_:38;$_XNOR_:63;$_XOR_:52,5257fec73794111a8f0bed3965b784dded4d03963c23a1f0effe70f3bc105720
mapping,mapping_datapath,32,synth_normal,0,0.593258,work/ys_scripts/mapping_mapping_datapath_synth_normal_w32.ys,logs/synthesis/mapping_mapping_datapath_synth_normal_w32.log,work/flows/mapping/mapping_datapath_synth_normal_w32.json,work/flows/mapping/mapping_datapath_synth_normal_w32.rtlil,work/flows/mapping/mapping_datapath_synth_normal_w32.v,OK,mapping_datapath,776,56,0,$_ANDNOT_:1;$_AND_:68;$_MUX_:56;$_NAND_:325;$_NOR_:1;$_ORNOT_:42;$_OR_:66;$_XNOR_:148;$_XOR_:69,7468d2ba256f04df6cd47ef40a3f44953e7b270ebbeebc0e72cfcb97ff4f346d
mapping,mapping_datapath,32,map_default,0,0.496656,work/ys_scripts/mapping_mapping_datapath_map_default_w32.ys,logs/synthesis/mapping_mapping_datapath_map_default_w32.log,work/flows/mapping/mapping_datapath_map_default_w32.json,work/flows/mapping/mapping_datapath_map_default_w32.rtlil,work/flows/mapping/mapping_datapath_map_default_w32.v,OK,mapping_datapath,776,56,0,$_ANDNOT_:1;$_AND_:68;$_MUX_:56;$_NAND_:325;$_NOR_:1;$_ORNOT_:42;$_OR_:66;$_XNOR_:148;$_XOR_:69,7468d2ba256f04df6cd47ef40a3f44953e7b270ebbeebc0e72cfcb97ff4f346d
mapping,mapping_datapath,32,map_simple,0,0.516756,work/ys_scripts/mapping_mapping_datapath_map_simple_w32.ys,logs/synthesis/mapping_mapping_datapath_map_simple_w32.log,work/flows/mapping/mapping_datapath_map_simple_w32.json,work/flows/mapping/mapping_datapath_map_simple_w32.rtlil,work/flows/mapping/mapping_datapath_map_simple_w32.v,OK,mapping_datapath,844,56,0,$_AND_:270;$_MUX_:56;$_NOT_:56;$_OR_:210;$_XOR_:252,7cb3f32636e6926cda0c72f22b0575a98af0e7cf43650142ef774010f1933170
mapping,mapping_datapath,32,map_gates,0,0.531733,work/ys_scripts/mapping_mapping_datapath_map_gates_w32.ys,logs/synthesis/mapping_mapping_datapath_map_gates_w32.log,work/flows/mapping/mapping_datapath_map_gates_w32.json,work/flows/mapping/mapping_datapath_map_gates_w32.rtlil,work/flows/mapping/mapping_datapath_map_gates_w32.v,OK,mapping_datapath,889,0,0,$_ANDNOT_:1;$_AND_:49;$_NAND_:468;$_NOR_:1;$_NOT_:1;$_ORNOT_:48;$_OR_:104;$_XNOR_:114;$_XOR_:103,0ec2f4302b0310bebfd3757b4217dcd97f5a9a49e60b6d043d7066418a1f0f71
resource_share,multi_operator,16,early,0,0.237749,work/ys_scripts/resource_share_multi_operator_early_w16.ys,logs/synthesis/resource_share_multi_operator_early_w16.log,work/flows/resource_share/multi_operator_early_w16.json,work/flows/resource_share/multi_operator_early_w16.rtlil,,OK,multi_operator,16,6,10,$add:4;$lt:2;$mux:6;$shl:1;$shr:1;$sub:2,90d569bfcc3c0847a48f387514c9140b98b6067fd817155b99a60ea4133326fd
resource_share,multi_operator,16,opt_share,0,0.227059,work/ys_scripts/resource_share_multi_operator_opt_share_w16.ys,logs/synthesis/resource_share_multi_operator_opt_share_w16.log,work/flows/resource_share/multi_operator_opt_share_w16.json,work/flows/resource_share/multi_operator_opt_share_w16.rtlil,,OK,multi_operator,16,10,6,$add:2;$lt:1;$mux:10;$shl:1;$shr:1;$sub:1,d4cea87d6e0284fdfee07280425b25182c3f1fe37e2df2dd3628961a0709c1a6
resource_share,multi_operator,16,explicit_share,0,0.211349,work/ys_scripts/resource_share_multi_operator_explicit_share_w16.ys,logs/synthesis/resource_share_multi_operator_explicit_share_w16.log,work/flows/resource_share/multi_operator_explicit_share_w16.json,work/flows/resource_share/multi_operator_explicit_share_w16.rtlil,,OK,multi_operator,16,6,10,$add:4;$lt:2;$mux:6;$shl:1;$shr:1;$sub:2,90d569bfcc3c0847a48f387514c9140b98b6067fd817155b99a60ea4133326fd
resource_share,multi_operator,16,explicit_share_aggressive,0,0.286486,work/ys_scripts/resource_share_multi_operator_explicit_share_aggressive_w16.ys,logs/synthesis/resource_share_multi_operator_explicit_share_aggressive_w16.log,work/flows/resource_share/multi_operator_explicit_share_aggressive_w16.json,work/flows/resource_share/multi_operator_explicit_share_aggressive_w16.rtlil,,OK,multi_operator,24,14,10,$add:2;$eq:4;$lt:1;$mux:14;$shl:1;$shr:1;$sub:1,ae1bdb4e979580a0f69fc03671d252471d9e4fbc3f5c236e3de05a49c99ea74b
resource_share,multi_operator,16,synth_noshare,0,0.533306,work/ys_scripts/resource_share_multi_operator_synth_noshare_w16.ys,logs/synthesis/resource_share_multi_operator_synth_noshare_w16.log,work/flows/resource_share/multi_operator_synth_noshare_w16.json,work/flows/resource_share/multi_operator_synth_noshare_w16.rtlil,,OK,multi_operator,642,137,0,$_ANDNOT_:24;$_AND_:107;$_MUX_:137;$_NAND_:155;$_NOR_:4;$_NOT_:2;$_ORNOT_:65;$_OR_:63;$_XNOR_:51;$_XOR_:34,81e5232be35f8a39949cbbadb609533bc48eef5308ee08b8acffd26177c9b29f
resource_share,multi_operator,16,synth_normal,0,0.485564,work/ys_scripts/resource_share_multi_operator_synth_normal_w16.ys,logs/synthesis/resource_share_multi_operator_synth_normal_w16.log,work/flows/resource_share/multi_operator_synth_normal_w16.json,work/flows/resource_share/multi_operator_synth_normal_w16.rtlil,work/flows/resource_share/multi_operator_synth_normal_w16.v,OK,multi_operator,642,137,0,$_ANDNOT_:24;$_AND_:107;$_MUX_:137;$_NAND_:155;$_NOR_:4;$_NOT_:2;$_ORNOT_:65;$_OR_:63;$_XNOR_:51;$_XOR_:34,81e5232be35f8a39949cbbadb609533bc48eef5308ee08b8acffd26177c9b29f
