case,top,width,flow,returncode,runtime_seconds,script,log,json,rtlil,verilog
arith_tree,add_chain,4,synth_normal,0,0.420605,work/ys_scripts/arith_tree_add_chain_synth_normal_w4.ys,logs/synthesis/arith_tree_add_chain_synth_normal_w4.log,work/flows/arith_tree/add_chain_synth_normal_w4.json,work/flows/arith_tree/add_chain_synth_normal_w4.rtlil,work/flows/arith_tree/add_chain_synth_normal_w4.v
arith_tree,add_chain,4,synth_arith_tree,0,0.441039,work/ys_scripts/arith_tree_add_chain_synth_arith_tree_w4.ys,logs/synthesis/arith_tree_add_chain_synth_arith_tree_w4.log,work/flows/arith_tree/add_chain_synth_arith_tree_w4.json,work/flows/arith_tree/add_chain_synth_arith_tree_w4.rtlil,work/flows/arith_tree/add_chain_synth_arith_tree_w4.v
arith_tree,add_chain,4,map_default,0,0.400620,work/ys_scripts/arith_tree_add_chain_map_default_w4.ys,logs/synthesis/arith_tree_add_chain_map_default_w4.log,work/flows/arith_tree/add_chain_map_default_w4.json,work/flows/arith_tree/add_chain_map_default_w4.rtlil,work/flows/arith_tree/add_chain_map_default_w4.v
arith_tree,add_chain,4,map_simple,0,0.391550,work/ys_scripts/arith_tree_add_chain_map_simple_w4.ys,logs/synthesis/arith_tree_add_chain_map_simple_w4.log,work/flows/arith_tree/add_chain_map_simple_w4.json,work/flows/arith_tree/add_chain_map_simple_w4.rtlil,work/flows/arith_tree/add_chain_map_simple_w4.v
arith_tree,add_chain,4,map_gates,0,0.354380,work/ys_scripts/arith_tree_add_chain_map_gates_w4.ys,logs/synthesis/arith_tree_add_chain_map_gates_w4.log,work/flows/arith_tree/add_chain_map_gates_w4.json,work/flows/arith_tree/add_chain_map_gates_w4.rtlil,work/flows/arith_tree/add_chain_map_gates_w4.v
arith_tree,add_chain,8,synth_normal,0,0.342299,work/ys_scripts/arith_tree_add_chain_synth_normal_w8.ys,logs/synthesis/arith_tree_add_chain_synth_normal_w8.log,work/flows/arith_tree/add_chain_synth_normal_w8.json,work/flows/arith_tree/add_chain_synth_normal_w8.rtlil,work/flows/arith_tree/add_chain_synth_normal_w8.v
arith_tree,add_chain,8,synth_arith_tree,0,0.371404,work/ys_scripts/arith_tree_add_chain_synth_arith_tree_w8.ys,logs/synthesis/arith_tree_add_chain_synth_arith_tree_w8.log,work/flows/arith_tree/add_chain_synth_arith_tree_w8.json,work/flows/arith_tree/add_chain_synth_arith_tree_w8.rtlil,work/flows/arith_tree/add_chain_synth_arith_tree_w8.v
arith_tree,add_chain,8,map_default,0,0.372786,work/ys_scripts/arith_tree_add_chain_map_default_w8.ys,logs/synthesis/arith_tree_add_chain_map_default_w8.log,work/flows/arith_tree/add_chain_map_default_w8.json,work/flows/arith_tree/add_chain_map_default_w8.rtlil,work/flows/arith_tree/add_chain_map_default_w8.v
arith_tree,add_chain,8,map_simple,0,0.386509,work/ys_scripts/arith_tree_add_chain_map_simple_w8.ys,logs/synthesis/arith_tree_add_chain_map_simple_w8.log,work/flows/arith_tree/add_chain_map_simple_w8.json,work/flows/arith_tree/add_chain_map_simple_w8.rtlil,work/flows/arith_tree/add_chain_map_simple_w8.v
arith_tree,add_chain,8,map_gates,0,0.341751,work/ys_scripts/arith_tree_add_chain_map_gates_w8.ys,logs/synthesis/arith_tree_add_chain_map_gates_w8.log,work/flows/arith_tree/add_chain_map_gates_w8.json,work/flows/arith_tree/add_chain_map_gates_w8.rtlil,work/flows/arith_tree/add_chain_map_gates_w8.v
arith_tree,add_chain,16,synth_normal,0,0.367654,work/ys_scripts/arith_tree_add_chain_synth_normal_w16.ys,logs/synthesis/arith_tree_add_chain_synth_normal_w16.log,work/flows/arith_tree/add_chain_synth_normal_w16.json,work/flows/arith_tree/add_chain_synth_normal_w16.rtlil,work/flows/arith_tree/add_chain_synth_normal_w16.v
arith_tree,add_chain,16,synth_arith_tree,0,0.397703,work/ys_scripts/arith_tree_add_chain_synth_arith_tree_w16.ys,logs/synthesis/arith_tree_add_chain_synth_arith_tree_w16.log,work/flows/arith_tree/add_chain_synth_arith_tree_w16.json,work/flows/arith_tree/add_chain_synth_arith_tree_w16.rtlil,work/flows/arith_tree/add_chain_synth_arith_tree_w16.v
arith_tree,add_chain,16,map_default,0,0.391637,work/ys_scripts/arith_tree_add_chain_map_default_w16.ys,logs/synthesis/arith_tree_add_chain_map_default_w16.log,work/flows/arith_tree/add_chain_map_default_w16.json,work/flows/arith_tree/add_chain_map_default_w16.rtlil,work/flows/arith_tree/add_chain_map_default_w16.v
arith_tree,add_chain,16,map_simple,0,0.419960,work/ys_scripts/arith_tree_add_chain_map_simple_w16.ys,logs/synthesis/arith_tree_add_chain_map_simple_w16.log,work/flows/arith_tree/add_chain_map_simple_w16.json,work/flows/arith_tree/add_chain_map_simple_w16.rtlil,work/flows/arith_tree/add_chain_map_simple_w16.v
arith_tree,add_chain,16,map_gates,0,0.428467,work/ys_scripts/arith_tree_add_chain_map_gates_w16.ys,logs/synthesis/arith_tree_add_chain_map_gates_w16.log,work/flows/arith_tree/add_chain_map_gates_w16.json,work/flows/arith_tree/add_chain_map_gates_w16.rtlil,work/flows/arith_tree/add_chain_map_gates_w16.v
arith_tree,add_chain,32,synth_normal,0,0.486262,work/ys_scripts/arith_tree_add_chain_synth_normal_w32.ys,logs/synthesis/arith_tree_add_chain_synth_normal_w32.log,work/flows/arith_tree/add_chain_synth_normal_w32.json,work/flows/arith_tree/add_chain_synth_normal_w32.rtlil,work/flows/arith_tree/add_chain_synth_normal_w32.v
arith_tree,add_chain,32,synth_arith_tree,0,0.556588,work/ys_scripts/arith_tree_add_chain_synth_arith_tree_w32.ys,logs/synthesis/arith_tree_add_chain_synth_arith_tree_w32.log,work/flows/arith_tree/add_chain_synth_arith_tree_w32.json,work/flows/arith_tree/add_chain_synth_arith_tree_w32.rtlil,work/flows/arith_tree/add_chain_synth_arith_tree_w32.v
arith_tree,add_chain,32,map_default,0,0.533789,work/ys_scripts/arith_tree_add_chain_map_default_w32.ys,logs/synthesis/arith_tree_add_chain_map_default_w32.log,work/flows/arith_tree/add_chain_map_default_w32.json,work/flows/arith_tree/add_chain_map_default_w32.rtlil,work/flows/arith_tree/add_chain_map_default_w32.v
arith_tree,add_chain,32,map_simple,0,0.485961,work/ys_scripts/arith_tree_add_chain_map_simple_w32.ys,logs/synthesis/arith_tree_add_chain_map_simple_w32.log,work/flows/arith_tree/add_chain_map_simple_w32.json,work/flows/arith_tree/add_chain_map_simple_w32.rtlil,work/flows/arith_tree/add_chain_map_simple_w32.v
arith_tree,add_chain,32,map_gates,0,0.469367,work/ys_scripts/arith_tree_add_chain_map_gates_w32.ys,logs/synthesis/arith_tree_add_chain_map_gates_w32.log,work/flows/arith_tree/add_chain_map_gates_w32.json,work/flows/arith_tree/add_chain_map_gates_w32.rtlil,work/flows/arith_tree/add_chain_map_gates_w32.v
arith_tree,add_chain,64,synth_normal,0,0.681124,work/ys_scripts/arith_tree_add_chain_synth_normal_w64.ys,logs/synthesis/arith_tree_add_chain_synth_normal_w64.log,work/flows/arith_tree/add_chain_synth_normal_w64.json,work/flows/arith_tree/add_chain_synth_normal_w64.rtlil,work/flows/arith_tree/add_chain_synth_normal_w64.v
arith_tree,add_chain,64,synth_arith_tree,0,0.665777,work/ys_scripts/arith_tree_add_chain_synth_arith_tree_w64.ys,logs/synthesis/arith_tree_add_chain_synth_arith_tree_w64.log,work/flows/arith_tree/add_chain_synth_arith_tree_w64.json,work/flows/arith_tree/add_chain_synth_arith_tree_w64.rtlil,work/flows/arith_tree/add_chain_synth_arith_tree_w64.v
arith_tree,add_chain,64,map_default,0,0.627915,work/ys_scripts/arith_tree_add_chain_map_default_w64.ys,logs/synthesis/arith_tree_add_chain_map_default_w64.log,work/flows/arith_tree/add_chain_map_default_w64.json,work/flows/arith_tree/add_chain_map_default_w64.rtlil,work/flows/arith_tree/add_chain_map_default_w64.v
arith_tree,add_chain,64,map_simple,0,0.617690,work/ys_scripts/arith_tree_add_chain_map_simple_w64.ys,logs/synthesis/arith_tree_add_chain_map_simple_w64.log,work/flows/arith_tree/add_chain_map_simple_w64.json,work/flows/arith_tree/add_chain_map_simple_w64.rtlil,work/flows/arith_tree/add_chain_map_simple_w64.v
arith_tree,add_chain,64,map_gates,0,0.654074,work/ys_scripts/arith_tree_add_chain_map_gates_w64.ys,logs/synthesis/arith_tree_add_chain_map_gates_w64.log,work/flows/arith_tree/add_chain_map_gates_w64.json,work/flows/arith_tree/add_chain_map_gates_w64.rtlil,work/flows/arith_tree/add_chain_map_gates_w64.v
arith_tree,add_balanced,4,synth_normal,0,0.374921,work/ys_scripts/arith_tree_add_balanced_synth_normal_w4.ys,logs/synthesis/arith_tree_add_balanced_synth_normal_w4.log,work/flows/arith_tree/add_balanced_synth_normal_w4.json,work/flows/arith_tree/add_balanced_synth_normal_w4.rtlil,work/flows/arith_tree/add_balanced_synth_normal_w4.v
arith_tree,add_balanced,4,synth_arith_tree,0,0.345194,work/ys_scripts/arith_tree_add_balanced_synth_arith_tree_w4.ys,logs/synthesis/arith_tree_add_balanced_synth_arith_tree_w4.log,work/flows/arith_tree/add_balanced_synth_arith_tree_w4.json,work/flows/arith_tree/add_balanced_synth_arith_tree_w4.rtlil,work/flows/arith_tree/add_balanced_synth_arith_tree_w4.v
arith_tree,add_balanced,4,map_default,0,0.416201,work/ys_scripts/arith_tree_add_balanced_map_default_w4.ys,logs/synthesis/arith_tree_add_balanced_map_default_w4.log,work/flows/arith_tree/add_balanced_map_default_w4.json,work/flows/arith_tree/add_balanced_map_default_w4.rtlil,work/flows/arith_tree/add_balanced_map_default_w4.v
arith_tree,add_balanced,4,map_simple,0,0.370334,work/ys_scripts/arith_tree_add_balanced_map_simple_w4.ys,logs/synthesis/arith_tree_add_balanced_map_simple_w4.log,work/flows/arith_tree/add_balanced_map_simple_w4.json,work/flows/arith_tree/add_balanced_map_simple_w4.rtlil,work/flows/arith_tree/add_balanced_map_simple_w4.v
arith_tree,add_balanced,4,map_gates,0,0.357783,work/ys_scripts/arith_tree_add_balanced_map_gates_w4.ys,logs/synthesis/arith_tree_add_balanced_map_gates_w4.log,work/flows/arith_tree/add_balanced_map_gates_w4.json,work/flows/arith_tree/add_balanced_map_gates_w4.rtlil,work/flows/arith_tree/add_balanced_map_gates_w4.v
arith_tree,add_balanced,8,synth_normal,0,0.360539,work/ys_scripts/arith_tree_add_balanced_synth_normal_w8.ys,logs/synthesis/arith_tree_add_balanced_synth_normal_w8.log,work/flows/arith_tree/add_balanced_synth_normal_w8.json,work/flows/arith_tree/add_balanced_synth_normal_w8.rtlil,work/flows/arith_tree/add_balanced_synth_normal_w8.v
arith_tree,add_balanced,8,synth_arith_tree,0,0.368459,work/ys_scripts/arith_tree_add_balanced_synth_arith_tree_w8.ys,logs/synthesis/arith_tree_add_balanced_synth_arith_tree_w8.log,work/flows/arith_tree/add_balanced_synth_arith_tree_w8.json,work/flows/arith_tree/add_balanced_synth_arith_tree_w8.rtlil,work/flows/arith_tree/add_balanced_synth_arith_tree_w8.v
arith_tree,add_balanced,8,map_default,0,0.360158,work/ys_scripts/arith_tree_add_balanced_map_default_w8.ys,logs/synthesis/arith_tree_add_balanced_map_default_w8.log,work/flows/arith_tree/add_balanced_map_default_w8.json,work/flows/arith_tree/add_balanced_map_default_w8.rtlil,work/flows/arith_tree/add_balanced_map_default_w8.v
arith_tree,add_balanced,8,map_simple,0,0.361771,work/ys_scripts/arith_tree_add_balanced_map_simple_w8.ys,logs/synthesis/arith_tree_add_balanced_map_simple_w8.log,work/flows/arith_tree/add_balanced_map_simple_w8.json,work/flows/arith_tree/add_balanced_map_simple_w8.rtlil,work/flows/arith_tree/add_balanced_map_simple_w8.v
arith_tree,add_balanced,8,map_gates,0,0.388632,work/ys_scripts/arith_tree_add_balanced_map_gates_w8.ys,logs/synthesis/arith_tree_add_balanced_map_gates_w8.log,work/flows/arith_tree/add_balanced_map_gates_w8.json,work/flows/arith_tree/add_balanced_map_gates_w8.rtlil,work/flows/arith_tree/add_balanced_map_gates_w8.v
arith_tree,add_balanced,16,synth_normal,0,0.442224,work/ys_scripts/arith_tree_add_balanced_synth_normal_w16.ys,logs/synthesis/arith_tree_add_balanced_synth_normal_w16.log,work/flows/arith_tree/add_balanced_synth_normal_w16.json,work/flows/arith_tree/add_balanced_synth_normal_w16.rtlil,work/flows/arith_tree/add_balanced_synth_normal_w16.v
arith_tree,add_balanced,16,synth_arith_tree,0,0.394349,work/ys_scripts/arith_tree_add_balanced_synth_arith_tree_w16.ys,logs/synthesis/arith_tree_add_balanced_synth_arith_tree_w16.log,work/flows/arith_tree/add_balanced_synth_arith_tree_w16.json,work/flows/arith_tree/add_balanced_synth_arith_tree_w16.rtlil,work/flows/arith_tree/add_balanced_synth_arith_tree_w16.v
arith_tree,add_balanced,16,map_default,0,0.398227,work/ys_scripts/arith_tree_add_balanced_map_default_w16.ys,logs/synthesis/arith_tree_add_balanced_map_default_w16.log,work/flows/arith_tree/add_balanced_map_default_w16.json,work/flows/arith_tree/add_balanced_map_default_w16.rtlil,work/flows/arith_tree/add_balanced_map_default_w16.v
arith_tree,add_balanced,16,map_simple,0,0.397900,work/ys_scripts/arith_tree_add_balanced_map_simple_w16.ys,logs/synthesis/arith_tree_add_balanced_map_simple_w16.log,work/flows/arith_tree/add_balanced_map_simple_w16.json,work/flows/arith_tree/add_balanced_map_simple_w16.rtlil,work/flows/arith_tree/add_balanced_map_simple_w16.v
arith_tree,add_balanced,16,map_gates,0,0.432671,work/ys_scripts/arith_tree_add_balanced_map_gates_w16.ys,logs/synthesis/arith_tree_add_balanced_map_gates_w16.log,work/flows/arith_tree/add_balanced_map_gates_w16.json,work/flows/arith_tree/add_balanced_map_gates_w16.rtlil,work/flows/arith_tree/add_balanced_map_gates_w16.v
arith_tree,add_balanced,32,synth_normal,0,0.545022,work/ys_scripts/arith_tree_add_balanced_synth_normal_w32.ys,logs/synthesis/arith_tree_add_balanced_synth_normal_w32.log,work/flows/arith_tree/add_balanced_synth_normal_w32.json,work/flows/arith_tree/add_balanced_synth_normal_w32.rtlil,work/flows/arith_tree/add_balanced_synth_normal_w32.v
arith_tree,add_balanced,32,synth_arith_tree,0,0.497130,work/ys_scripts/arith_tree_add_balanced_synth_arith_tree_w32.ys,logs/synthesis/arith_tree_add_balanced_synth_arith_tree_w32.log,work/flows/arith_tree/add_balanced_synth_arith_tree_w32.json,work/flows/arith_tree/add_balanced_synth_arith_tree_w32.rtlil,work/flows/arith_tree/add_balanced_synth_arith_tree_w32.v
arith_tree,add_balanced,32,map_default,0,0.467222,work/ys_scripts/arith_tree_add_balanced_map_default_w32.ys,logs/synthesis/arith_tree_add_balanced_map_default_w32.log,work/flows/arith_tree/add_balanced_map_default_w32.json,work/flows/arith_tree/add_balanced_map_default_w32.rtlil,work/flows/arith_tree/add_balanced_map_default_w32.v
arith_tree,add_balanced,32,map_simple,0,0.529176,work/ys_scripts/arith_tree_add_balanced_map_simple_w32.ys,logs/synthesis/arith_tree_add_balanced_map_simple_w32.log,work/flows/arith_tree/add_balanced_map_simple_w32.json,work/flows/arith_tree/add_balanced_map_simple_w32.rtlil,work/flows/arith_tree/add_balanced_map_simple_w32.v
arith_tree,add_balanced,32,map_gates,0,0.566137,work/ys_scripts/arith_tree_add_balanced_map_gates_w32.ys,logs/synthesis/arith_tree_add_balanced_map_gates_w32.log,work/flows/arith_tree/add_balanced_map_gates_w32.json,work/flows/arith_tree/add_balanced_map_gates_w32.rtlil,work/flows/arith_tree/add_balanced_map_gates_w32.v
arith_tree,add_balanced,64,synth_normal,0,0.789276,work/ys_scripts/arith_tree_add_balanced_synth_normal_w64.ys,logs/synthesis/arith_tree_add_balanced_synth_normal_w64.log,work/flows/arith_tree/add_balanced_synth_normal_w64.json,work/flows/arith_tree/add_balanced_synth_normal_w64.rtlil,work/flows/arith_tree/add_balanced_synth_normal_w64.v
arith_tree,add_balanced,64,synth_arith_tree,0,0.739361,work/ys_scripts/arith_tree_add_balanced_synth_arith_tree_w64.ys,logs/synthesis/arith_tree_add_balanced_synth_arith_tree_w64.log,work/flows/arith_tree/add_balanced_synth_arith_tree_w64.json,work/flows/arith_tree/add_balanced_synth_arith_tree_w64.rtlil,work/flows/arith_tree/add_balanced_synth_arith_tree_w64.v
arith_tree,add_balanced,64,map_default,0,0.733566,work/ys_scripts/arith_tree_add_balanced_map_default_w64.ys,logs/synthesis/arith_tree_add_balanced_map_default_w64.log,work/flows/arith_tree/add_balanced_map_default_w64.json,work/flows/arith_tree/add_balanced_map_default_w64.rtlil,work/flows/arith_tree/add_balanced_map_default_w64.v
arith_tree,add_balanced,64,map_simple,0,0.653834,work/ys_scripts/arith_tree_add_balanced_map_simple_w64.ys,logs/synthesis/arith_tree_add_balanced_map_simple_w64.log,work/flows/arith_tree/add_balanced_map_simple_w64.json,work/flows/arith_tree/add_balanced_map_simple_w64.rtlil,work/flows/arith_tree/add_balanced_map_simple_w64.v
arith_tree,add_balanced,64,map_gates,0,0.683937,work/ys_scripts/arith_tree_add_balanced_map_gates_w64.ys,logs/synthesis/arith_tree_add_balanced_map_gates_w64.log,work/flows/arith_tree/add_balanced_map_gates_w64.json,work/flows/arith_tree/add_balanced_map_gates_w64.rtlil,work/flows/arith_tree/add_balanced_map_gates_w64.v
mixed_arith,mixed_left,16,synth_normal,0,0.526161,work/ys_scripts/mixed_arith_mixed_left_synth_normal_w16.ys,logs/synthesis/mixed_arith_mixed_left_synth_normal_w16.log,work/flows/mixed_arith/mixed_left_synth_normal_w16.json,work/flows/mixed_arith/mixed_left_synth_normal_w16.rtlil,work/flows/mixed_arith/mixed_left_synth_normal_w16.v
mixed_arith,mixed_left,16,synth_arith_tree,0,0.467534,work/ys_scripts/mixed_arith_mixed_left_synth_arith_tree_w16.ys,logs/synthesis/mixed_arith_mixed_left_synth_arith_tree_w16.log,work/flows/mixed_arith/mixed_left_synth_arith_tree_w16.json,work/flows/mixed_arith/mixed_left_synth_arith_tree_w16.rtlil,work/flows/mixed_arith/mixed_left_synth_arith_tree_w16.v
mixed_arith,mixed_left,16,map_default,0,0.423094,work/ys_scripts/mixed_arith_mixed_left_map_default_w16.ys,logs/synthesis/mixed_arith_mixed_left_map_default_w16.log,work/flows/mixed_arith/mixed_left_map_default_w16.json,work/flows/mixed_arith/mixed_left_map_default_w16.rtlil,work/flows/mixed_arith/mixed_left_map_default_w16.v
mixed_arith,mixed_left,16,map_simple,0,0.399256,work/ys_scripts/mixed_arith_mixed_left_map_simple_w16.ys,logs/synthesis/mixed_arith_mixed_left_map_simple_w16.log,work/flows/mixed_arith/mixed_left_map_simple_w16.json,work/flows/mixed_arith/mixed_left_map_simple_w16.rtlil,work/flows/mixed_arith/mixed_left_map_simple_w16.v
mixed_arith,mixed_left,16,map_gates,0,0.390131,work/ys_scripts/mixed_arith_mixed_left_map_gates_w16.ys,logs/synthesis/mixed_arith_mixed_left_map_gates_w16.log,work/flows/mixed_arith/mixed_left_map_gates_w16.json,work/flows/mixed_arith/mixed_left_map_gates_w16.rtlil,work/flows/mixed_arith/mixed_left_map_gates_w16.v
mixed_arith,mixed_left,32,synth_normal,0,0.467781,work/ys_scripts/mixed_arith_mixed_left_synth_normal_w32.ys,logs/synthesis/mixed_arith_mixed_left_synth_normal_w32.log,work/flows/mixed_arith/mixed_left_synth_normal_w32.json,work/flows/mixed_arith/mixed_left_synth_normal_w32.rtlil,work/flows/mixed_arith/mixed_left_synth_normal_w32.v
mixed_arith,mixed_left,32,synth_arith_tree,0,0.483682,work/ys_scripts/mixed_arith_mixed_left_synth_arith_tree_w32.ys,logs/synthesis/mixed_arith_mixed_left_synth_arith_tree_w32.log,work/flows/mixed_arith/mixed_left_synth_arith_tree_w32.json,work/flows/mixed_arith/mixed_left_synth_arith_tree_w32.rtlil,work/flows/mixed_arith/mixed_left_synth_arith_tree_w32.v
mixed_arith,mixed_left,32,map_default,0,0.464911,work/ys_scripts/mixed_arith_mixed_left_map_default_w32.ys,logs/synthesis/mixed_arith_mixed_left_map_default_w32.log,work/flows/mixed_arith/mixed_left_map_default_w32.json,work/flows/mixed_arith/mixed_left_map_default_w32.rtlil,work/flows/mixed_arith/mixed_left_map_default_w32.v
mixed_arith,mixed_left,32,map_simple,0,0.456162,work/ys_scripts/mixed_arith_mixed_left_map_simple_w32.ys,logs/synthesis/mixed_arith_mixed_left_map_simple_w32.log,work/flows/mixed_arith/mixed_left_map_simple_w32.json,work/flows/mixed_arith/mixed_left_map_simple_w32.rtlil,work/flows/mixed_arith/mixed_left_map_simple_w32.v
mixed_arith,mixed_left,32,map_gates,0,0.540900,work/ys_scripts/mixed_arith_mixed_left_map_gates_w32.ys,logs/synthesis/mixed_arith_mixed_left_map_gates_w32.log,work/flows/mixed_arith/mixed_left_map_gates_w32.json,work/flows/mixed_arith/mixed_left_map_gates_w32.rtlil,work/flows/mixed_arith/mixed_left_map_gates_w32.v
mixed_arith,mixed_grouped,16,synth_normal,0,0.442073,work/ys_scripts/mixed_arith_mixed_grouped_synth_normal_w16.ys,logs/synthesis/mixed_arith_mixed_grouped_synth_normal_w16.log,work/flows/mixed_arith/mixed_grouped_synth_normal_w16.json,work/flows/mixed_arith/mixed_grouped_synth_normal_w16.rtlil,work/flows/mixed_arith/mixed_grouped_synth_normal_w16.v
mixed_arith,mixed_grouped,16,synth_arith_tree,0,0.471755,work/ys_scripts/mixed_arith_mixed_grouped_synth_arith_tree_w16.ys,logs/synthesis/mixed_arith_mixed_grouped_synth_arith_tree_w16.log,work/flows/mixed_arith/mixed_grouped_synth_arith_tree_w16.json,work/flows/mixed_arith/mixed_grouped_synth_arith_tree_w16.rtlil,work/flows/mixed_arith/mixed_grouped_synth_arith_tree_w16.v
mixed_arith,mixed_grouped,16,map_default,0,0.404193,work/ys_scripts/mixed_arith_mixed_grouped_map_default_w16.ys,logs/synthesis/mixed_arith_mixed_grouped_map_default_w16.log,work/flows/mixed_arith/mixed_grouped_map_default_w16.json,work/flows/mixed_arith/mixed_grouped_map_default_w16.rtlil,work/flows/mixed_arith/mixed_grouped_map_default_w16.v
mixed_arith,mixed_grouped,16,map_simple,0,0.391811,work/ys_scripts/mixed_arith_mixed_grouped_map_simple_w16.ys,logs/synthesis/mixed_arith_mixed_grouped_map_simple_w16.log,work/flows/mixed_arith/mixed_grouped_map_simple_w16.json,work/flows/mixed_arith/mixed_grouped_map_simple_w16.rtlil,work/flows/mixed_arith/mixed_grouped_map_simple_w16.v
mixed_arith,mixed_grouped,16,map_gates,0,0.392999,work/ys_scripts/mixed_arith_mixed_grouped_map_gates_w16.ys,logs/synthesis/mixed_arith_mixed_grouped_map_gates_w16.log,work/flows/mixed_arith/mixed_grouped_map_gates_w16.json,work/flows/mixed_arith/mixed_grouped_map_gates_w16.rtlil,work/flows/mixed_arith/mixed_grouped_map_gates_w16.v
mixed_arith,mixed_grouped,32,synth_normal,0,0.459923,work/ys_scripts/mixed_arith_mixed_grouped_synth_normal_w32.ys,logs/synthesis/mixed_arith_mixed_grouped_synth_normal_w32.log,work/flows/mixed_arith/mixed_grouped_synth_normal_w32.json,work/flows/mixed_arith/mixed_grouped_synth_normal_w32.rtlil,work/flows/mixed_arith/mixed_grouped_synth_normal_w32.v
mixed_arith,mixed_grouped,32,synth_arith_tree,0,0.480246,work/ys_scripts/mixed_arith_mixed_grouped_synth_arith_tree_w32.ys,logs/synthesis/mixed_arith_mixed_grouped_synth_arith_tree_w32.log,work/flows/mixed_arith/mixed_grouped_synth_arith_tree_w32.json,work/flows/mixed_arith/mixed_grouped_synth_arith_tree_w32.rtlil,work/flows/mixed_arith/mixed_grouped_synth_arith_tree_w32.v
mixed_arith,mixed_grouped,32,map_default,0,0.458660,work/ys_scripts/mixed_arith_mixed_grouped_map_default_w32.ys,logs/synthesis/mixed_arith_mixed_grouped_map_default_w32.log,work/flows/mixed_arith/mixed_grouped_map_default_w32.json,work/flows/mixed_arith/mixed_grouped_map_default_w32.rtlil,work/flows/mixed_arith/mixed_grouped_map_default_w32.v
mixed_arith,mixed_grouped,32,map_simple,0,0.539396,work/ys_scripts/mixed_arith_mixed_grouped_map_simple_w32.ys,logs/synthesis/mixed_arith_mixed_grouped_map_simple_w32.log,work/flows/mixed_arith/mixed_grouped_map_simple_w32.json,work/flows/mixed_arith/mixed_grouped_map_simple_w32.rtlil,work/flows/mixed_arith/mixed_grouped_map_simple_w32.v
mixed_arith,mixed_grouped,32,map_gates,0,0.553895,work/ys_scripts/mixed_arith_mixed_grouped_map_gates_w32.ys,logs/synthesis/mixed_arith_mixed_grouped_map_gates_w32.log,work/flows/mixed_arith/mixed_grouped_map_gates_w32.json,work/flows/mixed_arith/mixed_grouped_map_gates_w32.rtlil,work/flows/mixed_arith/mixed_grouped_map_gates_w32.v
width_trim,trim_wide,8,early,0,0.177125,work/ys_scripts/width_trim_trim_wide_early_w8.ys,logs/synthesis/width_trim_trim_wide_early_w8.log,work/flows/width_trim/trim_wide_early_w8.json,work/flows/width_trim/trim_wide_early_w8.rtlil,
width_trim,trim_wide,8,wreduce,0,0.170757,work/ys_scripts/width_trim_trim_wide_wreduce_w8.ys,logs/synthesis/width_trim_trim_wide_wreduce_w8.log,work/flows/width_trim/trim_wide_wreduce_w8.json,work/flows/width_trim/trim_wide_wreduce_w8.rtlil,
width_trim,trim_wide,8,synth_normal,0,0.374413,work/ys_scripts/width_trim_trim_wide_synth_normal_w8.ys,logs/synthesis/width_trim_trim_wide_synth_normal_w8.log,work/flows/width_trim/trim_wide_synth_normal_w8.json,work/flows/width_trim/trim_wide_synth_normal_w8.rtlil,work/flows/width_trim/trim_wide_synth_normal_w8.v
width_trim,trim_wide,16,early,0,0.168374,work/ys_scripts/width_trim_trim_wide_early_w16.ys,logs/synthesis/width_trim_trim_wide_early_w16.log,work/flows/width_trim/trim_wide_early_w16.json,work/flows/width_trim/trim_wide_early_w16.rtlil,
width_trim,trim_wide,16,wreduce,0,0.172919,work/ys_scripts/width_trim_trim_wide_wreduce_w16.ys,logs/synthesis/width_trim_trim_wide_wreduce_w16.log,work/flows/width_trim/trim_wide_wreduce_w16.json,work/flows/width_trim/trim_wide_wreduce_w16.rtlil,
width_trim,trim_wide,16,synth_normal,0,0.467904,work/ys_scripts/width_trim_trim_wide_synth_normal_w16.ys,logs/synthesis/width_trim_trim_wide_synth_normal_w16.log,work/flows/width_trim/trim_wide_synth_normal_w16.json,work/flows/width_trim/trim_wide_synth_normal_w16.rtlil,work/flows/width_trim/trim_wide_synth_normal_w16.v
width_trim,trim_wide,32,early,0,0.168054,work/ys_scripts/width_trim_trim_wide_early_w32.ys,logs/synthesis/width_trim_trim_wide_early_w32.log,work/flows/width_trim/trim_wide_early_w32.json,work/flows/width_trim/trim_wide_early_w32.rtlil,
width_trim,trim_wide,32,wreduce,0,0.184846,work/ys_scripts/width_trim_trim_wide_wreduce_w32.ys,logs/synthesis/width_trim_trim_wide_wreduce_w32.log,work/flows/width_trim/trim_wide_wreduce_w32.json,work/flows/width_trim/trim_wide_wreduce_w32.rtlil,
width_trim,trim_wide,32,synth_normal,0,0.792498,work/ys_scripts/width_trim_trim_wide_synth_normal_w32.ys,logs/synthesis/width_trim_trim_wide_synth_normal_w32.log,work/flows/width_trim/trim_wide_synth_normal_w32.json,work/flows/width_trim/trim_wide_synth_normal_w32.rtlil,work/flows/width_trim/trim_wide_synth_normal_w32.v
width_trim,trim_narrow,8,early,0,0.463601,work/ys_scripts/width_trim_trim_narrow_early_w8.ys,logs/synthesis/width_trim_trim_narrow_early_w8.log,work/flows/width_trim/trim_narrow_early_w8.json,work/flows/width_trim/trim_narrow_early_w8.rtlil,
width_trim,trim_narrow,8,wreduce,0,0.275840,work/ys_scripts/width_trim_trim_narrow_wreduce_w8.ys,logs/synthesis/width_trim_trim_narrow_wreduce_w8.log,work/flows/width_trim/trim_narrow_wreduce_w8.json,work/flows/width_trim/trim_narrow_wreduce_w8.rtlil,
width_trim,trim_narrow,8,synth_normal,0,0.468429,work/ys_scripts/width_trim_trim_narrow_synth_normal_w8.ys,logs/synthesis/width_trim_trim_narrow_synth_normal_w8.log,work/flows/width_trim/trim_narrow_synth_normal_w8.json,work/flows/width_trim/trim_narrow_synth_normal_w8.rtlil,work/flows/width_trim/trim_narrow_synth_normal_w8.v
width_trim,trim_narrow,16,early,0,0.173981,work/ys_scripts/width_trim_trim_narrow_early_w16.ys,logs/synthesis/width_trim_trim_narrow_early_w16.log,work/flows/width_trim/trim_narrow_early_w16.json,work/flows/width_trim/trim_narrow_early_w16.rtlil,
width_trim,trim_narrow,16,wreduce,0,0.212703,work/ys_scripts/width_trim_trim_narrow_wreduce_w16.ys,logs/synthesis/width_trim_trim_narrow_wreduce_w16.log,work/flows/width_trim/trim_narrow_wreduce_w16.json,work/flows/width_trim/trim_narrow_wreduce_w16.rtlil,
width_trim,trim_narrow,16,synth_normal,0,0.484460,work/ys_scripts/width_trim_trim_narrow_synth_normal_w16.ys,logs/synthesis/width_trim_trim_narrow_synth_normal_w16.log,work/flows/width_trim/trim_narrow_synth_normal_w16.json,work/flows/width_trim/trim_narrow_synth_normal_w16.rtlil,work/flows/width_trim/trim_narrow_synth_normal_w16.v
width_trim,trim_narrow,32,early,0,0.168052,work/ys_scripts/width_trim_trim_narrow_early_w32.ys,logs/synthesis/width_trim_trim_narrow_early_w32.log,work/flows/width_trim/trim_narrow_early_w32.json,work/flows/width_trim/trim_narrow_early_w32.rtlil,
width_trim,trim_narrow,32,wreduce,0,0.169929,work/ys_scripts/width_trim_trim_narrow_wreduce_w32.ys,logs/synthesis/width_trim_trim_narrow_wreduce_w32.log,work/flows/width_trim/trim_narrow_wreduce_w32.json,work/flows/width_trim/trim_narrow_wreduce_w32.rtlil,
width_trim,trim_narrow,32,synth_normal,0,0.759297,work/ys_scripts/width_trim_trim_narrow_synth_normal_w32.ys,logs/synthesis/width_trim_trim_narrow_synth_normal_w32.log,work/flows/width_trim/trim_narrow_synth_normal_w32.json,work/flows/width_trim/trim_narrow_synth_normal_w32.rtlil,work/flows/width_trim/trim_narrow_synth_normal_w32.v
fir4,fir4,4,synth_normal,0,0.442970,work/ys_scripts/fir4_fir4_synth_normal_w4.ys,logs/synthesis/fir4_fir4_synth_normal_w4.log,work/flows/fir4/fir4_synth_normal_w4.json,work/flows/fir4/fir4_synth_normal_w4.rtlil,work/flows/fir4/fir4_synth_normal_w4.v
fir4,fir4,4,synth_arith_tree,0,0.401182,work/ys_scripts/fir4_fir4_synth_arith_tree_w4.ys,logs/synthesis/fir4_fir4_synth_arith_tree_w4.log,work/flows/fir4/fir4_synth_arith_tree_w4.json,work/flows/fir4/fir4_synth_arith_tree_w4.rtlil,work/flows/fir4/fir4_synth_arith_tree_w4.v
fir4,fir4,4,map_default,0,0.455044,work/ys_scripts/fir4_fir4_map_default_w4.ys,logs/synthesis/fir4_fir4_map_default_w4.log,work/flows/fir4/fir4_map_default_w4.json,work/flows/fir4/fir4_map_default_w4.rtlil,work/flows/fir4/fir4_map_default_w4.v
fir4,fir4,4,map_simple,0,0.446824,work/ys_scripts/fir4_fir4_map_simple_w4.ys,logs/synthesis/fir4_fir4_map_simple_w4.log,work/flows/fir4/fir4_map_simple_w4.json,work/flows/fir4/fir4_map_simple_w4.rtlil,work/flows/fir4/fir4_map_simple_w4.v
fir4,fir4,4,map_gates,0,0.473721,work/ys_scripts/fir4_fir4_map_gates_w4.ys,logs/synthesis/fir4_fir4_map_gates_w4.log,work/flows/fir4/fir4_map_gates_w4.json,work/flows/fir4/fir4_map_gates_w4.rtlil,work/flows/fir4/fir4_map_gates_w4.v
fir4,fir4,8,synth_normal,0,0.470704,work/ys_scripts/fir4_fir4_synth_normal_w8.ys,logs/synthesis/fir4_fir4_synth_normal_w8.log,work/flows/fir4/fir4_synth_normal_w8.json,work/flows/fir4/fir4_synth_normal_w8.rtlil,work/flows/fir4/fir4_synth_normal_w8.v
fir4,fir4,8,synth_arith_tree,0,0.500349,work/ys_scripts/fir4_fir4_synth_arith_tree_w8.ys,logs/synthesis/fir4_fir4_synth_arith_tree_w8.log,work/flows/fir4/fir4_synth_arith_tree_w8.json,work/flows/fir4/fir4_synth_arith_tree_w8.rtlil,work/flows/fir4/fir4_synth_arith_tree_w8.v
fir4,fir4,8,map_default,0,0.470691,work/ys_scripts/fir4_fir4_map_default_w8.ys,logs/synthesis/fir4_fir4_map_default_w8.log,work/flows/fir4/fir4_map_default_w8.json,work/flows/fir4/fir4_map_default_w8.rtlil,work/flows/fir4/fir4_map_default_w8.v
fir4,fir4,8,map_simple,0,0.441595,work/ys_scripts/fir4_fir4_map_simple_w8.ys,logs/synthesis/fir4_fir4_map_simple_w8.log,work/flows/fir4/fir4_map_simple_w8.json,work/flows/fir4/fir4_map_simple_w8.rtlil,work/flows/fir4/fir4_map_simple_w8.v
fir4,fir4,8,map_gates,0,0.471371,work/ys_scripts/fir4_fir4_map_gates_w8.ys,logs/synthesis/fir4_fir4_map_gates_w8.log,work/flows/fir4/fir4_map_gates_w8.json,work/flows/fir4/fir4_map_gates_w8.rtlil,work/flows/fir4/fir4_map_gates_w8.v
fir4,fir4,16,synth_normal,0,0.539705,work/ys_scripts/fir4_fir4_synth_normal_w16.ys,logs/synthesis/fir4_fir4_synth_normal_w16.log,work/flows/fir4/fir4_synth_normal_w16.json,work/flows/fir4/fir4_synth_normal_w16.rtlil,work/flows/fir4/fir4_synth_normal_w16.v
fir4,fir4,16,synth_arith_tree,0,0.602733,work/ys_scripts/fir4_fir4_synth_arith_tree_w16.ys,logs/synthesis/fir4_fir4_synth_arith_tree_w16.log,work/flows/fir4/fir4_synth_arith_tree_w16.json,work/flows/fir4/fir4_synth_arith_tree_w16.rtlil,work/flows/fir4/fir4_synth_arith_tree_w16.v
fir4,fir4,16,map_default,0,0.520078,work/ys_scripts/fir4_fir4_map_default_w16.ys,logs/synthesis/fir4_fir4_map_default_w16.log,work/flows/fir4/fir4_map_default_w16.json,work/flows/fir4/fir4_map_default_w16.rtlil,work/flows/fir4/fir4_map_default_w16.v
fir4,fir4,16,map_simple,0,0.484064,work/ys_scripts/fir4_fir4_map_simple_w16.ys,logs/synthesis/fir4_fir4_map_simple_w16.log,work/flows/fir4/fir4_map_simple_w16.json,work/flows/fir4/fir4_map_simple_w16.rtlil,work/flows/fir4/fir4_map_simple_w16.v
fir4,fir4,16,map_gates,0,0.508709,work/ys_scripts/fir4_fir4_map_gates_w16.ys,logs/synthesis/fir4_fir4_map_gates_w16.log,work/flows/fir4/fir4_map_gates_w16.json,work/flows/fir4/fir4_map_gates_w16.rtlil,work/flows/fir4/fir4_map_gates_w16.v
fir4,fir4_grouped,4,synth_normal,0,0.487952,work/ys_scripts/fir4_fir4_grouped_synth_normal_w4.ys,logs/synthesis/fir4_fir4_grouped_synth_normal_w4.log,work/flows/fir4/fir4_grouped_synth_normal_w4.json,work/flows/fir4/fir4_grouped_synth_normal_w4.rtlil,work/flows/fir4/fir4_grouped_synth_normal_w4.v
fir4,fir4_grouped,4,synth_arith_tree,0,0.472821,work/ys_scripts/fir4_fir4_grouped_synth_arith_tree_w4.ys,logs/synthesis/fir4_fir4_grouped_synth_arith_tree_w4.log,work/flows/fir4/fir4_grouped_synth_arith_tree_w4.json,work/flows/fir4/fir4_grouped_synth_arith_tree_w4.rtlil,work/flows/fir4/fir4_grouped_synth_arith_tree_w4.v
fir4,fir4_grouped,4,map_default,0,0.566262,work/ys_scripts/fir4_fir4_grouped_map_default_w4.ys,logs/synthesis/fir4_fir4_grouped_map_default_w4.log,work/flows/fir4/fir4_grouped_map_default_w4.json,work/flows/fir4/fir4_grouped_map_default_w4.rtlil,work/flows/fir4/fir4_grouped_map_default_w4.v
fir4,fir4_grouped,4,map_simple,0,0.487716,work/ys_scripts/fir4_fir4_grouped_map_simple_w4.ys,logs/synthesis/fir4_fir4_grouped_map_simple_w4.log,work/flows/fir4/fir4_grouped_map_simple_w4.json,work/flows/fir4/fir4_grouped_map_simple_w4.rtlil,work/flows/fir4/fir4_grouped_map_simple_w4.v
fir4,fir4_grouped,4,map_gates,0,0.438454,work/ys_scripts/fir4_fir4_grouped_map_gates_w4.ys,logs/synthesis/fir4_fir4_grouped_map_gates_w4.log,work/flows/fir4/fir4_grouped_map_gates_w4.json,work/flows/fir4/fir4_grouped_map_gates_w4.rtlil,work/flows/fir4/fir4_grouped_map_gates_w4.v
fir4,fir4_grouped,8,synth_normal,0,0.430629,work/ys_scripts/fir4_fir4_grouped_synth_normal_w8.ys,logs/synthesis/fir4_fir4_grouped_synth_normal_w8.log,work/flows/fir4/fir4_grouped_synth_normal_w8.json,work/flows/fir4/fir4_grouped_synth_normal_w8.rtlil,work/flows/fir4/fir4_grouped_synth_normal_w8.v
fir4,fir4_grouped,8,synth_arith_tree,0,0.519762,work/ys_scripts/fir4_fir4_grouped_synth_arith_tree_w8.ys,logs/synthesis/fir4_fir4_grouped_synth_arith_tree_w8.log,work/flows/fir4/fir4_grouped_synth_arith_tree_w8.json,work/flows/fir4/fir4_grouped_synth_arith_tree_w8.rtlil,work/flows/fir4/fir4_grouped_synth_arith_tree_w8.v
fir4,fir4_grouped,8,map_default,0,0.466551,work/ys_scripts/fir4_fir4_grouped_map_default_w8.ys,logs/synthesis/fir4_fir4_grouped_map_default_w8.log,work/flows/fir4/fir4_grouped_map_default_w8.json,work/flows/fir4/fir4_grouped_map_default_w8.rtlil,work/flows/fir4/fir4_grouped_map_default_w8.v
fir4,fir4_grouped,8,map_simple,0,0.494586,work/ys_scripts/fir4_fir4_grouped_map_simple_w8.ys,logs/synthesis/fir4_fir4_grouped_map_simple_w8.log,work/flows/fir4/fir4_grouped_map_simple_w8.json,work/flows/fir4/fir4_grouped_map_simple_w8.rtlil,work/flows/fir4/fir4_grouped_map_simple_w8.v
fir4,fir4_grouped,8,map_gates,0,0.426621,work/ys_scripts/fir4_fir4_grouped_map_gates_w8.ys,logs/synthesis/fir4_fir4_grouped_map_gates_w8.log,work/flows/fir4/fir4_grouped_map_gates_w8.json,work/flows/fir4/fir4_grouped_map_gates_w8.rtlil,work/flows/fir4/fir4_grouped_map_gates_w8.v
fir4,fir4_grouped,16,synth_normal,0,0.542979,work/ys_scripts/fir4_fir4_grouped_synth_normal_w16.ys,logs/synthesis/fir4_fir4_grouped_synth_normal_w16.log,work/flows/fir4/fir4_grouped_synth_normal_w16.json,work/flows/fir4/fir4_grouped_synth_normal_w16.rtlil,work/flows/fir4/fir4_grouped_synth_normal_w16.v
fir4,fir4_grouped,16,synth_arith_tree,0,0.635873,work/ys_scripts/fir4_fir4_grouped_synth_arith_tree_w16.ys,logs/synthesis/fir4_fir4_grouped_synth_arith_tree_w16.log,work/flows/fir4/fir4_grouped_synth_arith_tree_w16.json,work/flows/fir4/fir4_grouped_synth_arith_tree_w16.rtlil,work/flows/fir4/fir4_grouped_synth_arith_tree_w16.v
fir4,fir4_grouped,16,map_default,0,0.579948,work/ys_scripts/fir4_fir4_grouped_map_default_w16.ys,logs/synthesis/fir4_fir4_grouped_map_default_w16.log,work/flows/fir4/fir4_grouped_map_default_w16.json,work/flows/fir4/fir4_grouped_map_default_w16.rtlil,work/flows/fir4/fir4_grouped_map_default_w16.v
fir4,fir4_grouped,16,map_simple,0,0.495998,work/ys_scripts/fir4_fir4_grouped_map_simple_w16.ys,logs/synthesis/fir4_fir4_grouped_map_simple_w16.log,work/flows/fir4/fir4_grouped_map_simple_w16.json,work/flows/fir4/fir4_grouped_map_simple_w16.rtlil,work/flows/fir4/fir4_grouped_map_simple_w16.v
fir4,fir4_grouped,16,map_gates,0,0.521869,work/ys_scripts/fir4_fir4_grouped_map_gates_w16.ys,logs/synthesis/fir4_fir4_grouped_map_gates_w16.log,work/flows/fir4/fir4_grouped_map_gates_w16.json,work/flows/fir4/fir4_grouped_map_gates_w16.rtlil,work/flows/fir4/fir4_grouped_map_gates_w16.v
mapping,mapping_datapath,8,synth_normal,0,0.506626,work/ys_scripts/mapping_mapping_datapath_synth_normal_w8.ys,logs/synthesis/mapping_mapping_datapath_synth_normal_w8.log,work/flows/mapping/mapping_datapath_synth_normal_w8.json,work/flows/mapping/mapping_datapath_synth_normal_w8.rtlil,work/flows/mapping/mapping_datapath_synth_normal_w8.v
mapping,mapping_datapath,8,map_default,0,0.390252,work/ys_scripts/mapping_mapping_datapath_map_default_w8.ys,logs/synthesis/mapping_mapping_datapath_map_default_w8.log,work/flows/mapping/mapping_datapath_map_default_w8.json,work/flows/mapping/mapping_datapath_map_default_w8.rtlil,work/flows/mapping/mapping_datapath_map_default_w8.v
mapping,mapping_datapath,8,map_simple,0,0.371700,work/ys_scripts/mapping_mapping_datapath_map_simple_w8.ys,logs/synthesis/mapping_mapping_datapath_map_simple_w8.log,work/flows/mapping/mapping_datapath_map_simple_w8.json,work/flows/mapping/mapping_datapath_map_simple_w8.rtlil,work/flows/mapping/mapping_datapath_map_simple_w8.v
mapping,mapping_datapath,8,map_gates,0,0.445170,work/ys_scripts/mapping_mapping_datapath_map_gates_w8.ys,logs/synthesis/mapping_mapping_datapath_map_gates_w8.log,work/flows/mapping/mapping_datapath_map_gates_w8.json,work/flows/mapping/mapping_datapath_map_gates_w8.rtlil,work/flows/mapping/mapping_datapath_map_gates_w8.v
mapping,mapping_datapath,16,synth_normal,0,0.447679,work/ys_scripts/mapping_mapping_datapath_synth_normal_w16.ys,logs/synthesis/mapping_mapping_datapath_synth_normal_w16.log,work/flows/mapping/mapping_datapath_synth_normal_w16.json,work/flows/mapping/mapping_datapath_synth_normal_w16.rtlil,work/flows/mapping/mapping_datapath_synth_normal_w16.v
mapping,mapping_datapath,16,map_default,0,0.437522,work/ys_scripts/mapping_mapping_datapath_map_default_w16.ys,logs/synthesis/mapping_mapping_datapath_map_default_w16.log,work/flows/mapping/mapping_datapath_map_default_w16.json,work/flows/mapping/mapping_datapath_map_default_w16.rtlil,work/flows/mapping/mapping_datapath_map_default_w16.v
mapping,mapping_datapath,16,map_simple,0,0.445407,work/ys_scripts/mapping_mapping_datapath_map_simple_w16.ys,logs/synthesis/mapping_mapping_datapath_map_simple_w16.log,work/flows/mapping/mapping_datapath_map_simple_w16.json,work/flows/mapping/mapping_datapath_map_simple_w16.rtlil,work/flows/mapping/mapping_datapath_map_simple_w16.v
mapping,mapping_datapath,16,map_gates,0,0.395219,work/ys_scripts/mapping_mapping_datapath_map_gates_w16.ys,logs/synthesis/mapping_mapping_datapath_map_gates_w16.log,work/flows/mapping/mapping_datapath_map_gates_w16.json,work/flows/mapping/mapping_datapath_map_gates_w16.rtlil,work/flows/mapping/mapping_datapath_map_gates_w16.v
mapping,mapping_datapath,32,synth_normal,0,0.593258,work/ys_scripts/mapping_mapping_datapath_synth_normal_w32.ys,logs/synthesis/mapping_mapping_datapath_synth_normal_w32.log,work/flows/mapping/mapping_datapath_synth_normal_w32.json,work/flows/mapping/mapping_datapath_synth_normal_w32.rtlil,work/flows/mapping/mapping_datapath_synth_normal_w32.v
mapping,mapping_datapath,32,map_default,0,0.496656,work/ys_scripts/mapping_mapping_datapath_map_default_w32.ys,logs/synthesis/mapping_mapping_datapath_map_default_w32.log,work/flows/mapping/mapping_datapath_map_default_w32.json,work/flows/mapping/mapping_datapath_map_default_w32.rtlil,work/flows/mapping/mapping_datapath_map_default_w32.v
mapping,mapping_datapath,32,map_simple,0,0.516756,work/ys_scripts/mapping_mapping_datapath_map_simple_w32.ys,logs/synthesis/mapping_mapping_datapath_map_simple_w32.log,work/flows/mapping/mapping_datapath_map_simple_w32.json,work/flows/mapping/mapping_datapath_map_simple_w32.rtlil,work/flows/mapping/mapping_datapath_map_simple_w32.v
mapping,mapping_datapath,32,map_gates,0,0.531733,work/ys_scripts/mapping_mapping_datapath_map_gates_w32.ys,logs/synthesis/mapping_mapping_datapath_map_gates_w32.log,work/flows/mapping/mapping_datapath_map_gates_w32.json,work/flows/mapping/mapping_datapath_map_gates_w32.rtlil,work/flows/mapping/mapping_datapath_map_gates_w32.v
resource_share,multi_operator,16,early,0,0.237749,work/ys_scripts/resource_share_multi_operator_early_w16.ys,logs/synthesis/resource_share_multi_operator_early_w16.log,work/flows/resource_share/multi_operator_early_w16.json,work/flows/resource_share/multi_operator_early_w16.rtlil,
resource_share,multi_operator,16,opt_share,0,0.227059,work/ys_scripts/resource_share_multi_operator_opt_share_w16.ys,logs/synthesis/resource_share_multi_operator_opt_share_w16.log,work/flows/resource_share/multi_operator_opt_share_w16.json,work/flows/resource_share/multi_operator_opt_share_w16.rtlil,
resource_share,multi_operator,16,explicit_share,0,0.211349,work/ys_scripts/resource_share_multi_operator_explicit_share_w16.ys,logs/synthesis/resource_share_multi_operator_explicit_share_w16.log,work/flows/resource_share/multi_operator_explicit_share_w16.json,work/flows/resource_share/multi_operator_explicit_share_w16.rtlil,
resource_share,multi_operator,16,explicit_share_aggressive,0,0.286486,work/ys_scripts/resource_share_multi_operator_explicit_share_aggressive_w16.ys,logs/synthesis/resource_share_multi_operator_explicit_share_aggressive_w16.log,work/flows/resource_share/multi_operator_explicit_share_aggressive_w16.json,work/flows/resource_share/multi_operator_explicit_share_aggressive_w16.rtlil,
resource_share,multi_operator,16,synth_noshare,0,0.533306,work/ys_scripts/resource_share_multi_operator_synth_noshare_w16.ys,logs/synthesis/resource_share_multi_operator_synth_noshare_w16.log,work/flows/resource_share/multi_operator_synth_noshare_w16.json,work/flows/resource_share/multi_operator_synth_noshare_w16.rtlil,
resource_share,multi_operator,16,synth_normal,0,0.485564,work/ys_scripts/resource_share_multi_operator_synth_normal_w16.ys,logs/synthesis/resource_share_multi_operator_synth_normal_w16.log,work/flows/resource_share/multi_operator_synth_normal_w16.json,work/flows/resource_share/multi_operator_synth_normal_w16.rtlil,work/flows/resource_share/multi_operator_synth_normal_w16.v
