case,top,width,flow,returncode,runtime_seconds,script,log,json,rtlil,module,total_cells,muxes,arithmetic_operators,cell_types,structure_signature,metric_status
baseline,unshared,8,early,0,0.957761,work/ys_scripts/baseline_unshared_early_w8.ys,logs/synthesis/baseline_unshared_early_w8.log,work/flows/baseline/unshared_early_w8.json,work/flows/baseline/unshared_early_w8.rtlil,unshared,3,1,2,$add:2;$mux:1,af47b16aef4eb03a24b3b2c9c12e804a4bb5b5b54a080041f3fb0a7341de8064,OK
baseline,unshared,8,opt_share,0,0.758881,work/ys_scripts/baseline_unshared_opt_share_w8.ys,logs/synthesis/baseline_unshared_opt_share_w8.log,work/flows/baseline/unshared_opt_share_w8.json,work/flows/baseline/unshared_opt_share_w8.rtlil,unshared,3,2,1,$add:1;$mux:2,b2ffd30160d3a57ee980eccd486597779003d5bbe09c3d730f52a2c5aa5ddf3c,OK
baseline,unshared,8,explicit_share,0,0.967673,work/ys_scripts/baseline_unshared_explicit_share_w8.ys,logs/synthesis/baseline_unshared_explicit_share_w8.log,work/flows/baseline/unshared_explicit_share_w8.json,work/flows/baseline/unshared_explicit_share_w8.rtlil,unshared,3,1,2,$add:2;$mux:1,af47b16aef4eb03a24b3b2c9c12e804a4bb5b5b54a080041f3fb0a7341de8064,OK
baseline,unshared,8,explicit_share_aggressive,0,0.934100,work/ys_scripts/baseline_unshared_explicit_share_aggressive_w8.ys,logs/synthesis/baseline_unshared_explicit_share_aggressive_w8.log,work/flows/baseline/unshared_explicit_share_aggressive_w8.json,work/flows/baseline/unshared_explicit_share_aggressive_w8.rtlil,unshared,5,3,2,$add:1;$eq:1;$mux:3,d69b7df4318dccf4b5507b4299517596945138c327bc9fa1f017f4aaf9bb87ac,OK
baseline,unshared,8,explicit_share_force,0,0.969690,work/ys_scripts/baseline_unshared_explicit_share_force_w8.ys,logs/synthesis/baseline_unshared_explicit_share_force_w8.log,work/flows/baseline/unshared_explicit_share_force_w8.json,work/flows/baseline/unshared_explicit_share_force_w8.rtlil,unshared,5,3,2,$add:1;$eq:1;$mux:3,d69b7df4318dccf4b5507b4299517596945138c327bc9fa1f017f4aaf9bb87ac,OK
baseline,unshared,8,explicit_share_force_aggressive,0,1.034900,work/ys_scripts/baseline_unshared_explicit_share_force_aggressive_w8.ys,logs/synthesis/baseline_unshared_explicit_share_force_aggressive_w8.log,work/flows/baseline/unshared_explicit_share_force_aggressive_w8.json,work/flows/baseline/unshared_explicit_share_force_aggressive_w8.rtlil,unshared,5,3,2,$add:1;$eq:1;$mux:3,d69b7df4318dccf4b5507b4299517596945138c327bc9fa1f017f4aaf9bb87ac,OK
baseline,unshared,8,opt_share_then_opt,0,1.098209,work/ys_scripts/baseline_unshared_opt_share_then_opt_w8.ys,logs/synthesis/baseline_unshared_opt_share_then_opt_w8.log,work/flows/baseline/unshared_opt_share_then_opt_w8.json,work/flows/baseline/unshared_opt_share_then_opt_w8.rtlil,unshared,2,1,1,$add:1;$mux:1,026f9cf56e62082141b8baed28868b5126f2663205df3d3c232e06fec9a4373a,OK
baseline,unshared,8,coarse_share,0,1.001989,work/ys_scripts/baseline_unshared_coarse_share_w8.ys,logs/synthesis/baseline_unshared_coarse_share_w8.log,work/flows/baseline/unshared_coarse_share_w8.json,work/flows/baseline/unshared_coarse_share_w8.rtlil,unshared,3,1,0,$alu:2;$mux:1,8409ff9438e7833df76a49a8fc611f830c625d93f465476d731f6977de3a9726,OK
baseline,unshared,8,mapped_manual,0,1.425270,work/ys_scripts/baseline_unshared_mapped_manual_w8.ys,logs/synthesis/baseline_unshared_mapped_manual_w8.log,work/flows/baseline/unshared_mapped_manual_w8.json,work/flows/baseline/unshared_mapped_manual_w8.rtlil,unshared,88,8,0,$_ANDNOT_:26;$_MUX_:8;$_NAND_:14;$_NOR_:6;$_ORNOT_:4;$_XNOR_:10;$_XOR_:20,cb29ba68c48798f54f25a7b669ee19cb03f6378679cd34aa3e46cc0c539d2458,OK
baseline,unshared,8,synth_noshare,0,1.136187,work/ys_scripts/baseline_unshared_synth_noshare_w8.ys,logs/synthesis/baseline_unshared_synth_noshare_w8.log,work/flows/baseline/unshared_synth_noshare_w8.json,work/flows/baseline/unshared_synth_noshare_w8.rtlil,unshared,48,8,0,$_ANDNOT_:10;$_AND_:1;$_MUX_:8;$_NAND_:6;$_NOR_:5;$_OR_:3;$_XNOR_:8;$_XOR_:7,c5f07d46ad9b585941b0af6f3d9a643bb32046e8f07a9675bb6e6006f7a9a8a6,OK
baseline,unshared,8,synth_normal,0,1.127024,work/ys_scripts/baseline_unshared_synth_normal_w8.ys,logs/synthesis/baseline_unshared_synth_normal_w8.log,work/flows/baseline/unshared_synth_normal_w8.json,work/flows/baseline/unshared_synth_normal_w8.rtlil,unshared,48,8,0,$_ANDNOT_:10;$_AND_:1;$_MUX_:8;$_NAND_:6;$_NOR_:5;$_OR_:3;$_XNOR_:8;$_XOR_:7,c5f07d46ad9b585941b0af6f3d9a643bb32046e8f07a9675bb6e6006f7a9a8a6,OK
baseline,shared,8,early,0,0.829303,work/ys_scripts/baseline_shared_early_w8.ys,logs/synthesis/baseline_shared_early_w8.log,work/flows/baseline/shared_early_w8.json,work/flows/baseline/shared_early_w8.rtlil,shared,2,1,1,$add:1;$mux:1,026f9cf56e62082141b8baed28868b5126f2663205df3d3c232e06fec9a4373a,OK
baseline,shared,8,opt_share,0,1.005036,work/ys_scripts/baseline_shared_opt_share_w8.ys,logs/synthesis/baseline_shared_opt_share_w8.log,work/flows/baseline/shared_opt_share_w8.json,work/flows/baseline/shared_opt_share_w8.rtlil,shared,2,1,1,$add:1;$mux:1,026f9cf56e62082141b8baed28868b5126f2663205df3d3c232e06fec9a4373a,OK
baseline,shared,8,explicit_share,0,1.006870,work/ys_scripts/baseline_shared_explicit_share_w8.ys,logs/synthesis/baseline_shared_explicit_share_w8.log,work/flows/baseline/shared_explicit_share_w8.json,work/flows/baseline/shared_explicit_share_w8.rtlil,shared,2,1,1,$add:1;$mux:1,026f9cf56e62082141b8baed28868b5126f2663205df3d3c232e06fec9a4373a,OK
baseline,shared,8,explicit_share_aggressive,0,0.853945,work/ys_scripts/baseline_shared_explicit_share_aggressive_w8.ys,logs/synthesis/baseline_shared_explicit_share_aggressive_w8.log,work/flows/baseline/shared_explicit_share_aggressive_w8.json,work/flows/baseline/shared_explicit_share_aggressive_w8.rtlil,shared,2,1,1,$add:1;$mux:1,026f9cf56e62082141b8baed28868b5126f2663205df3d3c232e06fec9a4373a,OK
baseline,shared,8,explicit_share_force,0,0.963660,work/ys_scripts/baseline_shared_explicit_share_force_w8.ys,logs/synthesis/baseline_shared_explicit_share_force_w8.log,work/flows/baseline/shared_explicit_share_force_w8.json,work/flows/baseline/shared_explicit_share_force_w8.rtlil,shared,2,1,1,$add:1;$mux:1,026f9cf56e62082141b8baed28868b5126f2663205df3d3c232e06fec9a4373a,OK
baseline,shared,8,explicit_share_force_aggressive,0,0.953079,work/ys_scripts/baseline_shared_explicit_share_force_aggressive_w8.ys,logs/synthesis/baseline_shared_explicit_share_force_aggressive_w8.log,work/flows/baseline/shared_explicit_share_force_aggressive_w8.json,work/flows/baseline/shared_explicit_share_force_aggressive_w8.rtlil,shared,2,1,1,$add:1;$mux:1,026f9cf56e62082141b8baed28868b5126f2663205df3d3c232e06fec9a4373a,OK
baseline,shared,8,opt_share_then_opt,0,1.150262,work/ys_scripts/baseline_shared_opt_share_then_opt_w8.ys,logs/synthesis/baseline_shared_opt_share_then_opt_w8.log,work/flows/baseline/shared_opt_share_then_opt_w8.json,work/flows/baseline/shared_opt_share_then_opt_w8.rtlil,shared,2,1,1,$add:1;$mux:1,026f9cf56e62082141b8baed28868b5126f2663205df3d3c232e06fec9a4373a,OK
baseline,shared,8,coarse_share,0,0.968019,work/ys_scripts/baseline_shared_coarse_share_w8.ys,logs/synthesis/baseline_shared_coarse_share_w8.log,work/flows/baseline/shared_coarse_share_w8.json,work/flows/baseline/shared_coarse_share_w8.rtlil,shared,2,1,0,$alu:1;$mux:1,afc885d1f4badf3adc5c71e031e83fba159c23f9e3071b79c23daa0a7e79ad50,OK
baseline,shared,8,mapped_manual,0,0.899402,work/ys_scripts/baseline_shared_mapped_manual_w8.ys,logs/synthesis/baseline_shared_mapped_manual_w8.log,work/flows/baseline/shared_mapped_manual_w8.json,work/flows/baseline/shared_mapped_manual_w8.rtlil,shared,48,8,0,$_ANDNOT_:13;$_MUX_:8;$_NAND_:7;$_NOR_:3;$_ORNOT_:2;$_XNOR_:5;$_XOR_:10,d61278845eac6009755a89eba7253cccd326a84e9cf2db1538c18d86fff4a1b6,OK
baseline,shared,8,synth_noshare,0,1.155134,work/ys_scripts/baseline_shared_synth_noshare_w8.ys,logs/synthesis/baseline_shared_synth_noshare_w8.log,work/flows/baseline/shared_synth_noshare_w8.json,work/flows/baseline/shared_synth_noshare_w8.rtlil,shared,48,8,0,$_ANDNOT_:10;$_AND_:1;$_MUX_:8;$_NAND_:6;$_NOR_:5;$_OR_:3;$_XNOR_:8;$_XOR_:7,c5f07d46ad9b585941b0af6f3d9a643bb32046e8f07a9675bb6e6006f7a9a8a6,OK
baseline,shared,8,synth_normal,0,1.595232,work/ys_scripts/baseline_shared_synth_normal_w8.ys,logs/synthesis/baseline_shared_synth_normal_w8.log,work/flows/baseline/shared_synth_normal_w8.json,work/flows/baseline/shared_synth_normal_w8.rtlil,shared,48,8,0,$_ANDNOT_:10;$_AND_:1;$_MUX_:8;$_NAND_:6;$_NOR_:5;$_OR_:3;$_XNOR_:8;$_XOR_:7,c5f07d46ad9b585941b0af6f3d9a643bb32046e8f07a9675bb6e6006f7a9a8a6,OK
baseline,unshared,16,early,0,0.927733,work/ys_scripts/baseline_unshared_early_w16.ys,logs/synthesis/baseline_unshared_early_w16.log,work/flows/baseline/unshared_early_w16.json,work/flows/baseline/unshared_early_w16.rtlil,unshared,3,1,2,$add:2;$mux:1,b2feef5cf37fbdd3a9b6bd9b67e3ef4e5e7cd9aa4d99ad31362eb6107905e417,OK
baseline,unshared,16,opt_share,0,0.911000,work/ys_scripts/baseline_unshared_opt_share_w16.ys,logs/synthesis/baseline_unshared_opt_share_w16.log,work/flows/baseline/unshared_opt_share_w16.json,work/flows/baseline/unshared_opt_share_w16.rtlil,unshared,3,2,1,$add:1;$mux:2,c5e5b4da9196de568b040483b9f0e00bfaa6df4b9458aa8bf02b7f36e3ab2097,OK
baseline,unshared,16,explicit_share,0,1.445263,work/ys_scripts/baseline_unshared_explicit_share_w16.ys,logs/synthesis/baseline_unshared_explicit_share_w16.log,work/flows/baseline/unshared_explicit_share_w16.json,work/flows/baseline/unshared_explicit_share_w16.rtlil,unshared,3,1,2,$add:2;$mux:1,b2feef5cf37fbdd3a9b6bd9b67e3ef4e5e7cd9aa4d99ad31362eb6107905e417,OK
baseline,unshared,16,explicit_share_aggressive,0,1.009449,work/ys_scripts/baseline_unshared_explicit_share_aggressive_w16.ys,logs/synthesis/baseline_unshared_explicit_share_aggressive_w16.log,work/flows/baseline/unshared_explicit_share_aggressive_w16.json,work/flows/baseline/unshared_explicit_share_aggressive_w16.rtlil,unshared,5,3,2,$add:1;$eq:1;$mux:3,7a38e8850733f3d2d0a070044781b63b835a87851f2ea0571ee4b21669159f76,OK
baseline,unshared,16,explicit_share_force,0,1.044470,work/ys_scripts/baseline_unshared_explicit_share_force_w16.ys,logs/synthesis/baseline_unshared_explicit_share_force_w16.log,work/flows/baseline/unshared_explicit_share_force_w16.json,work/flows/baseline/unshared_explicit_share_force_w16.rtlil,unshared,5,3,2,$add:1;$eq:1;$mux:3,7a38e8850733f3d2d0a070044781b63b835a87851f2ea0571ee4b21669159f76,OK
baseline,unshared,16,explicit_share_force_aggressive,0,1.030375,work/ys_scripts/baseline_unshared_explicit_share_force_aggressive_w16.ys,logs/synthesis/baseline_unshared_explicit_share_force_aggressive_w16.log,work/flows/baseline/unshared_explicit_share_force_aggressive_w16.json,work/flows/baseline/unshared_explicit_share_force_aggressive_w16.rtlil,unshared,5,3,2,$add:1;$eq:1;$mux:3,7a38e8850733f3d2d0a070044781b63b835a87851f2ea0571ee4b21669159f76,OK
baseline,unshared,16,opt_share_then_opt,0,0.965597,work/ys_scripts/baseline_unshared_opt_share_then_opt_w16.ys,logs/synthesis/baseline_unshared_opt_share_then_opt_w16.log,work/flows/baseline/unshared_opt_share_then_opt_w16.json,work/flows/baseline/unshared_opt_share_then_opt_w16.rtlil,unshared,2,1,1,$add:1;$mux:1,e91caea47b1342863854f5fadfeb6d877a43f44ccba091bf71494de288b7cb8e,OK
baseline,unshared,16,coarse_share,0,1.179386,work/ys_scripts/baseline_unshared_coarse_share_w16.ys,logs/synthesis/baseline_unshared_coarse_share_w16.log,work/flows/baseline/unshared_coarse_share_w16.json,work/flows/baseline/unshared_coarse_share_w16.rtlil,unshared,3,1,0,$alu:2;$mux:1,b3c4d24d1a671a5c6c240d85d8de2e374f2faa1b0ad88039f9ddb6aead5b92b6,OK
baseline,unshared,16,mapped_manual,0,1.082283,work/ys_scripts/baseline_unshared_mapped_manual_w16.ys,logs/synthesis/baseline_unshared_mapped_manual_w16.log,work/flows/baseline/unshared_mapped_manual_w16.json,work/flows/baseline/unshared_mapped_manual_w16.rtlil,unshared,212,16,0,$_ANDNOT_:68;$_MUX_:16;$_NAND_:30;$_NOR_:24;$_ORNOT_:10;$_OR_:2;$_XNOR_:22;$_XOR_:40,d5d1d7b4aa98bd991111b4eb0478651b51b5ba8b05a3334f8c56c66b54dbc004,OK
baseline,unshared,16,synth_noshare,0,1.072433,work/ys_scripts/baseline_unshared_synth_noshare_w16.ys,logs/synthesis/baseline_unshared_synth_noshare_w16.log,work/flows/baseline/unshared_synth_noshare_w16.json,work/flows/baseline/unshared_synth_noshare_w16.rtlil,unshared,118,16,0,$_ANDNOT_:27;$_AND_:1;$_MUX_:16;$_NAND_:10;$_NOR_:11;$_NOT_:4;$_ORNOT_:2;$_OR_:16;$_XNOR_:14;$_XOR_:17,515c57fea366b36fff188e7dbf3d711508de97e8dbd16493eb095f17e65a3f2d,OK
baseline,unshared,16,synth_normal,0,1.358511,work/ys_scripts/baseline_unshared_synth_normal_w16.ys,logs/synthesis/baseline_unshared_synth_normal_w16.log,work/flows/baseline/unshared_synth_normal_w16.json,work/flows/baseline/unshared_synth_normal_w16.rtlil,unshared,118,16,0,$_ANDNOT_:27;$_AND_:1;$_MUX_:16;$_NAND_:10;$_NOR_:11;$_NOT_:4;$_ORNOT_:2;$_OR_:16;$_XNOR_:14;$_XOR_:17,515c57fea366b36fff188e7dbf3d711508de97e8dbd16493eb095f17e65a3f2d,OK
baseline,shared,16,early,0,0.852291,work/ys_scripts/baseline_shared_early_w16.ys,logs/synthesis/baseline_shared_early_w16.log,work/flows/baseline/shared_early_w16.json,work/flows/baseline/shared_early_w16.rtlil,shared,2,1,1,$add:1;$mux:1,e91caea47b1342863854f5fadfeb6d877a43f44ccba091bf71494de288b7cb8e,OK
baseline,shared,16,opt_share,0,0.885159,work/ys_scripts/baseline_shared_opt_share_w16.ys,logs/synthesis/baseline_shared_opt_share_w16.log,work/flows/baseline/shared_opt_share_w16.json,work/flows/baseline/shared_opt_share_w16.rtlil,shared,2,1,1,$add:1;$mux:1,e91caea47b1342863854f5fadfeb6d877a43f44ccba091bf71494de288b7cb8e,OK
baseline,shared,16,explicit_share,0,1.445680,work/ys_scripts/baseline_shared_explicit_share_w16.ys,logs/synthesis/baseline_shared_explicit_share_w16.log,work/flows/baseline/shared_explicit_share_w16.json,work/flows/baseline/shared_explicit_share_w16.rtlil,shared,2,1,1,$add:1;$mux:1,e91caea47b1342863854f5fadfeb6d877a43f44ccba091bf71494de288b7cb8e,OK
baseline,shared,16,explicit_share_aggressive,0,0.963117,work/ys_scripts/baseline_shared_explicit_share_aggressive_w16.ys,logs/synthesis/baseline_shared_explicit_share_aggressive_w16.log,work/flows/baseline/shared_explicit_share_aggressive_w16.json,work/flows/baseline/shared_explicit_share_aggressive_w16.rtlil,shared,2,1,1,$add:1;$mux:1,e91caea47b1342863854f5fadfeb6d877a43f44ccba091bf71494de288b7cb8e,OK
baseline,shared,16,explicit_share_force,0,0.910892,work/ys_scripts/baseline_shared_explicit_share_force_w16.ys,logs/synthesis/baseline_shared_explicit_share_force_w16.log,work/flows/baseline/shared_explicit_share_force_w16.json,work/flows/baseline/shared_explicit_share_force_w16.rtlil,shared,2,1,1,$add:1;$mux:1,e91caea47b1342863854f5fadfeb6d877a43f44ccba091bf71494de288b7cb8e,OK
baseline,shared,16,explicit_share_force_aggressive,0,1.024297,work/ys_scripts/baseline_shared_explicit_share_force_aggressive_w16.ys,logs/synthesis/baseline_shared_explicit_share_force_aggressive_w16.log,work/flows/baseline/shared_explicit_share_force_aggressive_w16.json,work/flows/baseline/shared_explicit_share_force_aggressive_w16.rtlil,shared,2,1,1,$add:1;$mux:1,e91caea47b1342863854f5fadfeb6d877a43f44ccba091bf71494de288b7cb8e,OK
baseline,shared,16,opt_share_then_opt,0,1.221949,work/ys_scripts/baseline_shared_opt_share_then_opt_w16.ys,logs/synthesis/baseline_shared_opt_share_then_opt_w16.log,work/flows/baseline/shared_opt_share_then_opt_w16.json,work/flows/baseline/shared_opt_share_then_opt_w16.rtlil,shared,2,1,1,$add:1;$mux:1,e91caea47b1342863854f5fadfeb6d877a43f44ccba091bf71494de288b7cb8e,OK
baseline,shared,16,coarse_share,0,0.946606,work/ys_scripts/baseline_shared_coarse_share_w16.ys,logs/synthesis/baseline_shared_coarse_share_w16.log,work/flows/baseline/shared_coarse_share_w16.json,work/flows/baseline/shared_coarse_share_w16.rtlil,shared,2,1,0,$alu:1;$mux:1,6dad85e32cba820ca2c63272b67c2fac4e6dd1bfc729e6f2cf770ae35cfdf10b,OK
baseline,shared,16,mapped_manual,0,1.000354,work/ys_scripts/baseline_shared_mapped_manual_w16.ys,logs/synthesis/baseline_shared_mapped_manual_w16.log,work/flows/baseline/shared_mapped_manual_w16.json,work/flows/baseline/shared_mapped_manual_w16.rtlil,shared,114,16,0,$_ANDNOT_:34;$_MUX_:16;$_NAND_:15;$_NOR_:12;$_ORNOT_:5;$_OR_:1;$_XNOR_:11;$_XOR_:20,7dde48670d67e82cefa31dd4cb6d7f9869e058a12a72e95c2feb0b9cb814fc61,OK
baseline,shared,16,synth_noshare,0,1.145088,work/ys_scripts/baseline_shared_synth_noshare_w16.ys,logs/synthesis/baseline_shared_synth_noshare_w16.log,work/flows/baseline/shared_synth_noshare_w16.json,work/flows/baseline/shared_synth_noshare_w16.rtlil,shared,118,16,0,$_ANDNOT_:27;$_AND_:1;$_MUX_:16;$_NAND_:10;$_NOR_:11;$_NOT_:4;$_ORNOT_:2;$_OR_:16;$_XNOR_:14;$_XOR_:17,515c57fea366b36fff188e7dbf3d711508de97e8dbd16493eb095f17e65a3f2d,OK
baseline,shared,16,synth_normal,0,1.270949,work/ys_scripts/baseline_shared_synth_normal_w16.ys,logs/synthesis/baseline_shared_synth_normal_w16.log,work/flows/baseline/shared_synth_normal_w16.json,work/flows/baseline/shared_synth_normal_w16.rtlil,shared,118,16,0,$_ANDNOT_:27;$_AND_:1;$_MUX_:16;$_NAND_:10;$_NOR_:11;$_NOT_:4;$_ORNOT_:2;$_OR_:16;$_XNOR_:14;$_XOR_:17,515c57fea366b36fff188e7dbf3d711508de97e8dbd16493eb095f17e65a3f2d,OK
baseline,unshared,32,early,0,1.020396,work/ys_scripts/baseline_unshared_early_w32.ys,logs/synthesis/baseline_unshared_early_w32.log,work/flows/baseline/unshared_early_w32.json,work/flows/baseline/unshared_early_w32.rtlil,unshared,3,1,2,$add:2;$mux:1,9d12bf68cd8fb77949752136f08cb21fbfd481c9df93cc964dd6af8ce08499f5,OK
baseline,unshared,32,opt_share,0,0.873332,work/ys_scripts/baseline_unshared_opt_share_w32.ys,logs/synthesis/baseline_unshared_opt_share_w32.log,work/flows/baseline/unshared_opt_share_w32.json,work/flows/baseline/unshared_opt_share_w32.rtlil,unshared,3,2,1,$add:1;$mux:2,014356cb37d5a0116145cb3075b24f86bebf38b02ed19d596f1e4e18d8fa93dd,OK
baseline,unshared,32,explicit_share,0,0.912163,work/ys_scripts/baseline_unshared_explicit_share_w32.ys,logs/synthesis/baseline_unshared_explicit_share_w32.log,work/flows/baseline/unshared_explicit_share_w32.json,work/flows/baseline/unshared_explicit_share_w32.rtlil,unshared,3,1,2,$add:2;$mux:1,9d12bf68cd8fb77949752136f08cb21fbfd481c9df93cc964dd6af8ce08499f5,OK
baseline,unshared,32,explicit_share_aggressive,0,1.104690,work/ys_scripts/baseline_unshared_explicit_share_aggressive_w32.ys,logs/synthesis/baseline_unshared_explicit_share_aggressive_w32.log,work/flows/baseline/unshared_explicit_share_aggressive_w32.json,work/flows/baseline/unshared_explicit_share_aggressive_w32.rtlil,unshared,5,3,2,$add:1;$eq:1;$mux:3,bdc332e41cf5a5e35b343bf4828281366fe302cb2b4cb7e353fd0b4316e3b2b6,OK
baseline,unshared,32,explicit_share_force,0,1.119549,work/ys_scripts/baseline_unshared_explicit_share_force_w32.ys,logs/synthesis/baseline_unshared_explicit_share_force_w32.log,work/flows/baseline/unshared_explicit_share_force_w32.json,work/flows/baseline/unshared_explicit_share_force_w32.rtlil,unshared,5,3,2,$add:1;$eq:1;$mux:3,bdc332e41cf5a5e35b343bf4828281366fe302cb2b4cb7e353fd0b4316e3b2b6,OK
baseline,unshared,32,explicit_share_force_aggressive,0,0.866347,work/ys_scripts/baseline_unshared_explicit_share_force_aggressive_w32.ys,logs/synthesis/baseline_unshared_explicit_share_force_aggressive_w32.log,work/flows/baseline/unshared_explicit_share_force_aggressive_w32.json,work/flows/baseline/unshared_explicit_share_force_aggressive_w32.rtlil,unshared,5,3,2,$add:1;$eq:1;$mux:3,bdc332e41cf5a5e35b343bf4828281366fe302cb2b4cb7e353fd0b4316e3b2b6,OK
baseline,unshared,32,opt_share_then_opt,0,1.351508,work/ys_scripts/baseline_unshared_opt_share_then_opt_w32.ys,logs/synthesis/baseline_unshared_opt_share_then_opt_w32.log,work/flows/baseline/unshared_opt_share_then_opt_w32.json,work/flows/baseline/unshared_opt_share_then_opt_w32.rtlil,unshared,2,1,1,$add:1;$mux:1,d52e4f2aa9e7f2c2c315ab67c020fcba8f4045bbb738692da74e559037153d4a,OK
baseline,unshared,32,coarse_share,0,1.503192,work/ys_scripts/baseline_unshared_coarse_share_w32.ys,logs/synthesis/baseline_unshared_coarse_share_w32.log,work/flows/baseline/unshared_coarse_share_w32.json,work/flows/baseline/unshared_coarse_share_w32.rtlil,unshared,3,1,0,$alu:2;$mux:1,45d71c1faee8b85fabcd2d1a0ce6e6497bb9cb10aab1b4172b5a81d305d90731,OK
baseline,unshared,32,mapped_manual,0,1.251986,work/ys_scripts/baseline_unshared_mapped_manual_w32.ys,logs/synthesis/baseline_unshared_mapped_manual_w32.log,work/flows/baseline/unshared_mapped_manual_w32.json,work/flows/baseline/unshared_mapped_manual_w32.rtlil,unshared,472,32,0,$_ANDNOT_:162;$_AND_:8;$_MUX_:32;$_NAND_:62;$_NOR_:56;$_ORNOT_:24;$_OR_:2;$_XNOR_:44;$_XOR_:82,8da627b57eeb98b9e7f9e842ad5871d62602b71956e97e079512c74397639489,OK
baseline,unshared,32,synth_noshare,0,1.124705,work/ys_scripts/baseline_unshared_synth_noshare_w32.ys,logs/synthesis/baseline_unshared_synth_noshare_w32.log,work/flows/baseline/unshared_synth_noshare_w32.json,work/flows/baseline/unshared_synth_noshare_w32.rtlil,unshared,262,32,0,$_ANDNOT_:57;$_AND_:3;$_MUX_:32;$_NAND_:18;$_NOR_:28;$_NOT_:10;$_ORNOT_:8;$_OR_:43;$_XNOR_:24;$_XOR_:39,fc601fe8bb7ee2289f481a4220eea1d9208227ac51dd3ccb7214c10999e5ee38,OK
baseline,unshared,32,synth_normal,0,1.018608,work/ys_scripts/baseline_unshared_synth_normal_w32.ys,logs/synthesis/baseline_unshared_synth_normal_w32.log,work/flows/baseline/unshared_synth_normal_w32.json,work/flows/baseline/unshared_synth_normal_w32.rtlil,unshared,262,32,0,$_ANDNOT_:57;$_AND_:3;$_MUX_:32;$_NAND_:18;$_NOR_:28;$_NOT_:10;$_ORNOT_:8;$_OR_:43;$_XNOR_:24;$_XOR_:39,fc601fe8bb7ee2289f481a4220eea1d9208227ac51dd3ccb7214c10999e5ee38,OK
baseline,shared,32,early,0,0.826878,work/ys_scripts/baseline_shared_early_w32.ys,logs/synthesis/baseline_shared_early_w32.log,work/flows/baseline/shared_early_w32.json,work/flows/baseline/shared_early_w32.rtlil,shared,2,1,1,$add:1;$mux:1,d52e4f2aa9e7f2c2c315ab67c020fcba8f4045bbb738692da74e559037153d4a,OK
baseline,shared,32,opt_share,0,1.009529,work/ys_scripts/baseline_shared_opt_share_w32.ys,logs/synthesis/baseline_shared_opt_share_w32.log,work/flows/baseline/shared_opt_share_w32.json,work/flows/baseline/shared_opt_share_w32.rtlil,shared,2,1,1,$add:1;$mux:1,d52e4f2aa9e7f2c2c315ab67c020fcba8f4045bbb738692da74e559037153d4a,OK
baseline,shared,32,explicit_share,0,0.916291,work/ys_scripts/baseline_shared_explicit_share_w32.ys,logs/synthesis/baseline_shared_explicit_share_w32.log,work/flows/baseline/shared_explicit_share_w32.json,work/flows/baseline/shared_explicit_share_w32.rtlil,shared,2,1,1,$add:1;$mux:1,d52e4f2aa9e7f2c2c315ab67c020fcba8f4045bbb738692da74e559037153d4a,OK
baseline,shared,32,explicit_share_aggressive,0,0.944346,work/ys_scripts/baseline_shared_explicit_share_aggressive_w32.ys,logs/synthesis/baseline_shared_explicit_share_aggressive_w32.log,work/flows/baseline/shared_explicit_share_aggressive_w32.json,work/flows/baseline/shared_explicit_share_aggressive_w32.rtlil,shared,2,1,1,$add:1;$mux:1,d52e4f2aa9e7f2c2c315ab67c020fcba8f4045bbb738692da74e559037153d4a,OK
baseline,shared,32,explicit_share_force,0,0.885122,work/ys_scripts/baseline_shared_explicit_share_force_w32.ys,logs/synthesis/baseline_shared_explicit_share_force_w32.log,work/flows/baseline/shared_explicit_share_force_w32.json,work/flows/baseline/shared_explicit_share_force_w32.rtlil,shared,2,1,1,$add:1;$mux:1,d52e4f2aa9e7f2c2c315ab67c020fcba8f4045bbb738692da74e559037153d4a,OK
baseline,shared,32,explicit_share_force_aggressive,0,0.922185,work/ys_scripts/baseline_shared_explicit_share_force_aggressive_w32.ys,logs/synthesis/baseline_shared_explicit_share_force_aggressive_w32.log,work/flows/baseline/shared_explicit_share_force_aggressive_w32.json,work/flows/baseline/shared_explicit_share_force_aggressive_w32.rtlil,shared,2,1,1,$add:1;$mux:1,d52e4f2aa9e7f2c2c315ab67c020fcba8f4045bbb738692da74e559037153d4a,OK
baseline,shared,32,opt_share_then_opt,0,0.961208,work/ys_scripts/baseline_shared_opt_share_then_opt_w32.ys,logs/synthesis/baseline_shared_opt_share_then_opt_w32.log,work/flows/baseline/shared_opt_share_then_opt_w32.json,work/flows/baseline/shared_opt_share_then_opt_w32.rtlil,shared,2,1,1,$add:1;$mux:1,d52e4f2aa9e7f2c2c315ab67c020fcba8f4045bbb738692da74e559037153d4a,OK
baseline,shared,32,coarse_share,0,0.984064,work/ys_scripts/baseline_shared_coarse_share_w32.ys,logs/synthesis/baseline_shared_coarse_share_w32.log,work/flows/baseline/shared_coarse_share_w32.json,work/flows/baseline/shared_coarse_share_w32.rtlil,shared,2,1,0,$alu:1;$mux:1,4d0860845d8342736b4d79a297955c5d644fee6bcb5146873de73c95c8c4a9ed,OK
baseline,shared,32,mapped_manual,0,1.183447,work/ys_scripts/baseline_shared_mapped_manual_w32.ys,logs/synthesis/baseline_shared_mapped_manual_w32.log,work/flows/baseline/shared_mapped_manual_w32.json,work/flows/baseline/shared_mapped_manual_w32.rtlil,shared,252,32,0,$_ANDNOT_:81;$_AND_:4;$_MUX_:32;$_NAND_:31;$_NOR_:28;$_ORNOT_:12;$_OR_:1;$_XNOR_:22;$_XOR_:41,8beef83a4533f718574fe4f4175dd3119d73dfe239e7b910b18b283c027ce51f,OK
baseline,shared,32,synth_noshare,0,1.165029,work/ys_scripts/baseline_shared_synth_noshare_w32.ys,logs/synthesis/baseline_shared_synth_noshare_w32.log,work/flows/baseline/shared_synth_noshare_w32.json,work/flows/baseline/shared_synth_noshare_w32.rtlil,shared,262,32,0,$_ANDNOT_:57;$_AND_:3;$_MUX_:32;$_NAND_:18;$_NOR_:28;$_NOT_:10;$_ORNOT_:8;$_OR_:43;$_XNOR_:24;$_XOR_:39,fc601fe8bb7ee2289f481a4220eea1d9208227ac51dd3ccb7214c10999e5ee38,OK
baseline,shared,32,synth_normal,0,1.357519,work/ys_scripts/baseline_shared_synth_normal_w32.ys,logs/synthesis/baseline_shared_synth_normal_w32.log,work/flows/baseline/shared_synth_normal_w32.json,work/flows/baseline/shared_synth_normal_w32.rtlil,shared,262,32,0,$_ANDNOT_:57;$_AND_:3;$_MUX_:32;$_NAND_:18;$_NOR_:28;$_NOT_:10;$_ORNOT_:8;$_OR_:43;$_XNOR_:24;$_XOR_:39,fc601fe8bb7ee2289f481a4220eea1d9208227ac51dd3ccb7214c10999e5ee38,OK
baseline,unshared,64,early,0,1.026332,work/ys_scripts/baseline_unshared_early_w64.ys,logs/synthesis/baseline_unshared_early_w64.log,work/flows/baseline/unshared_early_w64.json,work/flows/baseline/unshared_early_w64.rtlil,unshared,3,1,2,$add:2;$mux:1,2b46e549b0208daaace211964e222a343d329bd15ea586d34b407b7eced551ab,OK
baseline,unshared,64,opt_share,0,1.037504,work/ys_scripts/baseline_unshared_opt_share_w64.ys,logs/synthesis/baseline_unshared_opt_share_w64.log,work/flows/baseline/unshared_opt_share_w64.json,work/flows/baseline/unshared_opt_share_w64.rtlil,unshared,3,2,1,$add:1;$mux:2,b9741f096c1cd1929397e3c78f21bc457f0fdc24b18606f0235f15d08d0c2650,OK
baseline,unshared,64,explicit_share,0,0.868440,work/ys_scripts/baseline_unshared_explicit_share_w64.ys,logs/synthesis/baseline_unshared_explicit_share_w64.log,work/flows/baseline/unshared_explicit_share_w64.json,work/flows/baseline/unshared_explicit_share_w64.rtlil,unshared,3,1,2,$add:2;$mux:1,2b46e549b0208daaace211964e222a343d329bd15ea586d34b407b7eced551ab,OK
baseline,unshared,64,explicit_share_aggressive,0,0.796647,work/ys_scripts/baseline_unshared_explicit_share_aggressive_w64.ys,logs/synthesis/baseline_unshared_explicit_share_aggressive_w64.log,work/flows/baseline/unshared_explicit_share_aggressive_w64.json,work/flows/baseline/unshared_explicit_share_aggressive_w64.rtlil,unshared,5,3,2,$add:1;$eq:1;$mux:3,7ef45b98fffea6888da4bd53e0a681c6d16a2b122ab2ff15b45265ae688c5df1,OK
baseline,unshared,64,explicit_share_force,0,0.951927,work/ys_scripts/baseline_unshared_explicit_share_force_w64.ys,logs/synthesis/baseline_unshared_explicit_share_force_w64.log,work/flows/baseline/unshared_explicit_share_force_w64.json,work/flows/baseline/unshared_explicit_share_force_w64.rtlil,unshared,5,3,2,$add:1;$eq:1;$mux:3,7ef45b98fffea6888da4bd53e0a681c6d16a2b122ab2ff15b45265ae688c5df1,OK
baseline,unshared,64,explicit_share_force_aggressive,0,0.806664,work/ys_scripts/baseline_unshared_explicit_share_force_aggressive_w64.ys,logs/synthesis/baseline_unshared_explicit_share_force_aggressive_w64.log,work/flows/baseline/unshared_explicit_share_force_aggressive_w64.json,work/flows/baseline/unshared_explicit_share_force_aggressive_w64.rtlil,unshared,5,3,2,$add:1;$eq:1;$mux:3,7ef45b98fffea6888da4bd53e0a681c6d16a2b122ab2ff15b45265ae688c5df1,OK
baseline,unshared,64,opt_share_then_opt,0,0.962927,work/ys_scripts/baseline_unshared_opt_share_then_opt_w64.ys,logs/synthesis/baseline_unshared_opt_share_then_opt_w64.log,work/flows/baseline/unshared_opt_share_then_opt_w64.json,work/flows/baseline/unshared_opt_share_then_opt_w64.rtlil,unshared,2,1,1,$add:1;$mux:1,525916b02a8ce38c0b02e0a0bb1bcf3b4e5e20c68c0b768717bd9ca86a3ce9a4,OK
baseline,unshared,64,coarse_share,0,0.994999,work/ys_scripts/baseline_unshared_coarse_share_w64.ys,logs/synthesis/baseline_unshared_coarse_share_w64.log,work/flows/baseline/unshared_coarse_share_w64.json,work/flows/baseline/unshared_coarse_share_w64.rtlil,unshared,3,1,0,$alu:2;$mux:1,14dbd172bebebd53da2a46337b1f92b6bf6ec0c53db88198b430611eec3e1e7b,OK
baseline,unshared,64,mapped_manual,0,1.310663,work/ys_scripts/baseline_unshared_mapped_manual_w64.ys,logs/synthesis/baseline_unshared_mapped_manual_w64.log,work/flows/baseline/unshared_mapped_manual_w64.json,work/flows/baseline/unshared_mapped_manual_w64.rtlil,unshared,1004,64,0,$_ANDNOT_:350;$_AND_:22;$_MUX_:64;$_NAND_:126;$_NOR_:136;$_ORNOT_:44;$_OR_:8;$_XNOR_:96;$_XOR_:158,97b8ce160f3e505ff500e1bd7f3aa3c75fda75514614707ecd039b9a29415d83,OK
baseline,unshared,64,synth_noshare,0,1.250872,work/ys_scripts/baseline_unshared_synth_noshare_w64.ys,logs/synthesis/baseline_unshared_synth_noshare_w64.log,work/flows/baseline/unshared_synth_noshare_w64.json,work/flows/baseline/unshared_synth_noshare_w64.rtlil,unshared,559,64,0,$_ANDNOT_:122;$_AND_:4;$_MUX_:64;$_NAND_:34;$_NOR_:67;$_NOT_:25;$_ORNOT_:13;$_OR_:103;$_XNOR_:44;$_XOR_:83,b29dd21aac9402d0a1452d311186e1ffddbb477c5d6021d6fd612dad63ae9302,OK
baseline,unshared,64,synth_normal,0,1.199675,work/ys_scripts/baseline_unshared_synth_normal_w64.ys,logs/synthesis/baseline_unshared_synth_normal_w64.log,work/flows/baseline/unshared_synth_normal_w64.json,work/flows/baseline/unshared_synth_normal_w64.rtlil,unshared,559,64,0,$_ANDNOT_:122;$_AND_:4;$_MUX_:64;$_NAND_:34;$_NOR_:67;$_NOT_:25;$_ORNOT_:13;$_OR_:103;$_XNOR_:44;$_XOR_:83,b29dd21aac9402d0a1452d311186e1ffddbb477c5d6021d6fd612dad63ae9302,OK
baseline,shared,64,early,0,1.157796,work/ys_scripts/baseline_shared_early_w64.ys,logs/synthesis/baseline_shared_early_w64.log,work/flows/baseline/shared_early_w64.json,work/flows/baseline/shared_early_w64.rtlil,shared,2,1,1,$add:1;$mux:1,525916b02a8ce38c0b02e0a0bb1bcf3b4e5e20c68c0b768717bd9ca86a3ce9a4,OK
baseline,shared,64,opt_share,0,0.989722,work/ys_scripts/baseline_shared_opt_share_w64.ys,logs/synthesis/baseline_shared_opt_share_w64.log,work/flows/baseline/shared_opt_share_w64.json,work/flows/baseline/shared_opt_share_w64.rtlil,shared,2,1,1,$add:1;$mux:1,525916b02a8ce38c0b02e0a0bb1bcf3b4e5e20c68c0b768717bd9ca86a3ce9a4,OK
baseline,shared,64,explicit_share,0,0.878919,work/ys_scripts/baseline_shared_explicit_share_w64.ys,logs/synthesis/baseline_shared_explicit_share_w64.log,work/flows/baseline/shared_explicit_share_w64.json,work/flows/baseline/shared_explicit_share_w64.rtlil,shared,2,1,1,$add:1;$mux:1,525916b02a8ce38c0b02e0a0bb1bcf3b4e5e20c68c0b768717bd9ca86a3ce9a4,OK
baseline,shared,64,explicit_share_aggressive,0,0.786280,work/ys_scripts/baseline_shared_explicit_share_aggressive_w64.ys,logs/synthesis/baseline_shared_explicit_share_aggressive_w64.log,work/flows/baseline/shared_explicit_share_aggressive_w64.json,work/flows/baseline/shared_explicit_share_aggressive_w64.rtlil,shared,2,1,1,$add:1;$mux:1,525916b02a8ce38c0b02e0a0bb1bcf3b4e5e20c68c0b768717bd9ca86a3ce9a4,OK
baseline,shared,64,explicit_share_force,0,1.002712,work/ys_scripts/baseline_shared_explicit_share_force_w64.ys,logs/synthesis/baseline_shared_explicit_share_force_w64.log,work/flows/baseline/shared_explicit_share_force_w64.json,work/flows/baseline/shared_explicit_share_force_w64.rtlil,shared,2,1,1,$add:1;$mux:1,525916b02a8ce38c0b02e0a0bb1bcf3b4e5e20c68c0b768717bd9ca86a3ce9a4,OK
baseline,shared,64,explicit_share_force_aggressive,0,1.058205,work/ys_scripts/baseline_shared_explicit_share_force_aggressive_w64.ys,logs/synthesis/baseline_shared_explicit_share_force_aggressive_w64.log,work/flows/baseline/shared_explicit_share_force_aggressive_w64.json,work/flows/baseline/shared_explicit_share_force_aggressive_w64.rtlil,shared,2,1,1,$add:1;$mux:1,525916b02a8ce38c0b02e0a0bb1bcf3b4e5e20c68c0b768717bd9ca86a3ce9a4,OK
baseline,shared,64,opt_share_then_opt,0,0.861104,work/ys_scripts/baseline_shared_opt_share_then_opt_w64.ys,logs/synthesis/baseline_shared_opt_share_then_opt_w64.log,work/flows/baseline/shared_opt_share_then_opt_w64.json,work/flows/baseline/shared_opt_share_then_opt_w64.rtlil,shared,2,1,1,$add:1;$mux:1,525916b02a8ce38c0b02e0a0bb1bcf3b4e5e20c68c0b768717bd9ca86a3ce9a4,OK
baseline,shared,64,coarse_share,0,0.971196,work/ys_scripts/baseline_shared_coarse_share_w64.ys,logs/synthesis/baseline_shared_coarse_share_w64.log,work/flows/baseline/shared_coarse_share_w64.json,work/flows/baseline/shared_coarse_share_w64.rtlil,shared,2,1,0,$alu:1;$mux:1,8811e4883074304205d3691c938d5ad6da79c621f4cb897cf53555abe9a1cac2,OK
baseline,shared,64,mapped_manual,0,1.230182,work/ys_scripts/baseline_shared_mapped_manual_w64.ys,logs/synthesis/baseline_shared_mapped_manual_w64.log,work/flows/baseline/shared_mapped_manual_w64.json,work/flows/baseline/shared_mapped_manual_w64.rtlil,shared,534,64,0,$_ANDNOT_:175;$_AND_:11;$_MUX_:64;$_NAND_:63;$_NOR_:68;$_ORNOT_:22;$_OR_:4;$_XNOR_:48;$_XOR_:79,1401da214130a26fd024faf0aeb9ceb95b0b92aa5f10187dccc04d12e9c85e27,OK
baseline,shared,64,synth_noshare,0,1.148988,work/ys_scripts/baseline_shared_synth_noshare_w64.ys,logs/synthesis/baseline_shared_synth_noshare_w64.log,work/flows/baseline/shared_synth_noshare_w64.json,work/flows/baseline/shared_synth_noshare_w64.rtlil,shared,559,64,0,$_ANDNOT_:122;$_AND_:4;$_MUX_:64;$_NAND_:34;$_NOR_:67;$_NOT_:25;$_ORNOT_:13;$_OR_:103;$_XNOR_:44;$_XOR_:83,b29dd21aac9402d0a1452d311186e1ffddbb477c5d6021d6fd612dad63ae9302,OK
baseline,shared,64,synth_normal,0,1.299693,work/ys_scripts/baseline_shared_synth_normal_w64.ys,logs/synthesis/baseline_shared_synth_normal_w64.log,work/flows/baseline/shared_synth_normal_w64.json,work/flows/baseline/shared_synth_normal_w64.rtlil,shared,559,64,0,$_ANDNOT_:122;$_AND_:4;$_MUX_:64;$_NAND_:34;$_NOR_:67;$_NOT_:25;$_ORNOT_:13;$_OR_:103;$_XNOR_:44;$_XOR_:83,b29dd21aac9402d0a1452d311186e1ffddbb477c5d6021d6fd612dad63ae9302,OK
