width,flow,unshared_total_cells,shared_total_cells,unshared_muxes,shared_muxes,unshared_arithmetic_operators,shared_arithmetic_operators,same_structure,unshared_status,shared_status
8,early,3,2,1,1,2,1,FALSE,OK,OK
8,opt_share,3,2,2,1,1,1,FALSE,OK,OK
8,explicit_share,3,2,1,1,2,1,FALSE,OK,OK
8,explicit_share_aggressive,5,2,3,1,2,1,FALSE,OK,OK
8,explicit_share_force,5,2,3,1,2,1,FALSE,OK,OK
8,explicit_share_force_aggressive,5,2,3,1,2,1,FALSE,OK,OK
8,opt_share_then_opt,2,2,1,1,1,1,TRUE,OK,OK
8,coarse_share,3,2,1,1,0,0,FALSE,OK,OK
8,mapped_manual,88,48,8,8,0,0,FALSE,OK,OK
8,synth_noshare,48,48,8,8,0,0,TRUE,OK,OK
8,synth_normal,48,48,8,8,0,0,TRUE,OK,OK
16,early,3,2,1,1,2,1,FALSE,OK,OK
16,opt_share,3,2,2,1,1,1,FALSE,OK,OK
16,explicit_share,3,2,1,1,2,1,FALSE,OK,OK
16,explicit_share_aggressive,5,2,3,1,2,1,FALSE,OK,OK
16,explicit_share_force,5,2,3,1,2,1,FALSE,OK,OK
16,explicit_share_force_aggressive,5,2,3,1,2,1,FALSE,OK,OK
16,opt_share_then_opt,2,2,1,1,1,1,TRUE,OK,OK
16,coarse_share,3,2,1,1,0,0,FALSE,OK,OK
16,mapped_manual,212,114,16,16,0,0,FALSE,OK,OK
16,synth_noshare,118,118,16,16,0,0,TRUE,OK,OK
16,synth_normal,118,118,16,16,0,0,TRUE,OK,OK
32,early,3,2,1,1,2,1,FALSE,OK,OK
32,opt_share,3,2,2,1,1,1,FALSE,OK,OK
32,explicit_share,3,2,1,1,2,1,FALSE,OK,OK
32,explicit_share_aggressive,5,2,3,1,2,1,FALSE,OK,OK
32,explicit_share_force,5,2,3,1,2,1,FALSE,OK,OK
32,explicit_share_force_aggressive,5,2,3,1,2,1,FALSE,OK,OK
32,opt_share_then_opt,2,2,1,1,1,1,TRUE,OK,OK
32,coarse_share,3,2,1,1,0,0,FALSE,OK,OK
32,mapped_manual,472,252,32,32,0,0,FALSE,OK,OK
32,synth_noshare,262,262,32,32,0,0,TRUE,OK,OK
32,synth_normal,262,262,32,32,0,0,TRUE,OK,OK
64,early,3,2,1,1,2,1,FALSE,OK,OK
64,opt_share,3,2,2,1,1,1,FALSE,OK,OK
64,explicit_share,3,2,1,1,2,1,FALSE,OK,OK
64,explicit_share_aggressive,5,2,3,1,2,1,FALSE,OK,OK
64,explicit_share_force,5,2,3,1,2,1,FALSE,OK,OK
64,explicit_share_force_aggressive,5,2,3,1,2,1,FALSE,OK,OK
64,opt_share_then_opt,2,2,1,1,1,1,TRUE,OK,OK
64,coarse_share,3,2,1,1,0,0,FALSE,OK,OK
64,mapped_manual,1004,534,64,64,0,0,FALSE,OK,OK
64,synth_noshare,559,559,64,64,0,0,TRUE,OK,OK
64,synth_normal,559,559,64,64,0,0,TRUE,OK,OK
